number,value,datetime_start,datetime_complete,duration,params_batch_size,params_dropout,params_hidden,params_lr,params_weight_decay,user_attrs_val_auc,user_attrs_val_f1,user_attrs_val_thr,state
0,0.7340553549934922,2025-12-21 03:52:53.991037,2025-12-21 04:52:51.562048,0 days 00:59:57.571011,32,0.3790608298143683,1024,0.00014870443579135048,5.680845748280916e-07,0.9372380053882141,0.727053140096127,0.6658387184143066,COMPLETE
1,0.7286639199524253,2025-12-21 04:52:51.562337,2025-12-21 05:25:21.597042,0 days 00:32:30.034705,16,0.06071226952456965,1024,2.8415080044902447e-05,2.6860562678999664e-07,0.9368960590686671,0.7251732101611772,0.6773542165756226,COMPLETE
2,0.7284234752584331,2025-12-21 05:25:21.597269,2025-12-21 06:52:42.076349,0 days 01:27:20.479080,64,0.10074559723420101,2048,1.928539380238763e-05,2.3609512541763548e-05,0.9372528503631644,0.7284308048634398,0.6743645668029785,COMPLETE
3,0.7331002330997461,2025-12-21 06:52:42.076586,2025-12-21 07:20:33.268998,0 days 00:27:51.192412,64,0.4261087067831223,512,0.0011995066038319618,2.86313083065074e-07,0.9358359230989346,0.7295742232446242,0.6015157699584961,COMPLETE
4,0.732427643236369,2025-12-21 07:20:33.269225,2025-12-21 08:08:06.568392,0 days 00:47:33.299167,64,0.3414186167535895,1024,0.00018512416506532366,8.57908809123224e-06,0.9376552003738887,0.7298919567822224,0.7423725724220276,COMPLETE
5,0.7267230955255061,2025-12-21 08:08:06.568637,2025-12-21 08:16:08.606958,0 days 00:08:02.038321,64,0.4716967338940833,2048,0.0006815175289215147,5.0977336972003356e-08,0.9375067506243846,0.7267230955255061,0.7446971535682678,PRUNED
6,0.6959954878731783,2025-12-21 08:16:08.607141,2025-12-21 08:18:07.949302,0 days 00:01:59.342161,32,0.3361551925068799,1024,1.9548420396855324e-05,7.695525373840116e-07,0.924107369096755,0.6959954878731783,0.7058621048927307,PRUNED
7,0.7329047340731538,2025-12-21 08:18:07.949473,2025-12-21 08:49:43.808161,0 days 00:31:35.858688,32,0.41614217672375237,512,0.0007190713840218203,1.257934721218359e-08,0.937128459710994,0.7277137659182468,0.6231480836868286,COMPLETE
8,0.7365339578449458,2025-12-21 08:49:43.808395,2025-12-21 09:19:34.880985,0 days 00:29:51.072590,32,0.40120382458457765,512,0.0012401048021701917,0.0001029501480882478,0.934388793989116,0.722471910111878,0.6332537531852722,COMPLETE
9,0.7149270482599002,2025-12-21 09:19:34.881226,2025-12-21 09:21:32.646413,0 days 00:01:57.765187,64,0.41324076015936434,512,0.0006464990933556533,1.608037974868319e-05,0.9336808422526891,0.7149270482599002,0.6884548664093018,PRUNED
10,0.7374847374842449,2025-12-21 09:21:32.646588,2025-12-21 09:52:11.083972,0 days 00:30:38.437384,16,0.21668549285693994,256,0.0023444273282162303,0.005386069033580467,0.9363411641429357,0.7291666666661736,0.8125302195549011,COMPLETE
11,0.7363751584278942,2025-12-21 09:52:11.084201,2025-12-21 10:22:56.111810,0 days 00:30:45.027609,16,0.20215000431769004,256,0.0029305832871796404,0.008416262758324534,0.9356792830184236,0.7174833635808757,0.6116678714752197,COMPLETE
12,0.7372093023250947,2025-12-21 10:22:56.112039,2025-12-21 10:51:33.035921,0 days 00:28:36.923882,16,0.2113471720696558,256,0.0025766780541046047,0.004241582788297603,0.9358615178833317,0.7247547605303857,0.6097288727760315,COMPLETE
13,0.718837339295215,2025-12-21 10:51:33.036149,2025-12-21 10:53:35.997298,0 days 00:02:02.961149,16,0.23301082522269012,256,0.00201276417078749,0.0055431720893247905,0.9364123176435598,0.718837339295215,0.5493055582046509,PRUNED
14,0.7197271176800168,2025-12-21 10:53:35.997468,2025-12-21 10:55:41.784187,0 days 00:02:05.786719,16,0.15658131598872158,256,0.0001868269619915526,0.0005761864605240456,0.933737150778363,0.7197271176800168,0.6490065455436707,PRUNED
15,0.7261384903301353,2025-12-21 10:55:41.784354,2025-12-21 11:01:51.498056,0 days 00:06:09.713702,16,0.2849689345678204,256,0.0003618477754767556,0.0011694977543087392,0.9373327060904837,0.7261384903301353,0.6673558354377747,PRUNED
16,0.7156806433079586,2025-12-21 11:01:51.498233,2025-12-21 11:03:57.493993,0 days 00:02:05.995760,16,0.14936356831197667,256,6.241343165179458e-05,0.0004839470887651458,0.9314167276249115,0.7156806433079586,0.6546383500099182,PRUNED
17,0.7331606217611603,2025-12-21 11:03:57.494161,2025-12-21 11:30:39.342697,0 days 00:26:41.848536,16,0.0021731055236357544,256,0.0028133270166127056,0.0018604574369162964,0.9376541765825127,0.7292682926824344,0.7052227854728699,COMPLETE
18,0.7359154929572587,2025-12-21 11:30:39.342939,2025-12-21 12:03:28.936489,0 days 00:32:49.593550,16,0.2668188701810405,256,0.0013971470027613392,9.042113882046563e-05,0.9360867519860274,0.7256740914414819,0.7339512705802917,COMPLETE
19,0.7255594817427391,2025-12-21 12:03:28.936718,2025-12-21 12:05:30.887067,0 days 00:02:01.950349,16,0.19869027285350094,256,0.0003663347742623164,0.00014815085078588984,0.9347460971793011,0.7255594817427391,0.7036749720573425,PRUNED
20,0.717887154861454,2025-12-21 12:05:30.887237,2025-12-21 12:07:34.882095,0 days 00:02:03.994858,16,0.3093050918519713,2048,6.569432562802035e-05,0.0032699252512924134,0.9323386517588992,0.717887154861454,0.701840341091156,PRUNED
21,0.7196796338667925,2025-12-21 12:07:34.882262,2025-12-21 12:09:33.893601,0 days 00:01:59.011339,32,0.23020362702219316,512,0.0012286020029821255,0.00016168496758061832,0.93543613256665,0.7196796338667925,0.7132860422134399,PRUNED
22,0.7197452229294399,2025-12-21 12:09:33.893773,2025-12-21 12:11:32.308412,0 days 00:01:58.414639,32,0.1568448265789456,512,0.001678534547856681,0.0004430217306605686,0.9364691380649216,0.7197452229294399,0.6711908578872681,PRUNED
23,0.7227272727267893,2025-12-21 12:11:32.308579,2025-12-21 12:13:30.090266,0 days 00:01:57.781687,32,0.49030617002644505,512,0.0029937846131543643,0.009759131870387643,0.9363483306825667,0.7227272727267893,0.733877956867218,PRUNED
24,0.7239117471670713,2025-12-21 12:13:30.090433,2025-12-21 12:15:29.269365,0 days 00:01:59.178932,32,0.0971117946720052,256,0.0009179947586542203,5.006037496237823e-06,0.9353030396877846,0.7239117471670713,0.5632398128509521,PRUNED
25,0.722318840579224,2025-12-21 12:15:29.269540,2025-12-21 12:17:36.060909,0 days 00:02:06.791369,16,0.19353633578824123,256,0.00043485285199602197,7.067598153346312e-05,0.9358297803506791,0.722318840579224,0.7003910541534424,PRUNED
26,0.7170675830464801,2025-12-21 12:17:36.061088,2025-12-21 12:19:33.293213,0 days 00:01:57.232125,32,0.29688449318777865,512,0.0019925735523713324,0.0017846495814190623,0.9341482030157823,0.7170675830464801,0.6689720749855042,PRUNED
27,0.7348784624076576,2025-12-21 12:19:33.293385,2025-12-21 12:46:14.948238,0 days 00:26:41.654853,16,0.24741899041780266,2048,0.0009367956512575069,3.712407451149502e-05,0.9372615525898593,0.7302204928659094,0.7906734943389893,COMPLETE
28,0.7262313860247159,2025-12-21 12:46:14.948467,2025-12-21 12:48:16.623769,0 days 00:02:01.675302,16,0.35348886343868263,256,0.0020382150698725634,0.00034121606517560247,0.9362157496993893,0.7262313860247159,0.5798197388648987,PRUNED
29,0.7237762237757368,2025-12-21 12:48:16.623953,2025-12-21 12:50:16.074763,0 days 00:01:59.450810,32,0.3725716321069291,1024,0.0004871470745393772,1.865943430774329e-06,0.9345920165772299,0.7237762237757368,0.782949686050415,PRUNED
30,0.7222222222217335,2025-12-21 12:50:16.074936,2025-12-21 12:52:14.587845,0 days 00:01:58.512909,32,0.12011655293805751,512,0.00025304753914451804,0.0011692245057993186,0.9338758745097959,0.7222222222217335,0.625672459602356,PRUNED
31,0.7382075471693228,2025-12-21 12:52:14.588018,2025-12-21 13:16:49.998757,0 days 00:24:35.410739,16,0.21330147908794356,256,0.0028100905342987306,0.004445628368671831,0.9357611863284948,0.7238848108408503,0.696166455745697,COMPLETE
32,0.7359050445098965,2025-12-21 13:16:49.998985,2025-12-21 13:43:23.445083,0 days 00:26:33.446098,16,0.1844912877272904,256,0.00207244421177061,0.0035274587640329717,0.9356088973613315,0.7230215827333224,0.7171663641929626,COMPLETE
33,0.7258732978088656,2025-12-21 13:43:23.445313,2025-12-21 13:45:27.226500,0 days 00:02:03.781187,16,0.2638619719806333,256,0.001433753444035768,0.0031286589969823347,0.9368034059491495,0.7258732978088656,0.7850977778434753,PRUNED
34,0.7147727272722441,2025-12-21 13:45:27.226673,2025-12-21 13:47:32.267451,0 days 00:02:05.040778,16,0.2229667527281071,256,0.00010213880005928587,0.000870559805429799,0.9313271458795213,0.7147727272722441,0.6657213568687439,PRUNED
35,0.734790313053262,2025-12-21 13:47:32.267619,2025-12-21 14:10:03.511395,0 days 00:22:31.243776,16,0.1333257300390659,1024,0.0010084895109574252,0.00022405317312649165,0.9328300716193256,0.7210496292065897,0.7322484254837036,COMPLETE
36,0.724725943970275,2025-12-21 14:10:03.511632,2025-12-21 14:12:01.353796,0 days 00:01:57.842164,64,0.31930563293622943,2048,0.0023130896297854464,0.00400691430225822,0.9370565383668378,0.724725943970275,0.8418506383895874,PRUNED
37,0.7254672897191389,2025-12-21 14:12:01.353974,2025-12-21 14:14:01.153405,0 days 00:01:59.799431,64,0.08034059718066017,256,0.0013725329504386036,0.009807049215431903,0.9353017599485646,0.7254672897191389,0.7471700310707092,PRUNED
38,0.7270501835980384,2025-12-21 14:14:01.153575,2025-12-21 14:16:03.121133,0 days 00:02:01.967558,16,0.2690500201968879,1024,0.0016998315478818503,0.0018623788495860162,0.9381578819394499,0.7270501835980384,0.5502305626869202,PRUNED
39,0.6792873051220143,2025-12-21 14:16:03.121310,2025-12-21 14:18:00.714311,0 days 00:01:57.593001,32,0.46121331991893266,512,1.2433201897784169e-05,4.694848807560619e-05,0.914595835319062,0.6792873051220143,0.6813116073608398,PRUNED
40,0.7210965435036819,2025-12-21 14:18:00.714483,2025-12-21 14:19:59.736316,0 days 00:01:59.021833,64,0.04369839222835581,256,0.000712507963336561,1.294755095565129e-07,0.9338497678297107,0.7210965435036819,0.693388044834137,PRUNED
41,0.7240099009896049,2025-12-21 14:19:59.736491,2025-12-21 14:22:05.124949,0 days 00:02:05.388458,16,0.18406786274756737,256,0.002939948253195253,0.006607035484930847,0.9362515823975455,0.7240099009896049,0.6492226719856262,PRUNED
42,0.7242371905579488,2025-12-21 14:22:05.125119,2025-12-21 14:24:08.028166,0 days 00:02:02.903047,16,0.20873320841253168,256,0.0022284833917862556,0.005656844036580252,0.9366078617963546,0.7242371905579488,0.7625607848167419,PRUNED
43,0.7271597265377282,2025-12-21 14:24:08.028334,2025-12-21 14:26:08.918836,0 days 00:02:00.890502,16,0.17277407362132083,256,0.0028529864353847205,0.0008227960575478667,0.9368064773232769,0.7271597265377282,0.6726203560829163,PRUNED
44,0.7200942840301539,2025-12-21 14:26:08.919007,2025-12-21 14:28:16.614966,0 days 00:02:07.695959,16,0.23868077843344093,256,0.0011417322797585721,0.0022431322633090717,0.9357233060475867,0.7200942840301539,0.7343910336494446,PRUNED
45,0.7330482590098922,2025-12-21 14:28:16.615140,2025-12-21 14:46:35.497893,0 days 00:18:18.882753,16,0.215942233223964,256,0.0016300573460086086,7.107600352718941e-06,0.936319664524042,0.7314702308622054,0.7958590388298035,COMPLETE
46,0.7243436754171712,2025-12-21 14:46:35.498122,2025-12-21 14:48:36.722562,0 days 00:02:01.224440,16,0.28795846465283115,2048,0.002438172322449363,0.009995414775090621,0.9351197810315005,0.7243436754171712,0.7300893664360046,PRUNED
47,0.7228773584900776,2025-12-21 14:48:36.722735,2025-12-21 14:50:36.663713,0 days 00:01:59.940978,16,0.25227886898034885,512,0.0008219502235118254,0.0013437286116180843,0.935849744282509,0.7228773584900776,0.800246000289917,PRUNED
48,0.7226993865025745,2025-12-21 14:50:36.663892,2025-12-21 14:52:35.518199,0 days 00:01:58.854307,64,0.16639591788293834,256,0.0016636787216831152,0.004634200789621409,0.9361794051055453,0.7226993865025745,0.7612127065658569,PRUNED
49,0.7359154929572587,2025-12-21 14:52:35.518368,2025-12-21 15:14:59.427649,0 days 00:22:23.909281,16,0.1356500378950048,256,0.0011060589444566486,0.0003080565158968027,0.9377918765225699,0.7313877307916485,0.7366578578948975,COMPLETE
50,0.7206295671720871,2025-12-21 15:14:59.427882,2025-12-21 15:16:58.849896,0 days 00:01:59.422014,32,0.3245403672702529,1024,0.0024369832885502225,0.0006505252062755447,0.9351842798881814,0.7206295671720871,0.7027706503868103,PRUNED
51,0.7218863361542849,2025-12-21 15:16:58.850081,2025-12-21 15:18:58.716328,0 days 00:01:59.866247,16,0.42437837325170685,256,0.0013847464019428094,9.342727878820332e-05,0.9356055700393597,0.7218863361542849,0.6945451498031616,PRUNED
52,0.724035608308116,2025-12-21 15:18:58.716496,2025-12-21 15:21:02.937261,0 days 00:02:04.220765,16,0.381136399833136,256,0.0005705923440611177,1.5968316894053946e-05,0.9354028593469336,0.724035608308116,0.7158291339874268,PRUNED
53,0.7259701492532413,2025-12-21 15:21:02.937432,2025-12-21 15:23:05.800573,0 days 00:02:02.863141,16,0.20601712855622548,256,0.0018386673473307265,1.0578991735359515e-08,0.93642972209695,0.7259701492532413,0.6959677934646606,PRUNED
54,0.7106145251391841,2025-12-21 15:23:05.800741,2025-12-21 15:25:11.850503,0 days 00:02:06.049762,16,0.268452283913671,256,3.5825444154112574e-05,9.375261874770713e-07,0.9290118416829491,0.7106145251391841,0.6709983348846436,PRUNED
55,0.7200481637562819,2025-12-21 15:25:11.850686,2025-12-21 15:27:14.917473,0 days 00:02:03.066787,16,0.22908028504487343,512,0.0025325800674736772,0.00012140251232406106,0.9365776599507658,0.7200481637562819,0.7633132338523865,PRUNED
56,0.7249698431840684,2025-12-21 15:27:14.917641,2025-12-21 15:29:16.592757,0 days 00:02:01.675116,16,0.1790300900755011,256,0.0014125945292302448,0.0025107362154652355,0.9360632047843819,0.7249698431840684,0.6029021739959717,PRUNED
57,0.7232198142409921,2025-12-21 15:29:16.592938,2025-12-21 15:31:14.397009,0 days 00:01:57.804071,32,0.4458642492967436,256,0.0029378799428280283,3.120778052919266e-06,0.9365725409938865,0.7232198142409921,0.7319299578666687,PRUNED
58,0.7348203221804229,2025-12-21 15:31:14.397181,2025-12-21 16:20:25.173798,0 days 00:49:10.776617,16,0.3962342986818159,512,0.0008185505998450964,2.4268630820837287e-05,0.9365976238825957,0.7202416918424087,0.7779471278190613,COMPLETE
59,0.7280487804873124,2025-12-21 16:20:25.174062,2025-12-21 16:22:23.439838,0 days 00:01:58.265776,32,0.3025955446688875,2048,0.0019590145107674746,0.00687679304221622,0.9365246787470637,0.7280487804873124,0.8310054540634155,PRUNED
60,0.7169597277363292,2025-12-21 16:22:23.440006,2025-12-21 16:24:25.090666,0 days 00:02:01.650660,16,0.35532768913674884,256,0.00030762462270761116,0.0012689488406858647,0.9335887010288592,0.7169597277363292,0.7034775614738464,PRUNED
61,0.7253948967188275,2025-12-21 16:24:25.090851,2025-12-21 16:26:30.756538,0 days 00:02:05.665687,16,0.14308421677212715,256,0.0012720319686374336,0.00018529486346186726,0.9364476384460279,0.7253948967188275,0.5814849734306335,PRUNED
62,0.726309593878264,2025-12-21 16:26:30.756715,2025-12-21 16:28:30.698232,0 days 00:01:59.941517,16,0.2011643548636093,256,0.0009658164544909428,0.00037244440151919695,0.9364171806525954,0.726309593878264,0.6099335551261902,PRUNED
63,0.7230320699703585,2025-12-21 16:28:30.698397,2025-12-21 16:30:32.944737,0 days 00:02:02.246340,16,0.12084360354783256,256,0.0010732036231687312,0.0002768689232991182,0.935877898545346,0.7230320699703585,0.7090580463409424,PRUNED
64,0.7214611872141279,2025-12-21 16:30:32.944918,2025-12-21 16:32:34.086958,0 days 00:02:01.142040,16,0.04979008981258823,256,0.0006027014833799039,4.4882721631006695e-05,0.935088043498848,0.7214611872141279,0.7339608669281006,PRUNED
65,0.7252090800472997,2025-12-21 16:32:34.087131,2025-12-21 16:44:50.613987,0 days 00:12:16.526856,16,0.49825195561947133,256,0.0016097041599886903,0.0004837291875932049,0.937055258627618,0.7252090800472997,0.7371505498886108,PRUNED
66,0.7205266307595337,2025-12-21 16:44:50.614163,2025-12-21 16:46:52.662545,0 days 00:02:02.048382,16,0.15468724448790674,256,0.0023404809453368785,7.218034172567758e-05,0.9365515532706807,0.7205266307595337,0.6877219080924988,PRUNED
67,0.726631393297572,2025-12-21 16:46:52.662719,2025-12-21 16:48:55.863615,0 days 00:02:03.200896,32,0.09641730111416771,512,0.0012036944988334417,0.00429477253244942,0.9364589001511627,0.726631393297572,0.7932769060134888,PRUNED
68,0.7166085946568886,2025-12-21 16:48:55.863783,2025-12-21 16:50:54.852338,0 days 00:01:58.988555,64,0.25094454046821874,1024,0.00012911933095552971,1.246477746917937e-05,0.9319450039748701,0.7166085946568886,0.6651686429977417,PRUNED
69,0.7207093096891811,2025-12-21 16:50:54.852505,2025-12-21 16:52:57.856106,0 days 00:02:03.003601,16,0.1919024949666916,256,0.0019341934321910393,2.1861951994177144e-08,0.9368371910645537,0.7207093096891811,0.7885516881942749,PRUNED
70,0.7167561121044593,2025-12-21 16:52:57.856278,2025-12-21 16:55:00.983623,0 days 00:02:03.127345,16,0.12094270251801609,256,0.0025497202714216674,0.002910939765955694,0.935566154071388,0.7167561121044593,0.6981782913208008,PRUNED
71,0.7284533648165125,2025-12-21 16:55:00.983796,2025-12-21 16:57:05.127546,0 days 00:02:04.143750,16,0.13968082137375432,256,0.0019863934293346593,0.005980420207810253,0.9366355041635035,0.7284533648165125,0.6518309712409973,PRUNED
72,0.7230857800801135,2025-12-21 16:57:05.127718,2025-12-21 16:59:08.283268,0 days 00:02:03.155550,16,0.16130583171734808,256,0.00215408432488441,0.0033594523707006353,0.9360565501404385,0.7230857800801135,0.5991471409797668,PRUNED
73,0.7251324308411834,2025-12-21 16:59:08.283440,2025-12-21 17:01:09.092857,0 days 00:02:00.809417,16,0.22147344432680807,256,0.0015903169816026464,0.0018577750264798388,0.9364450789675883,0.7251324308411834,0.6028869152069092,PRUNED
74,0.7224466243503512,2025-12-21 17:01:09.093025,2025-12-21 17:03:10.766301,0 days 00:02:01.673276,16,0.1771091691244437,256,0.0014780867772920395,0.0007396938822542503,0.9364647869515741,0.7224466243503512,0.7182124257087708,PRUNED
75,0.7261613691926612,2025-12-21 17:03:10.766476,2025-12-21 17:05:11.723418,0 days 00:02:00.956942,16,0.18876800633811186,256,0.0029478503939901614,0.0013826546678101523,0.9373798004937745,0.7261613691926612,0.6537743806838989,PRUNED
76,0.7227901383037785,2025-12-21 17:05:11.723583,2025-12-21 17:07:10.933646,0 days 00:01:59.210063,32,0.23573736064943038,2048,0.0008161887579684997,2.5776234150053966e-05,0.9350834364376566,0.7227901383037785,0.6012001633644104,PRUNED
77,0.7269503546094404,2025-12-21 17:07:10.933821,2025-12-21 17:09:12.860765,0 days 00:02:01.926944,16,0.2158299712532649,512,0.002104712959202217,0.007653868377006153,0.9373470391697462,0.7269503546094404,0.7344323396682739,PRUNED
78,0.7275922671348374,2025-12-21 17:09:12.860941,2025-12-21 17:11:13.765959,0 days 00:02:00.905018,16,0.28699820039108775,256,0.0011299970195790788,0.00435255023874471,0.9359296000098285,0.7275922671348374,0.8378319144248962,PRUNED
79,0.7240963855416775,2025-12-21 17:11:13.766124,2025-12-21 17:13:12.787350,0 days 00:01:59.021226,64,0.24359927848847573,256,0.001791151377036646,0.0009773336514925953,0.9354965362578275,0.7240963855416775,0.7798530459403992,PRUNED
80,0.7268322228947233,2025-12-21 17:13:12.787518,2025-12-21 17:15:16.258761,0 days 00:02:03.471243,16,0.26092564828331394,1024,0.002522860976982204,0.0025591524520846925,0.9368827497807806,0.7268322228947233,0.7083970904350281,PRUNED
81,0.7243902439019466,2025-12-21 17:15:16.258941,2025-12-21 17:17:21.204644,0 days 00:02:04.945703,16,0.2773223660694527,256,0.001277813167018141,3.4949379738925845e-05,0.9366124688575461,0.7243902439019466,0.7230648398399353,PRUNED
82,0.7365196078426444,2025-12-21 17:17:21.204832,2025-12-21 17:39:52.798324,0 days 00:22:31.593492,16,0.1994147017078588,2048,0.0009013019062308105,0.00011453378645084827,0.9347742514421382,0.7216734456706348,0.742150068283081,COMPLETE
83,0.7234553089377217,2025-12-21 17:39:52.798550,2025-12-21 17:41:57.110030,0 days 00:02:04.311480,16,0.20751900044582056,2048,0.0005128474034420786,6.587556418007033e-05,0.9345485054437546,0.7234553089377217,0.7423350214958191,PRUNED
84,0.7227488151653877,2025-12-21 17:41:57.110197,2025-12-21 17:43:57.445819,0 days 00:02:00.335622,16,0.16980004845577298,2048,0.0022229099583723163,0.00013138569340476278,0.9374555610555902,0.7227488151653877,0.547306478023529,PRUNED
85,0.7268436578166207,2025-12-21 17:43:57.446008,2025-12-21 17:46:02.071765,0 days 00:02:04.625757,16,0.19632497746758337,2048,0.0014808848743974733,0.00024276438243250978,0.9373644436231363,0.7268436578166207,0.5947937965393066,PRUNED
86,0.7186147186142248,2025-12-21 17:46:02.071940,2025-12-21 17:48:01.650858,0 days 00:01:59.578918,32,0.2268096386260091,2048,0.0007179422824678529,0.00010118511061835869,0.9361962976632474,0.7186147186142248,0.6940016746520996,PRUNED
87,0.7255014326642719,2025-12-21 17:48:01.651031,2025-12-21 17:50:05.420179,0 days 00:02:03.769148,16,0.18497053886249848,512,0.0017636586555068335,0.00835555939127979,0.9370578181060576,0.7255014326642719,0.642754077911377,PRUNED
88,0.7240948813977574,2025-12-21 17:50:05.420349,2025-12-21 17:52:05.300395,0 days 00:01:59.880046,16,0.15656556246313658,256,0.0008744404353082168,0.005362880227788467,0.9366352482156596,0.7240948813977574,0.8156896829605103,PRUNED
89,0.7370242214528018,2025-12-21 17:52:05.300570,2025-12-21 18:16:31.413089,0 days 00:24:26.112519,16,0.13395322997032544,256,0.002562138487513791,0.0015917580524537906,0.9367629661898017,0.724035608308116,0.6702797412872314,COMPLETE
90,0.7236758136561722,2025-12-21 18:16:31.413318,2025-12-21 18:18:36.643503,0 days 00:02:05.230185,16,0.0716139358108433,2048,0.0026877141345138414,0.0005694628089437595,0.9340304670075552,0.7236758136561722,0.8193187117576599,PRUNED
91,0.7262969588546085,2025-12-21 18:18:36.643676,2025-12-21 18:20:40.135311,0 days 00:02:03.491635,16,0.10244004309980112,256,0.0023370389365966636,0.003566626464730846,0.9361655839219706,0.7262969588546085,0.6534838080406189,PRUNED
92,0.7267338470653081,2025-12-21 18:20:40.135490,2025-12-21 18:22:42.268475,0 days 00:02:02.132985,16,0.10764208994932242,256,0.002663241919165975,0.0016629271970360043,0.9365285179647233,0.7267338470653081,0.6579650044441223,PRUNED
93,0.7365304914145495,2025-12-21 18:22:42.268649,2025-12-21 18:45:16.586060,0 days 00:22:34.317411,16,0.13165401730281895,256,0.0010511233971422728,0.00018006370617821391,0.9362679630595595,0.7308377896608297,0.7043973803520203,COMPLETE
94,0.7338902147966461,2025-12-21 18:45:16.586285,2025-12-21 19:15:56.785065,0 days 00:30:40.198780,16,0.13149848170377706,256,0.0009677440935245516,0.00019542672287249543,0.9355797193071185,0.7251043530108399,0.7696713209152222,COMPLETE
95,0.7265258215957562,2025-12-21 19:15:56.785300,2025-12-21 19:17:56.878943,0 days 00:02:00.093643,16,0.0329010315073331,256,0.0010640421624340305,7.987163558944724e-05,0.9355630826972603,0.7265258215957562,0.7885245680809021,PRUNED
96,0.7195335276963061,2025-12-21 19:17:56.879111,2025-12-21 19:19:56.811336,0 days 00:01:59.932225,32,0.13059649838719758,256,0.0013280745667595105,0.0003125695779168367,0.9352677188853165,0.7195335276963061,0.6735513210296631,PRUNED
97,0.7367802585189009,2025-12-21 19:19:56.811507,2025-12-21 20:03:02.676110,0 days 00:43:05.864603,16,0.08443217461808489,256,0.0029923819157766096,5.7463347896448095e-05,0.9345183035981659,0.7274924471294181,0.6757153868675232,COMPLETE
98,0.7258732978088656,2025-12-21 20:03:02.676340,2025-12-21 20:05:01.892047,0 days 00:01:59.215707,64,0.47545712212029134,512,0.0029037290674032365,0.0001486350922840565,0.9359326713839561,0.7258732978088656,0.7811868190765381,PRUNED
99,0.728260869564726,2025-12-21 20:05:01.892215,2025-12-21 20:07:02.214723,0 days 00:02:00.322508,16,0.08249768299163496,256,0.0018762406591742524,5.220871712755123e-05,0.9369651649865397,0.728260869564726,0.696260392665863,PRUNED
100,0.7255813953483505,2025-12-21 20:07:02.214897,2025-12-21 20:09:05.973438,0 days 00:02:03.758541,16,0.08710944384008973,256,0.00024158742887775626,2.758374580361876e-05,0.9346775031571166,0.7255813953483505,0.7021031379699707,PRUNED
101,0.7245017584989261,2025-12-21 20:09:05.973606,2025-12-21 20:11:08.845801,0 days 00:02:02.872195,16,0.11292103246256538,256,0.0022510826858359264,0.00039823362156654553,0.9368274650464827,0.7245017584989261,0.7393530011177063,PRUNED
102,0.723880597014431,2025-12-21 20:11:08.845973,2025-12-21 20:13:11.315989,0 days 00:02:02.470016,16,0.21244940086746347,256,0.0015785009550519364,9.845737497667105e-05,0.93701737834671,0.723880597014431,0.8433451056480408,PRUNED
103,0.7305882352936295,2025-12-21 20:13:11.316163,2025-12-21 20:19:16.968066,0 days 00:06:05.651903,16,0.017257025538933754,256,0.002616638365665606,0.00017673629970679452,0.9371156623187953,0.7305882352936295,0.534896731376648,PRUNED
104,0.7171597633131205,2025-12-21 20:19:16.968236,2025-12-21 20:21:18.774768,0 days 00:02:01.806532,16,0.1450960287609298,256,6.511960284348837e-05,5.730050959742282e-05,0.9317648166927136,0.7171597633131205,0.6854450106620789,PRUNED
105,0.7208894090106303,2025-12-21 20:21:18.774943,2025-12-21 20:23:21.121440,0 days 00:02:02.346497,16,0.20191699410074365,256,0.0018113440218788638,0.00011145895117323497,0.9366360160591916,0.7208894090106303,0.7129390835762024,PRUNED
106,0.7224880382770218,2025-12-21 20:23:21.121607,2025-12-21 20:25:21.320879,0 days 00:02:00.199272,32,0.055146482941461,1024,0.0029814830375194928,0.002234367147169885,0.9363386046644957,0.7224880382770218,0.7542260885238647,PRUNED
107,0.7283304246650164,2025-12-21 20:25:21.321048,2025-12-21 20:31:32.710861,0 days 00:06:11.389813,16,0.1679479308539734,256,0.00064820179259617,1.6800565748487254e-05,0.9368197866111634,0.7283304246650164,0.68365877866745,PRUNED
108,0.7289377289372363,2025-12-21 20:31:32.711034,2025-12-21 20:33:40.262910,0 days 00:02:07.551876,16,0.07342557708741099,512,0.0011773471896553167,3.582044734746586e-05,0.9372037083771216,0.7289377289372363,0.7107868194580078,PRUNED
109,0.7163120567371,2025-12-21 20:33:40.263084,2025-12-21 20:35:42.044555,0 days 00:02:01.781471,16,0.2564849015500852,256,5.086944151764286e-05,0.005376752837819796,0.9311249470827833,0.7163120567371,0.6531600952148438,PRUNED
110,0.7243047158398954,2025-12-21 20:35:42.044721,2025-12-21 20:37:46.265313,0 days 00:02:04.220592,16,0.1489754918526762,256,0.0020805756262278303,0.0002575070568749832,0.9365536008534325,0.7243047158398954,0.5983715057373047,PRUNED
111,0.7363966142679486,2025-12-21 20:37:46.265488,2025-12-21 21:22:37.891712,0 days 00:44:51.626224,16,0.18105070346990787,256,0.0023293684923568776,0.007142791062366695,0.9370291519475328,0.7276096355770233,0.7077249884605408,COMPLETE
112,0.7182044887775602,2025-12-21 21:22:37.891945,2025-12-21 21:24:39.136293,0 days 00:02:01.244348,16,0.19488997788492576,256,0.0025974020765317015,0.008287724639854131,0.935041460991245,0.7182044887775602,0.7081794142723083,PRUNED
113,0.7318573185726924,2025-12-21 21:24:39.136466,2025-12-21 21:36:52.485556,0 days 00:12:13.349090,16,0.17623850752218054,256,0.002206854967053605,0.004337024576087042,0.9364302339926378,0.7318573185726924,0.6815022230148315,PRUNED
114,0.7254004576654195,2025-12-21 21:36:52.485734,2025-12-21 21:38:55.011415,0 days 00:02:02.525681,16,0.24085397998313976,256,0.0014543054530145136,0.007062573890280203,0.9364875663096878,0.7254004576654195,0.5455833077430725,PRUNED
115,0.7246207701278676,2025-12-21 21:38:55.011584,2025-12-21 21:40:54.988581,0 days 00:01:59.976997,16,0.22190763121927068,256,0.0023972637135625326,0.0010293732263779657,0.9372820284173772,0.7246207701278676,0.5446950197219849,PRUNED
116,0.7271695972768851,2025-12-21 21:40:54.988749,2025-12-21 21:42:56.946271,0 days 00:02:01.957522,16,0.3983001961727857,2048,0.001721621103409433,0.002829583557912971,0.9331546134854825,0.7271695972768851,0.7469773292541504,PRUNED
117,0.7178217821777237,2025-12-21 21:42:56.946438,2025-12-21 21:44:54.807446,0 days 00:01:57.861008,32,0.4427045767252501,256,0.0007550820789791565,0.009021783264274849,0.9352974088352172,0.7178217821777237,0.696292519569397,PRUNED
118,0.7184952978051473,2025-12-21 21:44:54.807614,2025-12-21 21:46:58.874773,0 days 00:02:04.067159,16,0.18291360850788896,256,0.00042034595440769353,0.00014467827134785345,0.9355436306611185,0.7184952978051473,0.6787182688713074,PRUNED
119,0.7234042553186539,2025-12-21 21:46:58.874947,2025-12-21 21:49:00.674391,0 days 00:02:01.799444,16,0.16214770859585453,512,0.0012559414999255033,0.005902750987600367,0.9357760313034451,0.7234042553186539,0.7805887460708618,PRUNED
120,0.7196796338667925,2025-12-21 21:49:00.674566,2025-12-21 21:51:04.320608,0 days 00:02:03.646042,16,0.2313678516648301,256,0.001935546970144824,0.002092607348417957,0.9354253827572033,0.7196796338667925,0.440184623003006,PRUNED
121,0.7244094488184059,2025-12-21 21:51:04.320783,2025-12-21 21:53:06.362455,0 days 00:02:02.041672,16,0.2094976956610121,256,0.0021285079076251534,0.003785089399890251,0.9365781718464538,0.7244094488184059,0.47233450412750244,PRUNED
122,0.7242206235007085,2025-12-21 21:53:06.362625,2025-12-21 21:55:09.041956,0 days 00:02:02.679331,16,0.12464664349652854,256,0.0026113727048394965,0.003057255246538331,0.9372367256489942,0.7242206235007085,0.7561191916465759,PRUNED
123,0.7236431690575215,2025-12-21 21:55:09.042122,2025-12-21 21:57:09.310131,0 days 00:02:00.268009,64,0.1893872312654221,256,0.0016197819370770623,7.637438113663988e-05,0.9361236084755593,0.7236431690575215,0.8263149261474609,PRUNED
124,0.727384615384122,2025-12-21 21:57:09.310300,2025-12-21 22:03:12.495860,0 days 00:06:03.185560,16,0.15137280146759796,256,0.002959250980941444,0.0014192549021785337,0.9378773631024564,0.727384615384122,0.7215819954872131,PRUNED
125,0.7219219219214311,2025-12-21 22:03:12.496030,2025-12-21 22:05:11.210731,0 days 00:01:58.714701,16,0.20071097246489952,256,0.002397775260036032,0.004980448824290823,0.9366180997101134,0.7219219219214311,0.6695298552513123,PRUNED
126,0.7052280311452375,2025-12-21 22:05:11.210916,2025-12-21 22:07:19.807082,0 days 00:02:08.596166,16,0.09227668932053673,2048,1.0692399988894523e-05,0.0005284253556709381,0.9267369772457248,0.7052280311452375,0.6965054273605347,PRUNED
127,0.7269417475723235,2025-12-21 22:07:19.807258,2025-12-21 22:09:24.269329,0 days 00:02:04.462071,16,0.21830816186971946,1024,0.0020135399242150608,0.0035359442349722978,0.9377278895615766,0.7269417475723235,0.7011644244194031,PRUNED
128,0.7234299516903298,2025-12-21 22:09:24.269495,2025-12-21 22:11:24.978372,0 days 00:02:00.708877,32,0.178962920224394,256,0.0010570696930400233,0.006282522734519792,0.936439448115021,0.7234299516903298,0.6890067458152771,PRUNED
129,0.7251243781089584,2025-12-21 22:11:24.978544,2025-12-21 22:13:26.560419,0 days 00:02:01.581875,16,0.16769268972073564,256,0.0013900128157365397,0.009261064620028006,0.9359444449847788,0.7251243781089584,0.7368098497390747,PRUNED
130,0.6971046770596534,2025-12-21 22:13:26.560589,2025-12-21 22:15:28.279085,0 days 00:02:01.718496,16,0.11529545354066753,256,1.7436558731444738e-05,1.6864545882664617e-07,0.9240331442220031,0.6971046770596534,0.6901280283927917,PRUNED
131,0.7200986436493214,2025-12-21 22:15:28.279254,2025-12-21 22:17:31.647495,0 days 00:02:03.368241,16,0.13913130429249956,2048,0.0009486396258446926,3.584954676845827e-05,0.9370137950768944,0.7200986436493214,0.9017592072486877,PRUNED
132,0.7281733746125091,2025-12-21 22:17:31.647664,2025-12-21 22:19:35.232682,0 days 00:02:03.585018,16,0.24267288031164802,2048,0.002679662710123118,4.564099560124415e-05,0.9362515823975454,0.7281733746125091,0.7409717440605164,PRUNED
133,0.7360720315133055,2025-12-21 22:19:35.232861,2025-12-21 22:54:33.368483,0 days 00:34:58.135622,16,0.23242459776164812,2048,0.0008888370219863343,8.947768113446987e-05,0.9270267102051012,0.7065527065522228,0.6589330434799194,COMPLETE
134,0.7208357515955669,2025-12-21 22:54:33.368719,2025-12-21 22:56:34.131528,0 days 00:02:00.762809,16,0.20833664162110022,2048,0.0008694902070251735,0.0002250124533102055,0.9353445032385082,0.7208357515955669,0.5896972417831421,PRUNED
135,0.7250720461090248,2025-12-21 22:56:34.131693,2025-12-21 22:58:40.851789,0 days 00:02:06.720096,16,0.22783032544580784,2048,0.002323595258467603,0.00012049131107208828,0.9354990957362672,0.7250720461090248,0.6632264852523804,PRUNED
136,0.7245657568233272,2025-12-21 22:58:40.851969,2025-12-21 23:00:44.783072,0 days 00:02:03.931103,16,0.19296636686868213,512,0.001767234502138071,9.278012911560633e-05,0.9358579346135162,0.7245657568233272,0.6833516955375671,PRUNED
137,0.7245841035115211,2025-12-21 23:00:44.783238,2025-12-21 23:02:46.119374,0 days 00:02:01.336136,16,0.23386017752467542,256,0.0015567979474911432,6.016291913813182e-05,0.9360109914242115,0.7245841035115211,0.6856269836425781,PRUNED
138,0.7252998286688478,2025-12-21 23:02:46.119542,2025-12-21 23:04:49.152513,0 days 00:02:03.032971,16,0.32463357016897526,2048,0.0010399254891010107,0.0003370230422201796,0.9347169191250884,0.7252998286688478,0.8140125870704651,PRUNED
139,0.7256740914414819,2025-12-21 23:04:49.152680,2025-12-21 23:06:48.516106,0 days 00:01:59.363426,64,0.274377823039578,256,0.001140289678337078,0.0001756144323429665,0.935270790259444,0.7256740914414819,0.6471811532974243,PRUNED
140,0.7267373380442703,2025-12-21 23:06:48.516274,2025-12-21 23:08:53.155012,0 days 00:02:04.638738,16,0.22000535654365752,256,0.002058105058515741,0.0007020722113303973,0.9370808534120151,0.7267373380442703,0.6762440204620361,PRUNED
141,0.7387830362625676,2025-12-21 23:08:53.155180,2025-12-21 23:39:44.093119,0 days 00:30:50.937939,16,0.2128352902210342,2048,0.0007410387413034607,2.0058462296632196e-05,0.9356900328278706,0.7212563095900965,0.620177686214447,COMPLETE
142,0.733998825601391,2025-12-21 23:39:44.093349,2025-12-22 00:08:23.336451,0 days 00:28:39.243102,16,0.2031679799451817,2048,0.0008259118543334129,8.427249777577876e-06,0.9327850247987866,0.7181653590821884,0.6049389839172363,COMPLETE
143,0.7266187050354806,2025-12-22 00:08:23.336672,2025-12-22 00:10:25.099821,0 days 00:02:01.763149,16,0.2486369722796079,2048,0.0006064311452646274,7.88569857490768e-05,0.9354796437001255,0.7266187050354806,0.6918487548828125,PRUNED
144,0.7210626185953294,2025-12-22 00:10:25.100006,2025-12-22 00:12:27.009148,0 days 00:02:01.909142,16,0.21408383738923656,2048,0.0007410295376967429,0.004203476725864969,0.9363805801109073,0.7210626185953294,0.8248281478881836,PRUNED
145,0.7227722772272287,2025-12-22 00:12:27.009316,2025-12-22 00:24:39.420557,0 days 00:12:12.411241,16,0.3492798215975457,2048,0.002980148900570981,3.4665829538732015e-06,0.9359961464492612,0.7227722772272287,0.771159827709198,PRUNED
146,0.7264038231775266,2025-12-22 00:24:39.420730,2025-12-22 00:26:39.649683,0 days 00:02:00.228953,32,0.18968599896678162,256,0.0012848469182552996,1.9147964497974913e-05,0.9336091768563768,0.7264038231775266,0.815473735332489,PRUNED
147,0.7193396226410209,2025-12-22 00:26:39.649855,2025-12-22 00:28:41.028798,0 days 00:02:01.378943,16,0.1797264115295942,256,0.00010064735474532844,1.2399171324072753e-05,0.9326580746681765,0.7193396226410209,0.5706621408462524,PRUNED
148,0.7173534532786778,2025-12-22 00:28:41.028981,2025-12-22 00:30:42.716725,0 days 00:02:01.687744,16,0.19840131322817728,512,0.0009547920160481561,0.006894045683459164,0.9345879214117263,0.7173534532786778,0.5636158585548401,PRUNED
149,0.7270574304317194,2025-12-22 00:30:42.716916,2025-12-22 00:32:45.970457,0 days 00:02:03.253541,16,0.1070166893426671,256,0.00258655835707309,0.002257767882545415,0.9370757344551358,0.7270574304317194,0.7511932849884033,PRUNED
150,0.7359257109687533,2025-12-22 00:32:45.970627,2025-12-22 00:55:19.480968,0 days 00:22:33.510341,16,0.2268721408085111,2048,0.0023001222873679328,0.00012779937791255168,0.9364404719063968,0.7309468822166045,0.5348159074783325,COMPLETE
151,0.7274999999995051,2025-12-22 00:55:19.481189,2025-12-22 00:57:23.266115,0 days 00:02:03.784926,16,0.2258160288771739,2048,0.0023620571944937808,0.00013293722205458866,0.9370214735122135,0.7274999999995051,0.7468096017837524,PRUNED
152,0.7374100719419555,2025-12-22 00:57:23.266288,2025-12-22 01:15:44.535241,0 days 00:18:21.268953,16,0.21289078789564655,2048,0.0019308471841476334,9.565061028684608e-05,0.9358906959375447,0.7269439421333244,0.6542729139328003,COMPLETE
153,0.7367104440270223,2025-12-22 01:15:44.535479,2025-12-22 01:34:22.575576,0 days 00:18:38.040097,16,0.258932845587179,2048,0.0018341688153124488,0.00010374243476227174,0.9360877757774031,0.7298919567822224,0.741982102394104,COMPLETE
154,0.7261613691926612,2025-12-22 01:34:22.575801,2025-12-22 01:36:26.720879,0 days 00:02:04.145078,16,0.25454367694254104,2048,0.0022551212787416796,5.9625482953573555e-05,0.9378046739147683,0.7261613691926612,0.7406912446022034,PRUNED
155,0.7344423906341337,2025-12-22 01:36:26.721059,2025-12-22 01:58:51.820854,0 days 00:22:25.099795,16,0.24100429933562986,2048,0.0017857577307592112,8.493528456124619e-05,0.9347414901181097,0.7136363636358803,0.6172015070915222,COMPLETE
156,0.7203242617250497,2025-12-22 01:58:51.821084,2025-12-22 02:00:56.884426,0 days 00:02:05.063342,16,0.2681360048219762,2048,0.0019513947236760704,0.00011350629939911521,0.9357453175621684,0.7203242617250497,0.637073814868927,PRUNED
157,0.728260869564726,2025-12-22 02:00:56.884596,2025-12-22 02:03:04.794087,0 days 00:02:07.909491,16,0.21340883190680407,2048,0.0027255129149060023,2.8875828429796327e-05,0.9368653453273906,0.728260869564726,0.7084982991218567,PRUNED
158,0.7245508982031025,2025-12-22 02:03:04.794258,2025-12-22 02:05:04.030848,0 days 00:01:59.236590,16,0.23407359948403964,2048,0.0014615896002075238,4.211062177795026e-05,0.9366239865105249,0.7245508982031025,0.9012731313705444,PRUNED
159,0.7221147646674588,2025-12-22 02:05:04.031025,2025-12-22 02:07:05.890852,0 days 00:02:01.859827,16,0.3001962197637571,2048,0.0021442776320910717,0.00019051775229389172,0.9359894918053179,0.7221147646674588,0.6224152445793152,PRUNED
160,0.7244389027426474,2025-12-22 02:07:05.891022,2025-12-22 02:09:05.162076,0 days 00:01:59.271054,32,0.2577777138957449,2048,0.002486209123768443,5.4626241488742694e-05,0.9372257198917033,0.7244389027426474,0.7675108313560486,PRUNED
161,0.7354368932033915,2025-12-22 02:09:05.162247,2025-12-22 02:39:41.295101,0 days 00:30:36.132854,16,0.36784470967142024,2048,0.0012113184116956113,0.00014790107612304337,0.9350957219341672,0.7211328976030092,0.46091678738594055,COMPLETE
162,0.7213695395508692,2025-12-22 02:39:41.295328,2025-12-22 02:41:42.494058,0 days 00:02:01.198730,16,0.2223498880167776,2048,0.0016201937980343155,0.00010426327049227265,0.9354857864483808,0.7213695395508692,0.7937949895858765,PRUNED
163,0.7211040828057256,2025-12-22 02:41:42.494237,2025-12-22 02:43:43.892535,0 days 00:02:01.398298,16,0.2070996459178779,2048,0.0029820777630344833,0.00024239106179355563,0.9366820866711064,0.7211040828057256,0.6593475341796875,PRUNED
164,0.7253269916760859,2025-12-22 02:43:43.892704,2025-12-22 02:49:49.371969,0 days 00:06:05.479265,16,0.23169645698660052,2048,0.0018555692065953613,7.934445205959682e-05,0.9358947911030483,0.7253269916760859,0.588127613067627,PRUNED
165,0.7371638141804363,2025-12-22 02:49:49.372146,2025-12-22 03:30:30.002318,0 days 00:40:40.630172,16,0.21794280258030335,1024,0.0013923751994289466,0.0001598616343070279,0.932993622291624,0.7182662538694751,0.6733071208000183,COMPLETE
166,0.7246207701278676,2025-12-22 03:30:30.002550,2025-12-22 03:32:31.834575,0 days 00:02:01.832025,16,0.22060847798224456,1024,0.0013665056234989446,6.847542579164124e-05,0.9361225846841833,0.7246207701278676,0.6516721248626709,PRUNED
167,0.7215496368033825,2025-12-22 03:32:31.834746,2025-12-22 03:34:33.050155,0 days 00:02:01.215409,16,0.24743638868193846,1024,0.0023953988521024385,0.00015509804617581775,0.9333107416703054,0.7215496368033825,0.5979735255241394,PRUNED
168,0.735605170387291,2025-12-22 03:34:33.050322,2025-12-22 04:01:06.411418,0 days 00:26:33.361096,16,0.19716309961123085,1024,0.002025177641030324,0.00010594146873572826,0.934104435934463,0.7127659574463199,0.5490478873252869,COMPLETE
169,0.7259953161587631,2025-12-22 04:01:06.411650,2025-12-22 04:03:08.467005,0 days 00:02:02.055355,16,0.21266808650425129,1024,0.0016833557849048398,0.00020016100289958264,0.9354054188253734,0.7259953161587631,0.60222327709198,PRUNED
170,0.7296650717698446,2025-12-22 04:03:08.467173,2025-12-22 04:05:11.227244,0 days 00:02:02.760071,16,0.23626776859217663,1024,0.0027127703190248,4.91599429976746e-05,0.9363647113445812,0.7296650717698446,0.8019185662269592,PRUNED
171,0.719211822659621,2025-12-22 04:05:11.227415,2025-12-22 04:07:12.590635,0 days 00:02:01.363220,16,0.2075218767671714,2048,0.00107819320764076,0.00032460556839414355,0.9346078853435561,0.719211822659621,0.439085453748703,PRUNED
172,0.7274939172744469,2025-12-22 04:07:12.590805,2025-12-22 04:09:15.985445,0 days 00:02:03.394640,16,0.13703562446095913,512,0.0008941127996577569,0.00014213833328307333,0.936631408998,0.7274939172744469,0.7229331135749817,PRUNED
173,0.7223880597010025,2025-12-22 04:09:15.985620,2025-12-22 04:11:18.606087,0 days 00:02:02.620467,16,0.18744327249492757,256,0.0011961535606032543,9.438011277479749e-05,0.9365290298604113,0.7223880597010025,0.728668212890625,PRUNED
174,0.7245862884155868,2025-12-22 04:11:18.606255,2025-12-22 04:13:19.942655,0 days 00:02:01.336400,16,0.22593608228355533,2048,0.0014351160618146736,0.00023585813870890596,0.9377652579467965,0.7245862884155868,0.827434778213501,PRUNED
175,0.7210103329501466,2025-12-22 04:13:19.942834,2025-12-22 04:15:18.800778,0 days 00:01:58.857944,64,0.21452357157167576,256,0.002188154171288809,0.000118867796835446,0.9347681086938828,0.7210103329501466,0.5868776440620422,PRUNED
176,0.7216494845355905,2025-12-22 04:15:18.800965,2025-12-22 04:17:20.762422,0 days 00:02:01.961457,16,0.28302806227515914,256,0.0010275945861127056,6.781793294598596e-05,0.9358620297790198,0.7216494845355905,0.8027125000953674,PRUNED
177,0.7297297297292366,2025-12-22 04:17:20.762589,2025-12-22 04:19:24.823046,0 days 00:02:04.060457,16,0.20123816977869463,2048,0.0007764666423073657,0.005024945293641884,0.936365735135957,0.7297297297292366,0.780718207359314,PRUNED
178,0.7261538461533528,2025-12-22 04:19:24.823216,2025-12-22 04:21:22.863977,0 days 00:01:58.040761,32,0.06490756097201093,256,0.002618180578366459,0.00016847279788496057,0.9366155402316737,0.7261538461533528,0.8129093050956726,PRUNED
179,0.7293550331520103,2025-12-22 04:21:22.864148,2025-12-22 04:23:28.562905,0 days 00:02:05.698757,16,0.17159109037239892,256,0.0013013725625523908,0.00027324436772012753,0.937339360734427,0.7293550331520103,0.7524521946907043,PRUNED
180,0.7262379055202904,2025-12-22 04:23:28.563073,2025-12-22 04:25:35.762244,0 days 00:02:07.199171,16,0.04086087029624587,2048,0.0018583393457617403,9.116989860179571e-05,0.9370071404329512,0.7262379055202904,0.6778765320777893,PRUNED
181,0.727053140096127,2025-12-22 04:25:35.762413,2025-12-22 04:27:39.885551,0 days 00:02:04.123138,16,0.15648036279484406,256,0.0022341251084358462,0.007107043118978078,0.9364706737519857,0.727053140096127,0.7887022495269775,PRUNED
182,0.7289603960391101,2025-12-22 04:27:39.885720,2025-12-22 04:29:43.827438,0 days 00:02:03.941718,16,0.19553389965695572,256,0.002433967816980204,0.0033252546771965884,0.937053722940554,0.7289603960391101,0.7363349199295044,PRUNED
183,0.7213717085114484,2025-12-22 04:29:43.827605,2025-12-22 04:31:45.657871,0 days 00:02:01.830266,16,0.17903658296279085,256,0.0015468224131834731,0.00544894862513267,0.9348776543711027,0.7213717085114484,0.7323673963546753,PRUNED
184,0.7265009096417155,2025-12-22 04:31:45.658039,2025-12-22 04:33:47.928150,0 days 00:02:02.270111,16,0.24232963128457657,256,0.002052577182379848,0.0026121631029096307,0.9360376099999846,0.7265009096417155,0.7562857866287231,PRUNED
185,0.7247223845699393,2025-12-22 04:33:47.928316,2025-12-22 04:35:51.654368,0 days 00:02:03.726052,16,0.12955962243813118,256,0.0027034866234900284,0.009287821117287333,0.9370255686777171,0.7247223845699393,0.7240129709243774,PRUNED
186,0.7201976528716495,2025-12-22 04:35:51.654540,2025-12-22 04:37:57.592555,0 days 00:02:05.938015,16,0.18638727281383557,512,0.0029785840572042603,6.389392393409187e-06,0.935942909297715,0.7201976528716495,0.5745680332183838,PRUNED
187,0.728344136711356,2025-12-22 04:37:57.592721,2025-12-22 04:40:00.753500,0 days 00:02:03.160779,16,0.22247583798878687,1024,0.0017331154316143533,0.003980457573275399,0.9370752225594476,0.728344136711356,0.8619728684425354,PRUNED
188,0.7235294117642177,2025-12-22 04:40:00.753667,2025-12-22 04:42:03.564879,0 days 00:02:02.811212,16,0.09867730023615698,256,0.0011075168261521604,0.0016962975038227043,0.935923457261573,0.7235294117642177,0.6317991018295288,PRUNED
189,0.7229769639687966,2025-12-22 04:42:03.565050,2025-12-22 04:44:07.014290,0 days 00:02:03.449240,16,0.20180564341208893,2048,0.0023380351678390153,0.00011778538385163219,0.9339065882510725,0.7229769639687966,0.6740946769714355,PRUNED
190,0.724911452183691,2025-12-22 04:44:07.014461,2025-12-22 04:46:08.108435,0 days 00:02:01.093974,16,0.21336485306404018,256,0.0006815713392777718,2.1820261307502665e-05,0.936051943079247,0.724911452183691,0.7667361497879028,PRUNED
191,0.7264957264952341,2025-12-22 04:46:08.108610,2025-12-22 04:48:12.790470,0 days 00:02:04.681860,16,0.19935067396082373,1024,0.001995529858234656,9.865240578239101e-05,0.9370585859495895,0.7264957264952341,0.6902111172676086,PRUNED
192,0.7339218158885333,2025-12-22 04:48:12.790636,2025-12-22 05:15:07.853326,0 days 00:26:55.062690,16,0.19245598221329377,1024,0.002013072840048392,0.0001336189757162139,0.9357545316845516,0.7235534774980515,0.6269792914390564,COMPLETE
193,0.7198124267287034,2025-12-22 05:15:07.853545,2025-12-22 05:17:12.088053,0 days 00:02:04.234508,16,0.22960522288410662,1024,0.0009478777335179014,6.958804365973814e-05,0.9348136674101098,0.7198124267287034,0.7961635589599609,PRUNED
194,0.7214191852820245,2025-12-22 05:17:12.088226,2025-12-22 05:19:14.790222,0 days 00:02:02.701996,16,0.1621045254706657,1024,0.0021683514871540435,0.00019413411585194996,0.9360867519860273,0.7214191852820245,0.7284584641456604,PRUNED
195,0.727384615384122,2025-12-22 05:19:14.790393,2025-12-22 05:21:17.338279,0 days 00:02:02.547886,16,0.20891123924564703,1024,0.002555130659560859,0.00010891183537956621,0.9370332471130363,0.727384615384122,0.780828595161438,PRUNED
196,0.7298919567822224,2025-12-22 05:21:17.338452,2025-12-22 05:23:16.818917,0 days 00:01:59.480465,32,0.19270482287130902,256,0.0018590680495802273,5.219629218736406e-05,0.9357775669905088,0.7298919567822224,0.8544617295265198,PRUNED
197,0.7229612492765527,2025-12-22 05:23:16.819083,2025-12-22 05:25:18.065538,0 days 00:02:01.246455,16,0.14576643457358907,2048,0.00022542506473881833,0.00015300553446461902,0.9353017599485647,0.7229612492765527,0.6629757285118103,PRUNED
198,0.7237866986214389,2025-12-22 05:25:18.065707,2025-12-22 05:27:18.314527,0 days 00:02:00.248820,16,0.21894937209628687,256,0.0014910885408357625,0.006935296090592817,0.9365822670119576,0.7237866986214389,0.7665509581565857,PRUNED
199,0.7243107769418609,2025-12-22 05:27:18.314702,2025-12-22 05:29:21.214955,0 days 00:02:02.900253,16,0.17669241011260478,256,0.0026583290685120702,0.009862676306206172,0.9362024404115026,0.7243107769418609,0.5741464495658875,PRUNED
