number,value,datetime_start,datetime_complete,duration,params_batch_size,params_cls_weight,params_dropout,params_hidden_dim,params_lr,params_n_heads,params_n_layers,params_weight_decay,state
0,0.5217590088326708,2025-12-23 03:50:51.684646,2025-12-23 04:08:39.442210,0 days 00:17:47.757564,128,1.9398826643818516,0.10444454710469793,768,0.0014525722211043098,8,1,0.0027326904158458784,COMPLETE
1,0.09592097211577134,2025-12-23 04:08:39.442538,2025-12-23 04:20:50.694715,0 days 00:12:11.252177,64,1.01472412889369,0.2442705468272459,384,0.0027388133724444963,4,4,4.368126970479542e-09,COMPLETE
2,0.559116900532191,2025-12-23 04:20:50.695051,2025-12-23 04:37:54.754381,0 days 00:17:04.059330,64,1.3918055170230033,0.20401540917406347,768,0.00031332756970911725,4,2,0.000493479664234298,COMPLETE
3,0.5768703313640525,2025-12-23 04:37:54.754695,2025-12-23 04:54:09.111306,0 days 00:16:14.356611,16,0.7037398702018655,0.16430662769055482,768,0.000657577559506255,8,1,3.3209159985473103e-07,COMPLETE
4,0.5440904001964266,2025-12-23 04:54:09.111592,2025-12-23 05:04:33.559852,0 days 00:10:24.448260,64,0.9561109836474087,0.20023488441872234,384,0.0001559691455471194,8,2,1.211051755219731e-09,COMPLETE
5,0.3483599803812608,2025-12-23 05:04:33.560145,2025-12-23 05:05:05.430791,0 days 00:00:31.870646,16,0.3862393152211435,0.15063506898235485,384,2.1297241925772282e-05,8,2,6.537260589821769e-10,PRUNED
6,-0.07242427290066564,2025-12-23 05:05:05.430973,2025-12-23 05:05:41.058354,0 days 00:00:35.627381,64,1.3536606779983176,0.12039167075812812,384,1.655216239949313e-05,4,2,1.2044982555517736e-05,PRUNED
7,0.0027581733660703538,2025-12-23 05:05:41.058553,2025-12-23 05:06:19.117324,0 days 00:00:38.058771,64,0.6516200918229744,0.3104297585275583,384,1.2628700256543667e-05,4,3,0.0004157599166602853,PRUNED
8,0.23289840872211431,2025-12-23 05:06:19.117517,2025-12-23 05:06:56.304235,0 days 00:00:37.186718,64,1.3680335051430113,0.26752621287360695,512,0.0028611274453279084,4,3,2.3067441906193264e-08,PRUNED
9,-0.06430772731400838,2025-12-23 05:06:56.304411,2025-12-23 05:07:33.077965,0 days 00:00:36.773554,64,1.0698572562884048,0.36249431203890253,256,5.469179233742515e-05,8,2,3.075625530499625e-05,PRUNED
10,0.4736383884678617,2025-12-23 05:07:33.078189,2025-12-23 05:10:19.113869,0 days 00:02:46.035680,16,0.18789579775822934,0.0013663732520188265,768,0.0005859552220465669,8,1,1.3633609672411229e-06,PRUNED
11,0.5014320015918331,2025-12-23 05:10:19.114060,2025-12-23 05:13:09.396947,0 days 00:02:50.282887,32,0.4907447006770871,0.06313251771626346,768,0.0003189009417372604,4,1,1.409439053758979e-07,PRUNED
12,0.3700277907884062,2025-12-23 05:13:09.397139,2025-12-23 05:13:40.727429,0 days 00:00:31.330290,16,0.26169348385689967,0.17869602939466317,768,0.0005886916685339414,4,1,1.6060098610360728e-06,PRUNED
13,0.4624855639683319,2025-12-23 05:13:40.727609,2025-12-23 05:15:21.995495,0 days 00:01:41.267886,32,0.11668030090277176,0.22513418258270407,768,0.0001259151693817586,8,3,0.00010714380156211693,PRUNED
14,0.4394197451399986,2025-12-23 05:15:21.995694,2025-12-23 05:16:46.287081,0 days 00:01:24.291387,128,0.6323278184331317,0.31867541943939814,256,0.000684019293444393,8,1,0.0034091904630940244,PRUNED
15,0.5464347155454597,2025-12-23 05:16:46.287261,2025-12-23 05:24:42.863562,0 days 00:07:56.576301,16,0.6947350150195691,0.07986168469320916,512,7.672717730797349e-05,4,2,1.2882323963642555e-07,COMPLETE
16,0.2412427998171196,2025-12-23 05:24:42.863881,2025-12-23 05:25:16.553932,0 days 00:00:33.690051,16,1.728843087564989,0.1701680000541426,768,0.00033026707564518643,4,4,2.685144773476287e-06,PRUNED
17,0.14337617054879917,2025-12-23 05:25:16.554124,2025-12-23 05:25:58.784503,0 days 00:00:42.230379,128,0.36056554676746155,0.39289467340523093,768,0.0010263832323704552,8,1,0.0003983843984102938,PRUNED
18,0.37027619360671293,2025-12-23 05:25:58.784697,2025-12-23 05:26:34.543726,0 days 00:00:35.759029,32,0.8043144348132883,0.2798721048390888,768,0.00028659658022795245,8,2,1.883490958305701e-07,PRUNED
19,0.5642160889441283,2025-12-23 05:26:34.543913,2025-12-23 05:34:35.860977,0 days 00:08:01.317064,16,0.51456227351801,0.03705095240974504,512,3.4065148754786395e-05,4,3,1.47571914826356e-10,COMPLETE
20,0.5419093398440132,2025-12-23 05:34:35.861321,2025-12-23 05:43:12.014479,0 days 00:08:36.153158,16,0.2882084995254757,0.010078720835250115,512,3.252193359947109e-05,8,3,1.5986819531549334e-10,COMPLETE
21,0.3647510460661291,2025-12-23 05:43:12.014833,2025-12-23 05:43:45.235877,0 days 00:00:33.221044,16,0.5130961283086836,0.046346453644789565,512,8.526937559651137e-05,4,3,1.3550412305597954e-08,PRUNED
22,0.471544456119035,2025-12-23 05:43:45.236063,2025-12-23 05:44:50.246206,0 days 00:01:05.010143,16,1.3365366940720729,0.13198871916100777,512,0.000241957921606161,4,4,1.1964439783398765e-10,PRUNED
23,0.3685851182643696,2025-12-23 05:44:50.246393,2025-12-23 05:45:22.055019,0 days 00:00:31.808626,16,0.5251736621080094,0.20912206812189488,256,4.276602787439114e-05,4,3,1.078298959242634e-05,PRUNED
24,-0.10313933288800986,2025-12-23 05:45:22.055210,2025-12-23 05:45:56.163171,0 days 00:00:34.107961,16,0.8318008570539906,0.09518096801150769,512,0.0014229540122368675,4,2,0.009514309689080304,PRUNED
25,0.17423005057622615,2025-12-23 05:45:56.163351,2025-12-23 05:46:34.440781,0 days 00:00:38.277430,64,0.20383568380865166,0.04912225656184979,768,0.0004469614854514622,4,3,4.3929310823420965e-07,PRUNED
26,0.39216776456852437,2025-12-23 05:46:34.440972,2025-12-23 05:47:08.053505,0 days 00:00:33.612533,32,0.39272525666285735,0.16029145451570806,768,0.00020000245718025482,4,2,1.990951168412383e-08,PRUNED
27,0.1398474864035346,2025-12-23 05:47:08.053705,2025-12-23 05:47:50.413016,0 days 00:00:42.359311,128,1.5694909670568178,0.23943097894047094,512,0.00012371688433807313,4,1,0.0001698925766414255,PRUNED
28,0.2879268449056495,2025-12-23 05:47:50.413202,2025-12-23 05:48:22.665694,0 days 00:00:32.252492,16,0.7786238454501202,0.131159008858918,256,0.0009630225858678281,8,4,1.5423189429227822e-09,PRUNED
29,-0.22092506849943613,2025-12-23 05:48:22.665882,2025-12-23 05:49:05.692134,0 days 00:00:43.026252,128,1.927710900467685,0.028380821441572848,768,0.0014811589539430036,8,1,0.0019666513337025494,PRUNED
30,0.35825975859190123,2025-12-23 05:49:05.692315,2025-12-23 05:49:41.780071,0 days 00:00:36.087756,64,1.1406702265877766,0.10112215709498153,768,0.00039733625427943413,4,2,5.225609140706917e-06,PRUNED
31,0.464003263384346,2025-12-23 05:49:41.780257,2025-12-23 05:50:47.728988,0 days 00:01:05.948731,16,0.6602113748146708,0.08110223885522849,512,8.426764944769895e-05,4,2,8.255469596976647e-08,PRUNED
32,0.5599485769300647,2025-12-23 05:50:47.729195,2025-12-23 06:02:16.364786,0 days 00:11:28.635591,16,0.5743346334945679,0.07471089514039284,512,2.8965730704460722e-05,4,3,3.5028891424236405e-07,COMPLETE
33,0.41977480055350186,2025-12-23 06:02:16.365126,2025-12-23 06:03:19.584156,0 days 00:01:03.219030,16,0.5665252055342984,0.1833472364555766,512,1.0714089553036406e-05,4,3,4.877537270820774e-07,PRUNED
34,0.3956196616601228,2025-12-23 06:03:19.584353,2025-12-23 06:03:53.380886,0 days 00:00:33.796533,16,0.9238940077010352,0.03564994099552982,512,3.470021150341191e-05,4,3,5.456238463368686e-09,PRUNED
35,-0.04727992313828113,2025-12-23 06:03:53.381087,2025-12-23 06:04:30.179400,0 days 00:00:36.798313,64,0.4117985203727045,0.1468713380354354,384,1.9609668528180322e-05,4,4,4.643424374203839e-05,PRUNED
36,0.5250751534540343,2025-12-23 06:04:30.179585,2025-12-23 06:06:10.172144,0 days 00:01:39.992559,16,0.3179007657008765,0.2119641249403269,512,2.382064949237624e-05,4,3,4.649787952043766e-09,PRUNED
37,0.3736849667369402,2025-12-23 06:06:10.172336,2025-12-23 06:06:46.646817,0 days 00:00:36.474481,64,0.44490506333914404,0.11692854226295049,384,0.00015461770499270293,8,3,6.260673241876076e-10,PRUNED
38,0.29063613786354225,2025-12-23 06:06:46.647001,2025-12-23 06:07:19.843765,0 days 00:00:33.196764,16,0.9688680285955089,0.06925027865259845,512,1.4171276106171662e-05,4,2,6.436171425291104e-08,PRUNED
39,0.3936502607507661,2025-12-23 06:07:19.843950,2025-12-23 06:07:58.001379,0 days 00:00:38.157429,64,1.2206727789913427,0.2595095296521336,768,2.8429445550793673e-05,8,3,4.952940962860559e-07,PRUNED
40,0.5103742830306651,2025-12-23 06:07:58.001564,2025-12-23 06:09:38.803654,0 days 00:01:40.802090,16,0.6192282003395276,0.1912941325803306,384,6.311695615662554e-05,4,4,1.2694164592736922e-05,PRUNED
41,0.5455128308610442,2025-12-23 06:09:38.803850,2025-12-23 06:16:13.175906,0 days 00:06:34.372056,16,0.7402315873456664,0.060558853310950206,512,5.895917444765876e-05,4,2,3.540118982092243e-08,COMPLETE
42,0.550698487215935,2025-12-23 06:16:13.176234,2025-12-23 06:23:48.900997,0 days 00:07:35.724763,16,0.6998172963864078,0.020290860575034122,512,8.517754982681881e-05,4,2,1.8797075266313006e-07,COMPLETE
43,0.4821575710407912,2025-12-23 06:23:48.901314,2025-12-23 06:25:25.139789,0 days 00:01:36.238475,16,0.473934694544994,0.019103655799199922,512,0.00010675088449574468,4,2,3.4988138780269357e-06,PRUNED
44,0.52075439654889,2025-12-23 06:25:25.140006,2025-12-23 06:27:01.212713,0 days 00:01:36.072707,16,0.8992546499135876,0.0368159729576643,512,4.7203417461826936e-05,4,1,8.225199177599805e-07,PRUNED
45,-0.12397148803279923,2025-12-23 06:27:01.212913,2025-12-23 06:27:37.010368,0 days 00:00:35.797455,64,0.565429887246944,0.012376604777528772,256,1.861309613713509e-05,4,3,1.875766210661704e-07,PRUNED
46,0.1242275034328462,2025-12-23 06:27:37.010555,2025-12-23 06:28:11.759524,0 days 00:00:34.748969,32,1.0400853239039702,0.08297464532953669,768,0.000774284577298962,4,2,1.3226987182660542e-09,PRUNED
47,0.4047401594699277,2025-12-23 06:28:11.759715,2025-12-23 06:28:44.202347,0 days 00:00:32.442632,16,0.3391130458748515,0.0010035210940330525,512,0.0004751260209762445,8,1,1.1818763162320483e-08,PRUNED
48,0.26269687135983744,2025-12-23 06:28:44.202544,2025-12-23 06:29:26.737304,0 days 00:00:42.534760,128,0.2510222756359713,0.2975912772021936,768,0.00018471031680199543,4,3,1.3749888812287486e-06,PRUNED
49,0.24058153984335998,2025-12-23 06:29:26.737490,2025-12-23 06:29:58.572213,0 days 00:00:31.834723,16,0.6062276821752993,0.11060299305036521,512,0.0021113765313628356,8,1,4.612210924615263e-08,PRUNED
50,0.3110590739164099,2025-12-23 06:29:58.572406,2025-12-23 06:30:35.110874,0 days 00:00:36.538468,64,1.557012285994486,0.23201731959276786,768,4.4301348648467953e-05,4,2,0.0009957283235485104,PRUNED
51,0.5053450610458504,2025-12-23 06:30:35.111060,2025-12-23 06:32:14.148388,0 days 00:01:39.037328,16,0.7353989060978638,0.08454212612496695,512,7.405282931768985e-05,4,2,2.419471205654572e-07,PRUNED
52,0.5293244037905784,2025-12-23 06:32:14.148581,2025-12-23 06:33:50.917747,0 days 00:01:36.769166,16,0.6830763157627118,0.05672239239399718,512,2.4601569219564296e-05,4,2,1.0193211990226792e-07,PRUNED
53,0.5218043329961528,2025-12-23 06:33:50.917977,2025-12-23 06:35:30.096708,0 days 00:01:39.178731,16,0.10097490026986089,0.14269425674800149,512,0.00010143815485061948,4,2,2.5409000920845634e-07,PRUNED
54,0.5634013541025075,2025-12-23 06:35:30.096900,2025-12-23 06:43:05.693711,0 days 00:07:35.596811,16,0.43352131466661953,0.07182144627978065,512,3.53223427888132e-05,4,3,7.373640424084721e-06,COMPLETE
55,0.5603237113899522,2025-12-23 06:43:05.694030,2025-12-23 06:50:06.465612,0 days 00:07:00.771582,16,0.44230152787959925,0.02856601007797613,512,3.5830501046050496e-05,4,3,2.229142935975029e-05,COMPLETE
56,0.013322335256433027,2025-12-23 06:50:06.466009,2025-12-23 06:50:40.670063,0 days 00:00:34.204054,32,0.4280243653654906,0.17027611233420892,256,3.1072051406249696e-05,8,3,3.6038752341159026e-05,PRUNED
57,0.29821781431706956,2025-12-23 06:50:40.670259,2025-12-23 06:51:12.438833,0 days 00:00:31.768574,16,0.3684119770775086,0.04336215414807184,384,1.5065043077693326e-05,4,3,9.382654238989106e-05,PRUNED
58,0.5622810111876997,2025-12-23 06:51:12.439026,2025-12-23 06:59:49.506680,0 days 00:08:37.067654,16,0.49887390147964955,0.06562156649652598,768,4.871767626672848e-05,4,3,0.0003919832681158401,COMPLETE
59,0.400305212075234,2025-12-23 06:59:49.507011,2025-12-23 07:00:22.636012,0 days 00:00:33.129001,16,0.5014863621185228,0.06934991868721882,512,4.093263747194543e-05,4,3,6.932153065206165e-06,PRUNED
60,0.5320715761460949,2025-12-23 07:00:22.636191,2025-12-23 07:02:00.089637,0 days 00:01:37.453446,16,0.5475639237327361,0.09247156057542247,768,5.199382792841013e-05,4,3,0.00015626267481812876,PRUNED
61,0.5538100130409963,2025-12-23 07:02:00.089825,2025-12-23 07:10:38.839816,0 days 00:08:38.749991,16,0.4687320796066876,0.051315724098492305,768,3.982030510566894e-05,4,3,0.00043064815564952804,COMPLETE
62,0.3869913490624988,2025-12-23 07:10:38.840145,2025-12-23 07:11:12.586538,0 days 00:00:33.746393,16,0.3047000666483293,0.026886511362527787,768,2.6942676619069554e-05,4,3,2.0116276072728377e-05,PRUNED
63,0.5014434426428092,2025-12-23 07:11:12.586728,2025-12-23 07:12:49.940717,0 days 00:01:37.353989,16,0.3795862553568909,0.12942438452890062,768,2.0406737692920995e-05,4,3,0.0005713097487745709,PRUNED
64,0.08233728351077252,2025-12-23 07:12:49.940906,2025-12-23 07:13:32.192364,0 days 00:00:42.251458,128,0.24946303368955342,0.21573746375627278,768,3.421777789965623e-05,4,3,0.005466775632765671,PRUNED
65,0.19810729711287578,2025-12-23 07:13:32.192549,2025-12-23 07:14:09.729421,0 days 00:00:37.536872,64,0.43062021666280637,0.0700280867657537,512,0.0005707270837595237,8,3,2.459188308596087e-06,PRUNED
66,0.49050865817245737,2025-12-23 07:14:09.729603,2025-12-23 07:15:14.540002,0 days 00:01:04.810399,16,0.5908621414877258,0.10434458397050765,768,0.0002570633898187991,4,3,0.000947407223924878,PRUNED
67,0.3436354863887888,2025-12-23 07:15:14.540191,2025-12-23 07:15:48.358247,0 days 00:00:33.818056,32,0.842698661503685,0.3357616010848004,512,6.58718226366166e-05,4,4,5.238440548298915e-05,PRUNED
68,0.41100435489952164,2025-12-23 07:15:48.358423,2025-12-23 07:16:20.537620,0 days 00:00:32.179197,16,0.5215902250628017,0.2576078927576646,768,1.1443231371549236e-05,8,3,0.00021248493480616952,PRUNED
69,0.4053388344642702,2025-12-23 07:16:20.537812,2025-12-23 07:16:53.957818,0 days 00:00:33.420006,16,0.14027938359098083,0.1988580915982831,256,0.00035911780861752564,4,3,0.002334927270589754,PRUNED
70,0.009140299628801907,2025-12-23 07:16:53.958001,2025-12-23 07:17:31.988386,0 days 00:00:38.030385,64,0.34874632915244835,0.15948318094982114,512,1.7037750071862544e-05,4,4,4.694762375991421e-10,PRUNED
71,0.5630147785916438,2025-12-23 07:17:31.988566,2025-12-23 07:26:20.145551,0 days 00:08:48.156985,16,0.4606367727481004,0.05059001073043887,768,3.6138214639861466e-05,4,3,0.0002893002739272834,COMPLETE
72,0.559097098713194,2025-12-23 07:26:20.145886,2025-12-23 07:33:28.186619,0 days 00:07:08.040733,16,0.3987333311211312,0.03509643793872707,768,3.7350131106515564e-05,4,3,7.957082077020297e-05,COMPLETE
73,0.4152166418406047,2025-12-23 07:33:28.186943,2025-12-23 07:34:00.752372,0 days 00:00:32.565429,16,0.4945132886297769,0.04942519769071298,768,2.4605868201870893e-05,4,3,0.00027209730984817794,PRUNED
74,0.361016863043718,2025-12-23 07:34:00.752568,2025-12-23 07:34:35.689206,0 days 00:00:34.936638,16,0.2819706584483166,0.06250392152362863,768,5.292522271887936e-05,4,3,2.3872041819084848e-05,PRUNED
75,0.4178293818471526,2025-12-23 07:34:35.689397,2025-12-23 07:35:08.509822,0 days 00:00:32.820425,16,0.4327690119870919,0.09435407872532446,768,3.4084824706324805e-05,4,3,0.0008434248995427733,PRUNED
76,0.4935022531643809,2025-12-23 07:35:08.510008,2025-12-23 07:36:15.274062,0 days 00:01:06.764054,16,0.32875926232551034,0.07392677460053584,384,2.200614679250702e-05,4,3,5.898506946079507e-06,PRUNED
77,-0.02576194649487968,2025-12-23 07:36:15.274252,2025-12-23 07:36:56.846389,0 days 00:00:41.572137,128,0.46369516487947127,0.009084036597800247,512,2.7511704214695083e-05,8,3,6.533516042087806e-05,PRUNED
78,0.5103280787863388,2025-12-23 07:36:56.846592,2025-12-23 07:38:02.441132,0 days 00:01:05.594540,16,0.5575520013026484,0.04007525140290288,768,0.0002217229449274187,4,3,8.176521121398345e-07,PRUNED
79,0.042875052248722095,2025-12-23 07:38:02.441318,2025-12-23 07:38:39.286473,0 days 00:00:36.845155,64,0.6471970519059307,0.026927532309230617,512,0.0010221825167438926,4,3,0.0003408889073226896,PRUNED
80,0.31732238926515943,2025-12-23 07:38:39.286668,2025-12-23 07:39:11.616691,0 days 00:00:32.330023,16,1.941194747067071,0.05923093990004305,768,0.0008410261031922309,4,1,1.25009561945974e-05,PRUNED
81,0.5072616571045485,2025-12-23 07:39:11.616885,2025-12-23 07:40:19.410748,0 days 00:01:07.793863,16,0.40149763324222043,0.03367349749933922,768,3.952595498810539e-05,4,3,0.0012859050229196319,PRUNED
82,0.3799797449758739,2025-12-23 07:40:19.410936,2025-12-23 07:40:53.327525,0 days 00:00:33.916589,16,0.38648515001007705,0.020670003972581893,768,5.026366456158251e-05,4,3,0.00011342008490091871,PRUNED
83,0.38933258412857685,2025-12-23 07:40:53.327710,2025-12-23 07:41:28.822233,0 days 00:00:35.494523,16,0.5194582320153205,0.04396282150592428,768,3.7859609420103795e-05,4,3,8.270573557060914e-05,PRUNED
84,0.4099172350365866,2025-12-23 07:41:28.822433,2025-12-23 07:42:00.787450,0 days 00:00:31.965017,16,0.4636389368403113,0.01049490335189348,768,2.891789074654775e-05,4,3,3.165179269558203e-05,PRUNED
85,0.5055787781280219,2025-12-23 07:42:00.787639,2025-12-23 07:43:38.697746,0 days 00:01:37.910107,16,0.41179747028436314,0.052909354087556884,768,4.6023112129773995e-05,4,3,1.794882195793325e-05,PRUNED
86,0.48092567787896706,2025-12-23 07:43:38.697959,2025-12-23 07:44:43.713735,0 days 00:01:05.015776,16,0.6236698391496384,0.08085570789723572,512,0.00014811909422399584,8,3,0.00015543645266361618,PRUNED
87,0.12923339256585573,2025-12-23 07:44:43.713939,2025-12-23 07:45:21.111478,0 days 00:00:37.397539,32,0.35686221063904283,0.1858895707076258,512,0.001301584414294649,4,4,2.3654787579640083e-10,PRUNED
88,0.3849726636258607,2025-12-23 07:45:21.111669,2025-12-23 07:45:54.235586,0 days 00:00:33.123917,16,1.1704375390857915,0.11553017066805588,256,6.428558422500943e-05,4,3,2.8078017907724433e-09,PRUNED
89,0.3187694621934177,2025-12-23 07:45:54.235782,2025-12-23 07:46:30.527600,0 days 00:00:36.291818,64,0.5481523774162566,0.03433319368776219,768,3.179814796716438e-05,4,3,2.1442431421469705e-06,PRUNED
90,0.509833253331625,2025-12-23 07:46:30.527792,2025-12-23 07:47:33.561129,0 days 00:01:03.033337,16,1.3769191419906983,0.09076015747486868,512,0.00048793486699365805,4,1,0.003930602647129081,PRUNED
91,0.5001312421039417,2025-12-23 07:47:33.561313,2025-12-23 07:48:38.617695,0 days 00:01:05.056382,16,0.49060328419758864,0.052919154302372894,768,3.537385054123871e-05,4,3,0.00041922729485631443,PRUNED
92,0.5547318977254119,2025-12-23 07:48:38.617916,2025-12-23 07:56:44.419128,0 days 00:08:05.801212,16,0.4542074588560493,0.07470813763500071,768,4.262923997004711e-05,4,3,0.0004994170807282032,COMPLETE
93,0.49698869342911844,2025-12-23 07:56:44.419465,2025-12-23 07:57:49.310281,0 days 00:01:04.890816,16,0.43046158705132215,0.07398284806138652,768,4.495630923254977e-05,4,3,0.0015412878939108758,PRUNED
94,0.5349181976370185,2025-12-23 07:57:49.310471,2025-12-23 07:59:30.898147,0 days 00:01:41.587676,16,0.4482567237229389,0.019474880699957335,768,7.20157601543962e-05,4,3,0.0005794251722705669,PRUNED
95,0.5625551563707025,2025-12-23 07:59:30.898343,2025-12-23 08:07:43.953913,0 days 00:08:13.055570,16,0.367871415734823,0.22499462391049288,768,5.7242162691443005e-05,4,3,0.00023721391632404893,COMPLETE
96,0.37913112702174706,2025-12-23 08:07:43.954263,2025-12-23 08:08:17.580733,0 days 00:00:33.626470,16,0.29032556225369116,0.22593375009891775,384,5.4206779077517216e-05,8,3,0.00024073981242329486,PRUNED
97,0.17928764938069425,2025-12-23 08:08:17.580914,2025-12-23 08:09:00.101155,0 days 00:00:42.520241,128,0.21560913268804985,0.25250357978614946,768,5.856274584074907e-05,4,3,0.00011495552044452499,PRUNED
98,0.38342636158240634,2025-12-23 08:09:00.101340,2025-12-23 08:09:32.524139,0 days 00:00:32.422799,16,0.39153711898775256,0.27068491437159126,512,2.4680990859258752e-05,4,3,4.1260184754785086e-06,PRUNED
99,0.4083539914368794,2025-12-23 08:09:32.524322,2025-12-23 08:10:05.619740,0 days 00:00:33.095418,16,0.3124906722861045,0.21758841156781167,768,2.845503856972753e-05,4,3,4.977043071265119e-05,PRUNED
100,0.39349573984039427,2025-12-23 08:10:05.619921,2025-12-23 08:10:42.385807,0 days 00:00:36.765886,64,0.5829037554283616,0.24551722573625887,512,0.0002857622883338961,4,2,8.743362471139615e-06,PRUNED
101,0.42656352416630505,2025-12-23 08:10:42.386004,2025-12-23 08:11:15.859747,0 days 00:00:33.473743,16,0.4856469677107003,0.19488094671377026,768,3.7170462296956296e-05,4,3,0.0005662992286835132,PRUNED
102,0.41174626305127565,2025-12-23 08:11:15.859930,2025-12-23 08:11:48.430069,0 days 00:00:32.570139,16,0.3505725725368502,0.062314174546656234,768,4.708952085981317e-05,4,3,0.00016339721787854406,PRUNED
103,0.42767374615140324,2025-12-23 08:11:48.430251,2025-12-23 08:12:20.967349,0 days 00:00:32.537098,16,0.3690969257830858,0.23735830244508013,768,3.193941987645335e-05,4,3,0.00034704078541416666,PRUNED
104,0.5659769106933833,2025-12-23 08:12:20.967532,2025-12-23 08:20:59.204423,0 days 00:08:38.236891,16,0.5101739018692717,0.04322004562748053,768,4.289814674277788e-05,4,3,0.0008300016390866594,COMPLETE
105,0.3845136337552484,2025-12-23 08:20:59.204759,2025-12-23 08:21:31.518962,0 days 00:00:32.314203,16,0.5416867853392254,0.20966670936607892,768,9.506781339818834e-05,4,3,0.0007378075377412517,PRUNED
106,0.513895486488753,2025-12-23 08:21:31.519147,2025-12-23 08:23:10.829005,0 days 00:01:39.309858,16,0.7354641184997068,0.042725651421530925,768,1.82776077341798e-05,8,3,0.0016521804960121552,PRUNED
107,0.3715952147721239,2025-12-23 08:23:10.829192,2025-12-23 08:23:44.158121,0 days 00:00:33.328929,32,0.5150598301660895,0.030524631722069588,512,2.2057474215557443e-05,4,3,0.002848204907284689,PRUNED
108,0.38681533289363657,2025-12-23 08:23:44.158312,2025-12-23 08:24:16.892891,0 days 00:00:32.734579,16,0.41386529772361114,0.17575434911357726,256,5.896710747955753e-05,4,3,7.006169039064907e-05,PRUNED
109,0.42351976456625584,2025-12-23 08:24:16.893085,2025-12-23 08:24:49.588719,0 days 00:00:32.695634,16,0.6816771072183567,0.20582402272741473,768,2.9984657235104122e-05,4,2,3.2549633307181514e-07,PRUNED
110,0.5203612204316941,2025-12-23 08:24:49.588912,2025-12-23 08:25:57.834905,0 days 00:01:08.245993,16,0.5925444110135892,0.00543254753958906,512,0.00012443136846983463,4,3,9.325784597059651e-07,PRUNED
111,0.5721636590086778,2025-12-23 08:25:57.835103,2025-12-23 08:34:01.576013,0 days 00:08:03.740910,16,0.4867468005303538,0.07267909575713345,768,4.436674420775166e-05,4,3,0.0002234992481603898,COMPLETE
112,0.38342812174409496,2025-12-23 08:34:01.576356,2025-12-23 08:34:39.085294,0 days 00:00:37.508938,16,0.48163130851938696,0.06612370710644142,768,3.839225176029927e-05,4,3,0.00030148929435648894,PRUNED
113,0.41413700266484627,2025-12-23 08:34:39.085479,2025-12-23 08:35:11.751004,0 days 00:00:32.665525,16,0.40353271450520173,0.05719777781727497,768,4.240945976862276e-05,4,3,0.00020918911431834082,PRUNED
114,0.41799285686398335,2025-12-23 08:35:11.751193,2025-12-23 08:35:45.711915,0 days 00:00:33.960722,16,0.5228167087310984,0.045213897052808774,768,2.516510519619266e-05,4,3,0.0011057029351484405,PRUNED
115,0.36729183946365473,2025-12-23 08:35:45.712113,2025-12-23 08:36:21.512273,0 days 00:00:35.800160,64,1.7357008885801177,0.10432552336117631,768,4.8844390876116795e-05,4,3,0.00011940448607856959,PRUNED
116,0.3993967486236942,2025-12-23 08:36:21.512463,2025-12-23 08:36:53.480860,0 days 00:00:31.968397,16,0.3282556974400632,0.02318102699564222,384,7.154719285254575e-05,8,3,3.105362141426743e-05,PRUNED
117,0.40229155454084375,2025-12-23 08:36:53.481043,2025-12-23 08:37:27.895391,0 days 00:00:34.414348,16,0.43830508111505956,0.08641312450354828,768,3.553889976058448e-05,4,3,1.5824757704760937e-05,PRUNED
118,-0.012708588810114335,2025-12-23 08:37:27.895573,2025-12-23 08:38:10.348096,0 days 00:00:42.452523,128,0.618033775419247,0.038135586078342526,512,2.1654053642861542e-05,4,1,4.0989505848266524e-05,PRUNED
119,0.5165456299311841,2025-12-23 08:38:10.348284,2025-12-23 08:39:18.966670,0 days 00:01:08.618386,16,0.37626680937547907,0.12592680218544045,768,3.1905238463723045e-05,4,3,7.132396069553823e-05,PRUNED
120,-0.08731643924995904,2025-12-23 08:39:18.966850,2025-12-23 08:39:50.043649,0 days 00:00:31.076799,16,0.5619945646603305,0.14238828258693925,768,0.0022387037454051173,4,3,0.0007316477826665634,PRUNED
121,0.4819258897585264,2025-12-23 08:39:50.043835,2025-12-23 08:40:59.224071,0 days 00:01:09.180236,16,0.45704552042920893,0.07454688055250282,768,4.174098443935503e-05,4,3,0.0004760600768093137,PRUNED
122,0.09658953929798388,2025-12-23 08:40:59.224263,2025-12-23 08:41:31.508772,0 days 00:00:32.284509,16,0.4636966238911417,0.09847328269168801,768,0.0006874465944934931,4,3,0.00018564845583939895,PRUNED
123,0.5090926653011374,2025-12-23 08:41:31.508965,2025-12-23 08:42:34.652002,0 days 00:01:03.143037,16,0.4199903778873275,0.07805450530292947,768,5.456153983556514e-05,4,3,0.0003531005278072221,PRUNED
124,0.5493079594819238,2025-12-23 08:42:34.652192,2025-12-23 08:51:08.354253,0 days 00:08:33.702061,16,0.4904281815538167,0.06484993871593861,768,4.3436040150263006e-05,4,3,1.1549245856016385e-08,COMPLETE
125,0.4178648051011361,2025-12-23 08:51:08.354588,2025-12-23 08:51:42.503256,0 days 00:00:34.148668,16,0.4456147664626755,0.050554909872505445,512,3.676731638411403e-05,4,3,0.0002650688872682588,PRUNED
126,0.5160994289431186,2025-12-23 08:51:42.503445,2025-12-23 08:52:50.960072,0 days 00:01:08.456627,16,0.533669449985352,0.08840823466134046,768,2.7523315807456362e-05,4,3,0.0001300860121388151,PRUNED
127,0.5219073024549372,2025-12-23 08:52:50.960257,2025-12-23 08:54:00.386109,0 days 00:01:09.425852,16,0.3934312836467627,0.01517474607549461,768,4.958926892364387e-05,8,3,5.705164114524062e-07,PRUNED
128,0.2964871353367322,2025-12-23 08:54:00.386293,2025-12-23 08:54:37.136927,0 days 00:00:36.750634,64,0.5064949711983954,0.2224162080889811,512,6.175197544489621e-05,4,3,0.004939412827190811,PRUNED
129,0.4036147560902652,2025-12-23 08:54:37.137103,2025-12-23 08:55:09.703223,0 days 00:00:32.566120,16,0.7717718916869843,0.3877245918405037,768,3.267057258158278e-05,4,3,0.0019316244953679791,PRUNED
130,0.3464568055554385,2025-12-23 08:55:09.703405,2025-12-23 08:55:43.551272,0 days 00:00:33.847867,32,0.6624370753119057,0.031063601028136215,256,8.43227883016762e-05,4,3,0.0006634330132531434,PRUNED
131,0.5095637285730548,2025-12-23 08:55:43.551463,2025-12-23 08:56:48.709130,0 days 00:01:05.157667,16,0.46871446339091793,0.05170523272380473,768,4.0217032087131723e-05,4,3,0.0012107018881394671,PRUNED
132,0.5598330663192489,2025-12-23 08:56:48.709334,2025-12-23 09:04:25.891902,0 days 00:07:37.182568,16,0.4397165077999874,0.05762185655358451,768,3.850749326807171e-05,4,3,0.00046144109403038546,COMPLETE
133,0.49475081227897905,2025-12-23 09:04:25.892224,2025-12-23 09:05:30.540311,0 days 00:01:04.648087,16,0.4252276263925202,0.0617745632876685,768,4.5910164558002146e-05,4,3,0.00042772478814797135,PRUNED
134,0.5018837030851757,2025-12-23 09:05:30.540501,2025-12-23 09:06:34.531215,0 days 00:01:03.990714,16,0.3385630485868697,0.06788338460984408,768,3.551632905894919e-05,4,3,0.0008973897651608067,PRUNED
135,0.5109474356805225,2025-12-23 09:06:34.531406,2025-12-23 09:07:39.842565,0 days 00:01:05.311159,16,0.5743395869691623,0.07818796712977316,768,2.671835634254027e-05,4,3,0.00025667120331348685,PRUNED
136,0.44016077321090846,2025-12-23 09:07:39.842759,2025-12-23 09:08:13.820520,0 days 00:00:33.977761,16,0.36672870474624714,0.039039958674898276,512,4.086755741146605e-05,4,3,2.4613621408572365e-05,PRUNED
137,0.33519104060976185,2025-12-23 09:08:13.820735,2025-12-23 09:08:45.978633,0 days 00:00:32.157898,16,0.4449822756687187,0.05561348479919645,768,0.00038513671837726957,4,3,0.0005021453123891391,PRUNED
138,0.5649406154992072,2025-12-23 09:08:45.978832,2025-12-23 09:18:27.289293,0 days 00:09:41.310461,16,0.4977241340376354,0.11155624065419742,768,5.2841791690054596e-05,8,3,8.735302110973188e-05,COMPLETE
139,0.0997844462088139,2025-12-23 09:18:27.289588,2025-12-23 09:19:04.137163,0 days 00:00:36.847575,64,0.5021253354984354,0.20146284376101503,512,3.0847176783337045e-05,8,3,0.00011098219181064238,PRUNED
140,0.5084130787989225,2025-12-23 09:19:04.137351,2025-12-23 09:20:10.398089,0 days 00:01:06.260738,16,1.308365439092786,0.024894182626221516,768,5.427343459701264e-05,8,1,5.927255291025628e-05,PRUNED
141,0.5615468037433333,2025-12-23 09:20:10.398278,2025-12-23 09:28:45.736957,0 days 00:08:35.338679,16,0.5331459151754874,0.047360556964476344,768,4.8578195738794925e-05,8,3,0.000199153416444844,COMPLETE
142,0.5171407846021494,2025-12-23 09:28:45.737304,2025-12-23 09:29:49.403106,0 days 00:01:03.665802,16,0.525552462333021,0.030895783996372342,768,6.359407252083664e-05,8,3,0.00016922055666910497,PRUNED
143,0.5216212761805362,2025-12-23 09:29:49.403300,2025-12-23 09:30:53.389643,0 days 00:01:03.986343,16,0.5943640488567173,0.04718332672540384,768,4.9156954081152226e-05,8,3,0.00021961034217001654,PRUNED
144,0.438554625670041,2025-12-23 09:30:53.389849,2025-12-23 09:31:59.201613,0 days 00:01:05.811764,16,0.6346172501498,0.11125803354518624,768,5.601972675661665e-05,8,3,1.544728486790404e-06,PRUNED
145,0.41446681296125176,2025-12-23 09:31:59.201815,2025-12-23 09:32:32.691244,0 days 00:00:33.489429,16,0.40209006543709375,0.18818279119787637,384,3.687052436920876e-05,8,3,0.00010068489735807577,PRUNED
146,0.4413695642505695,2025-12-23 09:32:32.691437,2025-12-23 09:33:05.204351,0 days 00:00:32.512914,16,0.47133076065830565,0.1578553973304507,768,7.004736875444183e-05,8,3,8.306415428299173e-05,PRUNED
147,0.13412784099635808,2025-12-23 09:33:05.204530,2025-12-23 09:33:47.957643,0 days 00:00:42.753113,128,0.5628652200174032,0.041801840048462435,768,3.3328587688016703e-05,8,3,1.2952130329866061e-07,PRUNED
148,0.4815377741061853,2025-12-23 09:33:47.957854,2025-12-23 09:35:24.140234,0 days 00:01:36.182380,16,0.49828367759064335,0.06596594094094976,512,7.822976977688649e-05,8,3,0.0003233221813567768,PRUNED
149,0.33473471558343804,2025-12-23 09:35:24.140427,2025-12-23 09:35:56.134963,0 days 00:00:31.994536,16,0.420128317143723,0.05926962342298053,768,0.0003119601044598488,8,3,4.7846607127444695e-05,PRUNED
150,0.4548574632502672,2025-12-23 09:35:56.135152,2025-12-23 09:36:29.947587,0 days 00:00:33.812435,16,0.5366534206488873,0.08507962730817831,768,4.458140327662525e-05,8,3,0.00017531645652462386,PRUNED
151,0.3996891554842164,2025-12-23 09:36:29.947790,2025-12-23 09:37:01.759773,0 days 00:00:31.811983,16,0.4627374639636983,0.07163828386784662,768,4.074814930613854e-05,4,3,0.0006154657552925272,PRUNED
152,0.4036112357668879,2025-12-23 09:37:01.759993,2025-12-23 09:37:34.468249,0 days 00:00:32.708256,16,0.37936831086682554,0.051328499368322414,768,4.849528740984393e-05,4,3,9.066590169815088e-06,PRUNED
153,0.43551284625189146,2025-12-23 09:37:34.468435,2025-12-23 09:38:09.487712,0 days 00:00:35.019277,16,0.44285125734160286,0.22930327107191828,768,2.952453634316122e-05,4,3,0.00037270746795369723,PRUNED
154,0.5229730803573978,2025-12-23 09:38:09.487899,2025-12-23 09:39:14.988682,0 days 00:01:05.500783,16,0.48468029837111937,0.09722272213286356,768,3.833438020211537e-05,4,3,0.0008835336449721552,PRUNED
155,0.4037905522389163,2025-12-23 09:39:14.988865,2025-12-23 09:39:46.844591,0 days 00:00:31.855726,16,0.4017638298031625,0.042923633374870894,768,5.2621764514454825e-05,4,3,0.0002405116349399081,PRUNED
156,0.41817503359875574,2025-12-23 09:39:46.844796,2025-12-23 09:40:19.566099,0 days 00:00:32.721303,16,1.072823229991311,0.0356774518090351,512,4.4754420553676125e-05,4,2,0.00014558602037186062,PRUNED
157,0.38108182621316217,2025-12-23 09:40:19.566298,2025-12-23 09:40:56.426675,0 days 00:00:36.860377,64,0.5124932498650755,0.08006864113185065,768,3.509631311251205e-05,4,3,2.654393438931168e-09,PRUNED
158,0.4950093916102633,2025-12-23 09:40:56.426865,2025-12-23 09:42:02.931172,0 days 00:01:06.504307,16,0.14252366115192455,0.05706210888406068,768,2.929754982670028e-05,4,3,3.6054900147950615e-10,PRUNED
159,0.2890329148746446,2025-12-23 09:42:02.931357,2025-12-23 09:42:34.805042,0 days 00:00:31.873685,16,0.8961782763823963,0.014998706162120781,512,0.000562386756563052,4,3,2.8219096416719706e-08,PRUNED
160,0.44798645207852095,2025-12-23 09:42:34.805234,2025-12-23 09:43:05.883876,0 days 00:00:31.078642,16,0.5495956391695374,0.07410695753793936,768,2.4846156921661702e-05,4,4,0.00053531393030642,PRUNED
161,0.414113946098773,2025-12-23 09:43:05.884057,2025-12-23 09:43:37.143648,0 days 00:00:31.259591,16,0.45831974243797763,0.04968194466648882,768,0.0001739539371033509,4,3,0.00031820981366518424,PRUNED
162,0.4379702519894186,2025-12-23 09:43:37.143850,2025-12-23 09:44:09.610364,0 days 00:00:32.466514,16,0.4821582784157188,0.06653193085851537,768,4.070877098594075e-05,4,3,0.0005213927420690424,PRUNED
163,0.5015118689284543,2025-12-23 09:44:09.610550,2025-12-23 09:45:13.058901,0 days 00:01:03.448351,16,0.42629556233845073,0.02862868067162455,768,3.3332029598243736e-05,4,3,3.3147781677161834e-07,PRUNED
164,0.4026948515877492,2025-12-23 09:45:13.059099,2025-12-23 09:45:46.278816,0 days 00:00:33.219717,32,0.44782087331929826,0.04430732368951726,768,5.952028808950503e-05,4,3,8.893333082367672e-10,PRUNED
165,0.5299125178147892,2025-12-23 09:45:46.278997,2025-12-23 09:47:24.103108,0 days 00:01:37.824111,16,0.49997926450791674,0.13608883429431495,256,0.00020572626144374238,4,3,6.319392778097535e-08,PRUNED
166,-0.23239862990582746,2025-12-23 09:47:24.103296,2025-12-23 09:47:56.134404,0 days 00:00:32.031108,16,0.359825671703353,0.05771039583526894,768,0.0011451404629190753,4,3,0.0013116692627904018,PRUNED
167,0.35762943187396534,2025-12-23 09:47:56.134585,2025-12-23 09:48:28.652971,0 days 00:00:32.518386,16,0.3932804830556892,0.09054799702913206,768,4.422251051147371e-05,8,3,0.0004096674551279542,PRUNED
168,0.3963516689023784,2025-12-23 09:48:28.653151,2025-12-23 09:49:00.749856,0 days 00:00:32.096705,16,0.5951826760343875,0.0011914815946021326,512,3.8471866553217635e-05,4,3,0.00023184002627360314,PRUNED
169,0.5624086229101248,2025-12-23 09:49:00.750047,2025-12-23 09:58:44.400522,0 days 00:09:43.650475,16,0.5296937857628545,0.039358606935590054,768,5.069982657348166e-05,4,1,0.0007480610123355966,COMPLETE
170,0.46236411281181694,2025-12-23 09:58:44.400838,2025-12-23 09:59:15.686985,0 days 00:00:31.286147,16,0.7061021864675214,0.03453638328137167,768,5.015610319046279e-05,4,1,0.0006882210865947603,PRUNED
171,0.43749654847496827,2025-12-23 09:59:15.687175,2025-12-23 09:59:49.422090,0 days 00:00:33.734915,16,0.47658861415557163,0.04810585052710388,768,4.1045996897636825e-05,4,1,0.002248262554589437,PRUNED
172,0.4210980021029233,2025-12-23 09:59:49.422277,2025-12-23 10:00:21.521006,0 days 00:00:32.098729,16,0.5296418200785291,0.03874839169814277,768,5.4011331263515806e-05,4,1,0.0007741933630216362,PRUNED
173,0.3927371768747936,2025-12-23 10:00:21.521186,2025-12-23 10:00:54.527827,0 days 00:00:33.006641,16,0.4240754995401343,0.019336426523346988,768,3.608353342400923e-05,4,1,0.001064599934881223,PRUNED
174,0.5003261800109565,2025-12-23 10:00:54.528017,2025-12-23 10:02:01.669962,0 days 00:01:07.141945,16,0.5779340770169644,0.06146510304516807,768,4.581260370794746e-05,4,1,0.00044754087427714326,PRUNED
175,0.32255887028880936,2025-12-23 10:02:01.670151,2025-12-23 10:02:38.942233,0 days 00:00:37.272082,64,1.5104356192481383,0.07144950093250409,384,6.616730005319745e-05,4,3,9.317171777890908e-05,PRUNED
176,0.42557123301434446,2025-12-23 10:02:38.942428,2025-12-23 10:03:10.978066,0 days 00:00:32.035638,16,0.5202997435538421,0.1789581265734714,768,3.0997072686586433e-05,4,1,0.00014656372314349205,PRUNED
177,0.4929618835259739,2025-12-23 10:03:10.978244,2025-12-23 10:04:13.394150,0 days 00:01:02.415906,16,0.45134784051394256,0.023463245529762287,512,0.00014577988513256868,4,3,0.000327832059418398,PRUNED
178,0.22104968564535712,2025-12-23 10:04:13.394341,2025-12-23 10:04:56.795444,0 days 00:00:43.401103,128,0.5514645854057565,0.21600183251469166,768,5.8109790978166214e-05,8,3,0.00020971545135789073,PRUNED
179,0.5149705052400787,2025-12-23 10:04:56.795847,2025-12-23 10:06:02.418073,0 days 00:01:05.622226,16,0.48924927985053607,0.053867771804909634,768,5.006110252339779e-05,4,3,3.838409215060447e-06,PRUNED
180,0.34547379540634693,2025-12-23 10:06:02.418261,2025-12-23 10:06:35.821252,0 days 00:00:33.402991,16,0.6355572342109838,0.07896341158829727,768,0.0004349887378136239,4,3,0.0015683345315395398,PRUNED
181,0.38997724334703454,2025-12-23 10:06:35.821436,2025-12-23 10:07:10.408512,0 days 00:00:34.587076,16,0.4721401495920281,0.032711192916577564,512,4.207236548185426e-05,4,2,6.176064668382562e-07,PRUNED
182,0.4558741766456573,2025-12-23 10:07:10.408716,2025-12-23 10:07:42.352131,0 days 00:00:31.943415,16,0.810507448880089,0.01515572429093073,512,3.507359201535073e-05,4,2,2.3228052964449154e-07,PRUNED
183,0.5063184304596583,2025-12-23 10:07:42.352319,2025-12-23 10:08:51.381964,0 days 00:01:09.029645,16,0.5067101776848016,0.043070999669040086,512,9.599952218631849e-05,4,2,0.0004387557973955761,PRUNED
184,0.43359911045593746,2025-12-23 10:08:51.382167,2025-12-23 10:09:23.639961,0 days 00:00:32.257794,16,0.4148720228136375,0.023273363858785152,512,4.597154800134602e-05,4,2,1.7946216800448083e-07,PRUNED
185,0.47571075883600283,2025-12-23 10:09:23.640151,2025-12-23 10:10:28.151821,0 days 00:01:04.511670,16,0.43681991270807297,0.055289495087827406,512,3.889971269767618e-05,4,3,3.3460099841935697e-07,PRUNED
186,0.3807183528244617,2025-12-23 10:10:28.152003,2025-12-23 10:11:00.506552,0 days 00:00:32.354549,16,0.9845452777030413,0.0661035288566729,768,2.7831515649022225e-05,8,3,1.4916578609663436e-10,PRUNED
187,0.4021978259309246,2025-12-23 10:11:00.506746,2025-12-23 10:11:33.230784,0 days 00:00:32.724038,16,0.5453895505221698,0.03743144772305454,512,3.341087759525908e-05,4,3,1.1617090412929217e-06,PRUNED
188,0.5505928775146177,2025-12-23 10:11:33.230972,2025-12-23 10:19:43.452797,0 days 00:08:10.221825,16,0.615626619758393,0.047857710563447634,768,7.643433647470793e-05,4,1,0.00029945245189543526,COMPLETE
189,-0.16653584951547615,2025-12-23 10:19:43.453111,2025-12-23 10:20:21.473942,0 days 00:00:38.020831,64,0.3871230767625872,0.2381383955469793,768,0.0017575364715495842,4,3,0.0008801836044110071,PRUNED
190,0.5232423850957569,2025-12-23 10:20:21.474129,2025-12-23 10:21:27.625678,0 days 00:01:06.151549,16,0.4642474028138301,0.010215859195694173,768,5.662170277235186e-05,4,3,2.332605322874757e-06,PRUNED
191,0.4994199167615273,2025-12-23 10:21:27.625863,2025-12-23 10:22:32.199851,0 days 00:01:04.573988,16,0.6697658316191452,0.04931563897621409,768,8.412599024181185e-05,4,1,0.00026744595049531825,PRUNED
192,0.5309122896539263,2025-12-23 10:22:32.200048,2025-12-23 10:24:18.504377,0 days 00:01:46.304329,16,0.718126935243441,0.04049488503076549,768,6.65330705485305e-05,4,1,0.00018475063542906792,PRUNED
193,0.5193524277639027,2025-12-23 10:24:18.504570,2025-12-23 10:25:24.896047,0 days 00:01:06.391477,16,0.5983940912117602,0.0297723901163032,768,5.078077894030157e-05,4,1,9.03013701196239e-08,PRUNED
194,0.5099177410926788,2025-12-23 10:25:24.896242,2025-12-23 10:26:28.967010,0 days 00:01:04.070768,16,0.5253262796074905,0.16942334605316672,768,0.0001169081020353704,4,1,0.0003174303593806287,PRUNED
195,0.4139691272437939,2025-12-23 10:26:28.967204,2025-12-23 10:27:03.527509,0 days 00:00:34.560305,16,0.6251434373536617,0.04827996288078017,768,7.679102060607111e-05,4,1,0.0005290318456225861,PRUNED
196,0.4126008215511016,2025-12-23 10:27:03.527701,2025-12-23 10:27:37.166860,0 days 00:00:33.639159,16,0.49503311538103756,0.06083975268446565,256,4.367294005742443e-05,8,1,3.6622349814720975e-05,PRUNED
197,0.3725963067325275,2025-12-23 10:27:37.167044,2025-12-23 10:28:13.053604,0 days 00:00:35.886560,32,0.564966299617758,0.07152982416504776,512,6.071977921292299e-05,4,3,6.831491589135407e-05,PRUNED
198,0.43884505234866367,2025-12-23 10:28:13.053805,2025-12-23 10:28:46.257367,0 days 00:00:33.203562,16,0.7606952291094098,0.20691290312975424,768,3.844413635208308e-05,4,3,0.00014275240860390985,PRUNED
199,0.33695743294215774,2025-12-23 10:28:46.257554,2025-12-23 10:29:19.024532,0 days 00:00:32.766978,16,0.5878140325980824,0.12175674634085101,768,0.00025313053524376485,4,3,0.000715746759977994,PRUNED
