number,value,datetime_start,datetime_complete,duration,params_batch_size,params_channels,params_dropout,params_huber_delta,params_kernel,params_layers,params_loss,params_lr,params_weight_decay,user_attrs_val_mae,user_attrs_val_r2,user_attrs_val_rmse,user_attrs_val_spearman_rho,state
0,0.4765445192174409,2025-12-21 04:23:55.405084,2025-12-21 04:42:43.147006,0 days 00:18:47.741922,32,128,0.11128655019558592,0.575392020889909,5,4,huber,3.0801139091867444e-05,8.677441128898121e-08,0.7336195707321167,0.02109706401824951,1.108859896659851,0.4666452089099095,COMPLETE
1,0.5127653145518352,2025-12-21 04:42:43.147297,2025-12-21 05:02:10.972228,0 days 00:19:27.824931,16,512,0.3236405910593993,1.3041116133988486,3,1,huber,0.00014938291420884652,2.21027380096716e-06,0.7437950968742371,-0.08917021751403809,1.1696467399597168,0.510666891839555,COMPLETE
2,0.49437111837280445,2025-12-21 05:02:10.972481,2025-12-21 05:13:28.812565,0 days 00:11:17.840084,64,512,0.06148578453757958,3.29423449715452,3,4,huber,0.0024791854757306732,1.58305244783095e-08,0.770125687122345,0.01179581880569458,1.1141154766082764,0.4562558332318175,COMPLETE
3,0.5191222138529861,2025-12-21 05:13:28.812805,2025-12-21 05:33:16.082783,0 days 00:19:47.269978,64,128,0.48739128439309576,3.7807173643611693,3,4,huber,0.0007118739611510528,1.0003943039646628e-07,0.7710682153701782,0.024673879146575928,1.1068321466445923,0.4698305042830033,COMPLETE
4,0.4773951398527748,2025-12-21 05:33:16.083027,2025-12-21 05:56:47.304328,0 days 00:23:31.221301,16,128,0.13263192435665294,1.5799226888097997,7,4,huber,1.1543508502628013e-05,2.75591758124695e-06,0.7733831405639648,-0.022568941116333008,1.1333215236663818,0.47280151023603983,COMPLETE
5,0.3485888955485756,2025-12-21 05:56:47.304587,2025-12-21 05:58:36.515845,0 days 00:01:49.211258,32,512,0.23156347088029777,,3,4,mse,0.0007520511304750054,1.756255210539351e-05,0.7951232194900513,-0.03339183330535889,1.1393033266067505,0.3485888955485756,PRUNED
6,0.4400165048810972,2025-12-21 05:58:36.516029,2025-12-21 06:04:45.000032,0 days 00:06:08.484003,16,512,0.17330194089865603,,7,2,mse,2.3812860890485782e-05,0.0009251124722051463,0.7378740906715393,0.05621981620788574,1.0887852907180786,0.4400165048810972,PRUNED
7,0.5284506424853971,2025-12-21 06:04:45.000204,2025-12-21 06:28:46.137583,0 days 00:24:01.137379,16,256,0.384866710095613,1.5565172933366764,5,3,huber,3.457183034459368e-05,0.00014016354814595645,0.7116582989692688,-0.02816784381866455,1.1364200115203857,0.5147443933858892,COMPLETE
8,-0.08505149944663867,2025-12-21 06:28:46.137840,2025-12-21 06:29:07.188683,0 days 00:00:21.050843,64,128,0.07119215665291129,,3,2,mse,1.0372009078348646e-05,6.937451895080809e-10,5.10257625579834,-20.747888565063477,5.226553440093994,-0.08505149944663867,PRUNED
9,0.21053701202053193,2025-12-21 06:29:07.188850,2025-12-21 06:29:33.501654,0 days 00:00:26.312804,16,256,0.36828305687789936,,5,2,mse,2.4709928872769212e-05,3.91038823119171e-09,0.8866651058197021,-0.24863207340240479,1.252345323562622,0.21053701202053193,PRUNED
10,0.5436128873618884,2025-12-21 06:29:33.501831,2025-12-21 06:43:49.079822,0 days 00:14:15.577991,16,256,0.4795582577520192,0.8605386298616639,5,3,huber,0.00010095377408710691,0.0009526499645910637,0.7291844487190247,-0.11847341060638428,1.1852765083312988,0.5255452711233028,COMPLETE
11,0.5575267259214792,2025-12-21 06:43:49.080074,2025-12-21 07:03:18.398325,0 days 00:19:29.318251,16,256,0.48016567914745895,0.8012831981922593,5,3,huber,0.00010387649420679961,0.006786502804663228,0.7020190954208374,0.09344416856765747,1.067097544670105,0.5328117349776494,COMPLETE
12,0.5605051142092636,2025-12-21 07:03:18.398578,2025-12-21 07:28:01.203915,0 days 00:24:42.805337,16,256,0.4893034346350855,0.6737535761666701,5,3,huber,0.00011168212815638422,0.007397986974240624,0.7064933180809021,0.044229090213775635,1.0956801176071167,0.5339705316365317,COMPLETE
13,0.42384039450517863,2025-12-21 07:28:01.204152,2025-12-21 07:31:21.550223,0 days 00:03:20.346071,16,256,0.42619302120542935,0.5170088840280959,5,3,huber,8.471835235111561e-05,0.007091558734333164,0.7876070737838745,-0.07925498485565186,1.1643106937408447,0.42384039450517863,PRUNED
14,0.6062826538359598,2025-12-21 07:31:21.550407,2025-12-21 07:56:16.001845,0 days 00:24:54.451438,16,256,0.2952765971666592,0.9335356659966275,5,3,huber,0.00032063382739979036,0.00797814392014056,0.7441635727882385,0.0858657956123352,1.071548581123352,0.570552499842698,COMPLETE
15,0.4021825108137922,2025-12-21 07:56:16.002089,2025-12-21 07:58:58.599879,0 days 00:02:42.597790,32,256,0.2860426155757492,0.9365498451543255,5,1,huber,0.00042423242929294296,7.095171553924159e-05,0.757206916809082,-0.012166261672973633,1.1275421380996704,0.4021825108137922,PRUNED
16,0.5647551015933222,2025-12-21 07:58:58.600053,2025-12-21 08:19:06.122483,0 days 00:20:07.522430,16,256,0.24189778475089735,2.3767330030248273,7,3,huber,0.00027667605743325705,0.0005093575293941537,0.9077930450439453,-0.14122021198272705,1.1972686052322388,0.5628104706140146,COMPLETE
17,0.2961494412222102,2025-12-21 08:19:06.122736,2025-12-21 08:19:30.109036,0 days 00:00:23.986300,16,256,0.22135341171445566,2.6213519779883745,7,2,huber,0.00032562948210368496,0.00034753729598575124,0.8194407820701599,0.006598055362701416,1.1170415878295898,0.2961494412222102,PRUNED
18,0.22471678988972746,2025-12-21 08:19:30.109213,2025-12-21 08:19:52.702356,0 days 00:00:22.593143,64,256,0.2852942378625877,,7,3,mse,0.0018879929606342807,1.7670124725785518e-05,0.8799851536750793,-0.13865721225738525,1.1959233283996582,0.22471678988972746,PRUNED
19,0.299330699022144,2025-12-21 08:19:52.702536,2025-12-21 08:20:14.025201,0 days 00:00:21.322665,32,256,0.19649503918787342,2.214842833934641,7,2,huber,0.0002550972522083446,0.0011980433698978558,0.8206511735916138,0.009492099285125732,1.1154133081436157,0.299330699022144,PRUNED
20,0.5752055139600747,2025-12-21 08:20:14.025393,2025-12-21 08:42:21.648219,0 days 00:22:07.622826,16,256,0.2799324299414475,1.1088597895133456,7,3,huber,0.0005917858260036262,1.5537798949880237e-05,0.7634289860725403,0.02220284938812256,1.1082333326339722,0.5476338674587429,COMPLETE
21,0.30329161822704637,2025-12-21 08:42:21.648479,2025-12-21 08:42:47.381860,0 days 00:00:25.733381,16,256,0.28504454188214845,1.2204102414141405,7,3,huber,0.0009105833898496559,1.9844788741614378e-05,0.9576376676559448,-0.38186538219451904,1.3174668550491333,0.30329161822704637,PRUNED
22,0.36412515119512445,2025-12-21 08:42:47.382036,2025-12-21 08:44:04.423465,0 days 00:01:17.041429,16,256,0.3388466452058306,2.18987890766687,7,3,huber,0.0004657982354847203,0.00010820100670053713,0.8880965113639832,-0.1558229923248291,1.2049041986465454,0.36412515119512445,PRUNED
23,0.3008408865756486,2025-12-21 08:44:04.423657,2025-12-21 08:44:28.614538,0 days 00:00:24.190881,16,256,0.25292154876145745,1.1746745351245094,7,3,huber,0.0014089237066327242,0.0018860684711489637,0.8270155191421509,-0.07950341701507568,1.1644446849822998,0.3008408865756486,PRUNED
24,0.5845841838809119,2025-12-21 08:44:28.614715,2025-12-21 09:02:21.489195,0 days 00:17:52.874480,16,256,0.014631913444851541,1.0358411819067106,7,2,huber,0.00025664488773935283,4.242351479606318e-07,0.6803017854690552,0.08193409442901611,1.073850393295288,0.551187839512985,COMPLETE
25,0.5397483862097605,2025-12-21 09:02:21.489466,2025-12-21 09:15:34.800230,0 days 00:13:13.310764,16,256,0.004896179262467448,1.1049976913029544,7,1,huber,0.00020136388965298597,3.234215575044069e-07,0.6832953691482544,0.039928555488586426,1.0981422662734985,0.5172314990824298,COMPLETE
26,0.2903678679422391,2025-12-21 09:15:34.800510,2025-12-21 09:16:00.347894,0 days 00:00:25.547384,16,256,0.14167741604849843,,7,2,mse,6.226975442627306e-05,1.2458707004055613e-06,0.8397057056427002,-0.1508042812347412,1.2022854089736938,0.2903678679422391,PRUNED
27,0.5351255029866305,2025-12-21 09:16:00.348069,2025-12-21 09:33:16.642724,0 days 00:17:16.294655,16,256,0.40609372493754126,0.7205599438163551,7,2,huber,0.0005053111584057652,2.250328296413031e-07,0.6745208501815796,0.04388481378555298,1.0958774089813232,0.5351255029866305,PRUNED
28,0.33890360572770883,2025-12-21 09:33:16.642911,2025-12-21 09:33:58.307800,0 days 00:00:41.664889,64,128,0.3181039616423652,1.0038665015088364,7,2,huber,0.0012475584104264844,9.790194858363913e-09,0.7732361555099487,-0.0009100437164306641,1.1212549209594727,0.33890360572770883,PRUNED
29,0.31997628054705707,2025-12-21 09:33:58.307975,2025-12-21 09:35:01.513156,0 days 00:01:03.205181,32,512,0.009861371830884008,1.8085728441520248,5,4,huber,0.00018650208758433975,5.2128206554330485e-06,0.7909594774246216,-0.04393458366394043,1.1451001167297363,0.31997628054705707,PRUNED
30,0.3204616132437632,2025-12-21 09:35:01.513331,2025-12-21 09:35:22.487325,0 days 00:00:20.973994,32,128,0.17878911011685014,1.351376470703578,5,1,huber,0.0005712619062801384,3.4605243115291454e-08,0.784691572189331,-0.0349888801574707,1.1401833295822144,0.3204616132437632,PRUNED
31,0.30871589546374795,2025-12-21 09:35:22.487506,2025-12-21 09:36:36.675642,0 days 00:01:14.188136,16,256,0.25514256024759085,0.917283366716995,7,3,huber,0.00030164899585026505,0.0003403593427914469,1.0030505657196045,-0.47661399841308594,1.3618847131729126,0.30871589546374795,PRUNED
32,0.2952172093779945,2025-12-21 09:36:36.675826,2025-12-21 09:36:59.726345,0 days 00:00:23.050519,16,256,0.3462997916216485,1.9482569901115943,7,3,huber,0.00032749105920341085,8.691899358819932e-06,0.8802332878112793,-0.05067932605743408,1.1487934589385986,0.2952172093779945,PRUNED
33,0.303489449083062,2025-12-21 09:36:59.726520,2025-12-21 09:37:23.779929,0 days 00:00:24.053409,16,256,0.07500718856591068,2.6782461713471513,7,3,huber,0.00015206157889881763,3.3493633996627503e-07,0.8867607712745667,-0.07215416431427002,1.160474181175232,0.303489449083062,PRUNED
34,0.2695256487926923,2025-12-21 09:37:23.780099,2025-12-21 09:37:46.455425,0 days 00:00:22.675326,16,512,0.3081718535552389,4.775782864722157,3,4,huber,0.00021983658362765987,0.0027790924746084775,0.8022772073745728,0.01270073652267456,1.113605260848999,0.2695256487926923,PRUNED
35,0.3396724616732042,2025-12-21 09:37:46.455601,2025-12-21 09:38:39.058695,0 days 00:00:52.603094,16,256,0.11173396151040557,1.441337264399138,7,2,huber,0.0009251989212137178,4.8469216647539785e-05,0.8031896352767944,-0.1136476993560791,1.182716727256775,0.3396724616732042,PRUNED
36,0.2815731465951558,2025-12-21 09:38:39.058874,2025-12-21 09:39:00.832153,0 days 00:00:21.773279,64,256,0.2094899724872675,0.6066021370727895,3,4,huber,0.0004068981329854769,0.0003362418916628777,0.7861067056655884,0.006737053394317627,1.116963505744934,0.2815731465951558,PRUNED
37,0.6006924731437248,2025-12-21 09:39:00.832323,2025-12-21 09:58:26.068263,0 days 00:19:25.235940,16,512,0.028866776928156566,0.7659280335719921,7,3,huber,0.0007284717477850805,9.091908159947717e-07,0.6748360395431519,0.12813591957092285,1.046480655670166,0.5514620547072333,COMPLETE
38,0.3076109233224434,2025-12-21 09:58:26.068513,2025-12-21 09:58:48.891200,0 days 00:00:22.822687,16,512,0.04112741267663504,,7,4,mse,0.000670902235106915,8.531240287789993e-07,0.8377037644386292,-0.16247105598449707,1.2083643674850464,0.3076109233224434,PRUNED
39,0.5687085873868165,2025-12-21 09:58:48.891374,2025-12-21 10:23:19.200516,0 days 00:24:30.309142,16,512,0.04472150024560581,0.7588072790591894,3,2,huber,0.0029637276078691333,5.202915958957811e-08,0.7227931618690491,0.008031070232391357,1.116235613822937,0.5595086272917859,COMPLETE
40,0.3207498599138677,2025-12-21 10:23:19.200767,2025-12-21 10:23:41.048737,0 days 00:00:21.847970,64,512,0.13699096224618368,0.6264463554991482,7,3,huber,0.0011396082234340086,2.9957918118257684e-06,0.7806423306465149,-0.06060004234313965,1.154204249382019,0.3207498599138677,PRUNED
41,0.5360894972992039,2025-12-21 10:23:41.048912,2025-12-21 10:39:35.444515,0 days 00:15:54.395603,16,512,0.03551486259194862,0.7568148088950695,3,2,huber,0.002699301342810658,5.611155571713747e-08,0.6872139573097229,0.00884944200515747,1.1157751083374023,0.513794668802059,COMPLETE
42,0.3177803699784832,2025-12-21 10:39:35.444760,2025-12-21 10:39:58.577574,0 days 00:00:23.132814,16,512,0.08253095944964102,1.0543088112286085,3,2,huber,0.0018469340940253987,1.0959561701656603e-07,0.8664475083351135,-0.21111655235290527,1.2333883047103882,0.3177803699784832,PRUNED
43,0.26327507535145367,2025-12-21 10:39:58.577746,2025-12-21 10:40:22.592828,0 days 00:00:24.015082,16,512,0.03690929927776651,0.855145121588531,3,2,huber,0.002135229234528227,1.031268135398689e-08,0.9931303262710571,-0.4747051000595093,1.361004114151001,0.26327507535145367,PRUNED
44,0.4715192083629127,2025-12-21 10:40:22.592999,2025-12-21 10:46:50.654499,0 days 00:06:28.061500,16,512,0.10170430575787603,,3,1,mse,0.0007040966547142294,2.6856188998210152e-09,0.760400116443634,-0.048268675804138184,1.147474765777588,0.4715192083629127,PRUNED
45,0.3409257574453627,2025-12-21 10:46:50.654673,2025-12-21 10:47:13.771637,0 days 00:00:23.116964,16,512,0.021446301184622762,0.5187739017624664,3,3,huber,0.0009043733701298486,1.4269972668965876e-06,0.7893561124801636,-0.010214567184448242,1.126454472541809,0.3409257574453627,PRUNED
46,0.4321083179006603,2025-12-21 10:47:13.771805,2025-12-21 10:50:03.670659,0 days 00:02:49.898854,16,128,0.04830684158402216,0.7223185284920186,5,2,huber,0.00013624585492094887,1.330170956552205e-07,0.7292096018791199,0.04623067378997803,1.0945321321487427,0.4321083179006603,PRUNED
47,0.2979646445204215,2025-12-21 10:50:03.670833,2025-12-21 10:50:24.741749,0 days 00:00:21.070916,32,512,0.16032775313870357,0.9901604495520144,5,3,huber,5.219835403226168e-05,6.571409355950065e-07,0.8632004261016846,-0.25041496753692627,1.2532390356063843,0.2979646445204215,PRUNED
48,0.32552064072799697,2025-12-21 10:50:24.741928,2025-12-21 10:50:49.478612,0 days 00:00:24.736684,16,512,0.0976023435329389,0.8257981693895142,3,3,huber,0.0003803872812801701,1.119843027376432e-10,0.771480917930603,-0.04272353649139404,1.1444357633590698,0.32552064072799697,PRUNED
49,0.27058438216834463,2025-12-21 10:50:49.478785,2025-12-21 10:51:13.665020,0 days 00:00:24.186235,16,128,0.06002080107236236,,5,2,mse,0.0005550113111606537,3.323069003414128e-08,0.8863001465797424,-0.10927367210388184,1.1803919076919556,0.27058438216834463,PRUNED
50,0.30395463668856626,2025-12-21 10:51:13.665190,2025-12-21 10:51:37.886088,0 days 00:00:24.220898,16,512,0.26458094029078927,1.2700455174906884,7,3,huber,0.0015381044988078255,3.3576273565566146e-09,0.8032307624816895,-0.0682373046875,1.1583524942398071,0.30395463668856626,PRUNED
51,0.546178022035523,2025-12-21 10:51:37.886261,2025-12-21 11:05:14.596442,0 days 00:13:36.710181,16,256,0.23432924844819938,0.6604365416230058,7,3,huber,0.0002964347772731927,3.742649977704713e-05,0.7069991230964661,0.10632586479187012,1.0594890117645264,0.5378964395788923,COMPLETE
52,0.3213997652140575,2025-12-21 11:05:14.596691,2025-12-21 11:06:27.184423,0 days 00:01:12.587732,16,256,0.44896334736076915,3.5820939205599958,7,3,huber,0.00022970180373542046,5.0693886178212796e-06,0.8676242232322693,-0.052441954612731934,1.149756669998169,0.3213997652140575,PRUNED
53,0.2776835340513541,2025-12-21 11:06:27.184600,2025-12-21 11:06:51.662597,0 days 00:00:24.477997,16,256,0.0011670879614978646,0.9160064919669904,7,3,huber,1.5609718093406524e-05,0.00019801308440896352,0.8178578615188599,-0.1517554521560669,1.202782154083252,0.2776835340513541,PRUNED
54,0.3332626979887339,2025-12-21 11:06:51.662771,2025-12-21 11:07:16.305763,0 days 00:00:24.642992,16,256,0.37532634605346527,1.1138302087041538,7,3,huber,0.00015986285170708583,0.0031971139015399175,0.7824496626853943,0.06553196907043457,1.0834006071090698,0.3332626979887339,PRUNED
55,0.5653426655968097,2025-12-21 11:07:16.305939,2025-12-21 11:31:45.801875,0 days 00:24:29.495936,16,256,0.2878404675106356,1.6025770067732983,7,2,huber,0.0002567413018369342,0.0007748009211542907,0.7245914936065674,-0.044953346252441406,1.1456588506698608,0.531655173887706,COMPLETE
56,0.3071072547611518,2025-12-21 11:31:45.802115,2025-12-21 11:32:06.771742,0 days 00:00:20.969627,64,256,0.29917120047488494,1.6244278123082836,5,2,huber,0.0003747050657844297,0.009741856970968332,0.7864631414413452,-0.02632927894592285,1.1354033946990967,0.3071072547611518,PRUNED
57,0.5326318950680933,2025-12-21 11:32:06.771916,2025-12-21 11:44:16.565530,0 days 00:12:09.793614,16,512,0.35441691071026427,1.4482878566845012,7,2,huber,0.00011881552273035029,4.997621043229684e-07,0.70489901304245,0.016679465770721436,1.1113591194152832,0.527001285405365,COMPLETE
58,0.37963477803355344,2025-12-21 11:44:16.565768,2025-12-21 11:45:53.066958,0 days 00:01:36.501190,16,256,0.2665195666733736,0.8205325837023439,7,2,huber,8.431646403296731e-05,0.0035210875909779385,0.8450670838356018,-0.18499267101287842,1.2200136184692383,0.37963477803355344,PRUNED
59,0.29380413150457746,2025-12-21 11:45:53.067140,2025-12-21 11:46:15.986849,0 days 00:00:22.919709,32,256,0.32248503150182956,,3,1,mse,0.00024186387688468518,2.0893715570523135e-06,0.8085893988609314,0.03309744596481323,1.1020420789718628,0.29380413150457746,PRUNED
60,0.47705683925816494,2025-12-21 11:46:15.987023,2025-12-21 11:54:46.537185,0 days 00:08:30.550162,16,128,0.27361316300380834,0.572402656209032,5,2,huber,0.0008001745797693882,0.0006859182585863964,0.7008175849914551,0.07602715492248535,1.0772994756698608,0.47705683925816494,PRUNED
61,0.3571034203477547,2025-12-21 11:54:46.537368,2025-12-21 11:55:36.654927,0 days 00:00:50.117559,16,256,0.23146148037975856,2.5993224816815372,7,3,huber,0.00018334468094513044,0.0006186860778777201,0.7595810294151306,0.048012495040893555,1.093509316444397,0.3571034203477547,PRUNED
62,0.3238983556250105,2025-12-21 11:55:36.655105,2025-12-21 11:55:59.703043,0 days 00:00:23.047938,16,256,0.2999946276048264,2.9630287683215473,7,3,huber,0.0002989449586937299,0.0011719990780960626,0.8992156982421875,-0.05291903018951416,1.150017261505127,0.3238983556250105,PRUNED
63,0.3290562553677797,2025-12-21 11:55:59.703216,2025-12-21 11:56:24.642319,0 days 00:00:24.939103,16,256,0.023940683961148762,1.720844519195537,7,2,huber,0.0005798987237196864,2.0028656163242664e-07,0.8194741010665894,-0.11152684688568115,1.1815900802612305,0.3290562553677797,PRUNED
64,0.370315743041672,2025-12-21 11:56:24.642501,2025-12-21 11:57:38.155455,0 days 00:01:13.512954,16,256,0.3337997098687136,0.756205451933532,7,3,huber,0.0004783260040278318,0.0001739133202887094,0.762001097202301,-0.026087641716003418,1.1352697610855103,0.370315743041672,PRUNED
65,0.31488843871877076,2025-12-21 11:57:38.155627,2025-12-21 11:58:03.381350,0 days 00:00:25.225723,16,256,0.057343027652017375,1.1785885437793562,7,3,huber,0.0029817920211920707,7.547142240111041e-06,0.775534451007843,0.047070443630218506,1.0940501689910889,0.31488843871877076,PRUNED
66,0.34775362256281384,2025-12-21 11:58:03.381530,2025-12-21 11:58:51.798837,0 days 00:00:48.417307,16,256,0.022136608487450287,0.9753879446508538,7,2,huber,0.0002584852844046864,8.340966151978166e-05,0.7900177240371704,-0.09240460395812988,1.171382188796997,0.34775362256281384,PRUNED
67,0.3509245811262545,2025-12-21 11:58:51.799010,2025-12-21 11:59:40.656719,0 days 00:00:48.857709,16,256,0.2478147599994644,2.199669942494431,7,3,huber,0.00035387223417758675,0.005056998656061542,0.7735241055488586,0.0719943642616272,1.0796478986740112,0.3509245811262545,PRUNED
68,0.31772178368864495,2025-12-21 11:59:40.656894,2025-12-21 12:00:02.174453,0 days 00:00:21.517559,32,256,0.4001557591992577,1.9447779743900186,7,2,huber,0.0010927470563490626,0.0016277539827655875,0.78298419713974,0.03687882423400879,1.099885106086731,0.31772178368864495,PRUNED
69,0.3114935270677215,2025-12-21 12:00:02.174625,2025-12-21 12:00:22.946594,0 days 00:00:20.771969,64,512,0.18390495501365267,1.3547568299698753,5,3,huber,0.00026548520458494944,2.9902811186936687e-08,0.7818859219551086,-0.00230252742767334,1.1220346689224243,0.3114935270677215,PRUNED
70,0.3267630111878929,2025-12-21 12:00:22.946770,2025-12-21 12:00:46.130430,0 days 00:00:23.183660,16,256,0.2062895248507864,,7,4,mse,0.00020707434097872593,2.8485992902804493e-05,0.7973797917366028,-0.027982115745544434,1.1363173723220825,0.3267630111878929,PRUNED
71,0.33705776577278207,2025-12-21 12:00:46.130601,2025-12-21 12:01:35.621686,0 days 00:00:49.491085,16,256,0.4557667610108147,0.8895911065348042,5,3,huber,0.00012921395068389056,0.007757324273283839,0.7603952288627625,0.008403539657592773,1.1160260438919067,0.33705776577278207,PRUNED
72,0.48210838106162285,2025-12-21 12:01:35.621857,2025-12-21 12:08:04.043487,0 days 00:06:28.421630,16,256,0.3612228023823718,0.7577381813100271,5,3,huber,0.00043664377259955054,0.004059968628024562,0.8305169939994812,-0.05929434299468994,1.1534936428070068,0.48210838106162285,PRUNED
73,0.34006909490186255,2025-12-21 12:08:04.043664,2025-12-21 12:08:28.535970,0 days 00:00:24.492306,16,256,0.15497182619280475,0.6985188711492847,5,2,huber,5.843386747528668e-05,0.0018967133331670198,0.770470142364502,0.0457080602645874,1.094831943511963,0.34006909490186255,PRUNED
74,0.33260021617449376,2025-12-21 12:08:28.536141,2025-12-21 12:08:52.735677,0 days 00:00:24.199536,16,256,0.1231135162758917,1.0887942619049225,5,3,huber,8.840909791008495e-05,0.0005099795027708508,0.8812050819396973,-0.2923544645309448,1.2740827798843384,0.33260021617449376,PRUNED
75,0.33507824744311093,2025-12-21 12:08:52.735848,2025-12-21 12:10:04.842751,0 days 00:01:12.106903,16,256,0.284482342011465,0.6341963897364098,3,3,huber,0.00017357854219278668,6.118578660996475e-08,0.7636108994483948,0.024141252040863037,1.1071343421936035,0.33507824744311093,PRUNED
76,0.5048266612726015,2025-12-21 12:10:04.842930,2025-12-21 12:18:30.399783,0 days 00:08:25.556853,16,512,0.08990962128305544,0.6732695154395437,5,2,huber,0.0006246051388054152,1.210532185401278e-05,0.7005162835121155,0.015897154808044434,1.111801028251648,0.5048266612726015,PRUNED
77,0.31661320457062164,2025-12-21 12:18:30.399961,2025-12-21 12:18:57.281705,0 days 00:00:26.881744,16,128,0.42366839932624467,0.7977854752588199,7,4,huber,4.171804017641851e-05,3.8604562899352943e-07,0.7764928936958313,0.0010938048362731934,1.1201319694519043,0.31661320457062164,PRUNED
78,0.33966222605159796,2025-12-21 12:18:57.281883,2025-12-21 12:19:21.491844,0 days 00:00:24.209961,16,256,0.498921761682757,0.5883348324967299,7,3,huber,0.00010221804338583322,0.0002475334835436049,0.820800244808197,-0.1243293285369873,1.1883753538131714,0.33966222605159796,PRUNED
79,0.33007944587719296,2025-12-21 12:19:21.492018,2025-12-21 12:19:42.423564,0 days 00:00:20.931546,64,512,0.07323861385123207,0.5452021990834541,3,3,huber,0.0005233299858205225,0.005694511938659372,0.8466293215751648,-0.20380234718322754,1.2296583652496338,0.33007944587719296,PRUNED
80,0.5555656761720256,2025-12-21 12:19:42.423737,2025-12-21 12:35:34.109962,0 days 00:15:51.686225,16,256,0.3089232341331338,0.9991664766801021,5,2,huber,0.00033133161679876243,0.0020632860146654656,0.7475011944770813,0.0011777877807617188,1.1200848817825317,0.5517382129347358,COMPLETE
81,0.34091070125077855,2025-12-21 12:35:34.110205,2025-12-21 12:35:57.707688,0 days 00:00:23.597483,16,256,0.47085028797626816,0.8746049120417433,5,3,huber,8.118877468001836e-05,0.0008945529001593679,0.7678164839744568,0.02776157855987549,1.1050788164138794,0.34091070125077855,PRUNED
82,0.3017816778327797,2025-12-21 12:35:57.707865,2025-12-21 12:36:21.324917,0 days 00:00:23.617052,16,256,0.476272739966424,0.7784071849218209,5,3,huber,0.00010489462339994086,3.2961178663454623e-06,0.830565333366394,-0.14880120754241943,1.2012386322021484,0.3017816778327797,PRUNED
83,0.3227380710042158,2025-12-21 12:36:21.325088,2025-12-21 12:36:45.981276,0 days 00:00:24.656188,16,256,0.4494694235355774,0.7132925942563095,5,3,huber,0.00014766278546438584,0.0073067707721503165,0.8631510138511658,-0.22391068935394287,1.2398858070373535,0.3227380710042158,PRUNED
84,0.28166168645690054,2025-12-21 12:36:45.981456,2025-12-21 12:37:11.090711,0 days 00:00:25.109255,16,256,0.4643460930409114,2.469410977677717,5,3,huber,6.870579373195261e-05,1.739957917210408e-07,0.8391323089599609,-0.13661062717437744,1.1948480606079102,0.28166168645690054,PRUNED
85,0.2776093131363174,2025-12-21 12:37:11.090889,2025-12-21 12:37:33.765301,0 days 00:00:22.674412,32,512,0.04720830828177369,,7,3,mse,0.00011687426125836114,1.068857709553992e-06,0.8088109493255615,0.04847753047943115,1.0932421684265137,0.2776093131363174,PRUNED
86,0.5859040169763478,2025-12-21 12:37:33.765478,2025-12-21 13:01:57.848085,0 days 00:24:24.082607,16,256,0.427325050855749,1.0637805639021773,7,3,huber,0.0002851172384868279,0.002511086799796272,1.0691797733306885,-0.4227663278579712,1.3368221521377563,0.5554642250340982,COMPLETE
87,0.3599136027452963,2025-12-21 13:01:57.848327,2025-12-21 13:03:10.377597,0 days 00:01:12.529270,16,256,0.429462218048855,1.2323531961053784,7,2,huber,0.0002789626237248616,0.0025026358051603225,0.7684788107872009,-0.030242204666137695,1.1375657320022583,0.3599136027452963,PRUNED
88,0.38755675361068975,2025-12-21 13:03:10.377770,2025-12-21 13:04:23.471358,0 days 00:01:13.093588,16,256,0.39678448207456063,1.044818797703756,7,3,huber,0.0002119472494322289,0.00040428138490151803,0.9305295348167419,-0.14974236488342285,1.2017306089401245,0.38755675361068975,PRUNED
89,0.30338350056861496,2025-12-21 13:04:23.471537,2025-12-21 13:04:47.727211,0 days 00:00:24.255674,16,512,0.3774121255453447,4.108290944462614,7,3,huber,0.0004275243957837536,0.0013482511757225365,0.9164555668830872,-0.3208550214767456,1.2880550622940063,0.30338350056861496,PRUNED
90,0.31842427653251687,2025-12-21 13:04:47.727392,2025-12-21 13:05:11.620725,0 days 00:00:23.893333,16,128,0.4352189211587443,0.9238184490962692,7,3,huber,0.002292393927912899,0.00012321395331268254,0.8050808310508728,0.05405890941619873,1.0900311470031738,0.31842427653251687,PRUNED
91,0.33599189406305585,2025-12-21 13:05:11.620900,2025-12-21 13:05:34.972788,0 days 00:00:23.351888,16,256,0.48664906047916967,0.8379537566038393,3,3,huber,0.0001877881242534966,0.004461541421577958,0.7677844166755676,0.017111778259277344,1.111114740371704,0.33599189406305585,PRUNED
92,0.30833776846982963,2025-12-21 13:05:34.972969,2025-12-21 13:06:00.658002,0 days 00:00:25.685033,16,256,0.496014376433099,1.1640875480981052,7,3,huber,0.0016804919439416686,0.0028343927553648187,0.7990636229515076,-0.010057330131530762,1.1263668537139893,0.30833776846982963,PRUNED
93,0.4241291269335965,2025-12-21 13:06:00.658172,2025-12-21 13:08:49.297384,0 days 00:02:48.639212,16,256,0.33839732549502116,0.9713689362980911,7,2,huber,0.0007990412303936245,0.00945913954637136,0.8343589305877686,-0.16554594039916992,1.2099615335464478,0.4241291269335965,PRUNED
94,0.33890863910909075,2025-12-21 13:08:49.297559,2025-12-21 13:09:13.310615,0 days 00:00:24.013056,16,256,0.017621835351342617,1.4421416777164124,5,3,huber,0.00023776936114631943,0.0011054365170547293,0.8085724115371704,-0.11166203022003174,1.1816619634628296,0.33890863910909075,PRUNED
95,0.568429463720144,2025-12-21 13:09:13.310788,2025-12-21 13:20:12.471224,0 days 00:10:59.160436,16,256,0.032126841309391974,1.3160982145200815,7,3,huber,0.0003313973494439348,1.5466767737594134e-06,0.6655343174934387,0.08347445726394653,1.0729491710662842,0.5597600766130744,COMPLETE
96,0.5802684225080688,2025-12-21 13:20:12.471481,2025-12-21 13:40:12.749078,0 days 00:20:00.277597,16,256,0.010107735711145486,1.3565642660294583,7,3,huber,0.0004115799257681273,7.636613993289344e-07,0.702220618724823,0.05552029609680176,1.089188814163208,0.5516433582149154,COMPLETE
97,0.33767245822151176,2025-12-21 13:40:12.749319,2025-12-21 13:40:38.523817,0 days 00:00:25.774498,16,256,0.013641192498372534,1.3878921800049089,7,3,huber,0.00037890306614264885,1.9254848650075137e-06,0.7678923010826111,0.011524319648742676,1.11426842212677,0.33767245822151176,PRUNED
98,0.3004403980461785,2025-12-21 13:40:38.523999,2025-12-21 13:41:03.194540,0 days 00:00:24.670541,16,256,0.03560576345473671,1.6398201007673054,7,1,huber,0.0003198821726362121,5.888956581717993e-07,0.8121471405029297,-0.027765870094299316,1.136197805404663,0.3004403980461785,PRUNED
99,0.3368973336806373,2025-12-21 13:41:03.194712,2025-12-21 13:41:27.908136,0 days 00:00:24.713424,16,512,0.003384028701458902,1.5100391154175765,7,3,huber,0.0004847471381048624,4.12511599424937e-06,0.7622383236885071,0.05397450923919678,1.090079665184021,0.3368973336806373,PRUNED
100,0.29968691218665994,2025-12-21 13:41:27.908311,2025-12-21 13:41:50.273776,0 days 00:00:22.365465,64,256,0.05611715524720329,,7,2,mse,0.0006429090156640132,1.6386327807750188e-06,0.7979203462600708,-0.012051939964294434,1.1274783611297607,0.29968691218665994,PRUNED
101,0.36881269116291787,2025-12-21 13:41:50.273945,2025-12-21 13:42:37.109783,0 days 00:00:46.835838,16,256,0.030315944804862844,1.2800312914243828,7,3,huber,0.0003467023020291696,1.515088394567687e-08,0.7717002630233765,-0.05258655548095703,1.1498355865478516,0.36881269116291787,PRUNED
102,0.34571858014461115,2025-12-21 13:42:37.109964,2025-12-21 13:43:00.566326,0 days 00:00:23.456362,16,256,0.04874175420995922,1.1510939151602142,7,3,huber,0.00026610958372636645,2.9954990215348837e-07,0.7690147757530212,-0.01738131046295166,1.1304430961608887,0.34571858014461115,PRUNED
103,0.31713570082500764,2025-12-21 13:43:00.566509,2025-12-21 13:43:25.166379,0 days 00:00:24.599870,16,256,0.06618354906279857,1.2310459867996009,7,3,huber,0.00040423626617146577,7.880853823030365e-07,0.7756590247154236,0.007458984851837158,1.1165574789047241,0.31713570082500764,PRUNED
104,0.28829436463144237,2025-12-21 13:43:25.166550,2025-12-21 13:43:50.360445,0 days 00:00:25.193895,16,256,0.24198964416705412,1.0751405407130135,7,3,huber,0.000200792654613234,1.0958454700531261e-07,0.8305836319923401,-0.11816883087158203,1.185115098953247,0.28829436463144237,PRUNED
105,0.3417326023993376,2025-12-21 13:43:50.360618,2025-12-21 13:44:11.187077,0 days 00:00:20.826459,32,256,0.027844928908912155,1.0292391249845947,7,3,huber,0.00029569499363468657,1.1857291943253743e-06,0.7731854319572449,0.03236597776412964,1.1024588346481323,0.3417326023993376,PRUNED
106,0.345157228185137,2025-12-21 13:44:11.187249,2025-12-21 13:44:35.569387,0 days 00:00:24.382138,16,512,0.26847204031113736,1.3082432525734695,7,3,huber,0.00023174275694747584,6.409652204457366e-05,0.7682214975357056,0.0954250693321228,1.0659310817718506,0.345157228185137,PRUNED
107,0.3087470726944609,2025-12-21 13:44:35.569566,2025-12-21 13:44:58.284683,0 days 00:00:22.715117,16,256,0.01169910155942563,1.549338257189502,3,3,huber,0.00016217345233325356,7.2489361398421965e-06,0.7797811627388,0.0354122519493103,1.1007221937179565,0.3087470726944609,PRUNED
108,0.5529680835905088,2025-12-21 13:44:58.284858,2025-12-21 13:58:17.553640,0 days 00:13:19.268782,16,256,0.2794592163975119,1.0989222613244387,7,2,huber,0.00044309015440132824,7.276960079905537e-08,0.690513551235199,0.0230332612991333,1.1077626943588257,0.5260784880240473,COMPLETE
109,0.2824367277249213,2025-12-21 13:58:17.553886,2025-12-21 13:58:42.402011,0 days 00:00:24.848125,16,128,0.2955632099905781,1.946108702387561,7,2,huber,0.000530029669598138,1.8140299548219114e-05,0.854975163936615,-0.0779123306274414,1.1635862588882446,0.2824367277249213,PRUNED
110,0.24916995823055674,2025-12-21 13:58:42.402187,2025-12-21 13:59:09.181354,0 days 00:00:26.779167,16,256,0.4140606075155291,0.9561077622402772,7,3,huber,0.0012588708061722965,0.0007357395106769185,0.8695629239082336,-0.17937958240509033,1.21712064743042,0.24916995823055674,PRUNED
111,0.34102197152629954,2025-12-21 13:59:09.181533,2025-12-21 13:59:33.672011,0 days 00:00:24.490478,16,256,0.31508635319442685,0.6665197228055995,5,3,huber,0.00013610632038948476,0.006501464464754099,0.7700347304344177,0.04821294546127319,1.093394160270691,0.34102197152629954,PRUNED
112,0.5824220481829774,2025-12-21 13:59:33.672189,2025-12-21 14:14:28.472689,0 days 00:14:54.800500,16,256,0.04131887472977887,0.8906011920517087,5,3,huber,0.00032681071578822966,0.00357736399628759,0.6439664959907532,0.128151535987854,1.046471357345581,0.572794922137317,COMPLETE
113,0.5740951190312127,2025-12-21 14:14:28.472936,2025-12-21 14:36:12.226369,0 days 00:21:43.753433,16,256,0.03422054000898,0.8937782200054672,5,3,huber,0.0003724595982015743,0.004139804294629297,0.6844280958175659,0.06802040338516235,1.0819571018218994,0.5447551087128247,COMPLETE
114,0.3387469972474319,2025-12-21 14:36:12.226615,2025-12-21 14:36:35.786587,0 days 00:00:23.559972,16,256,0.07920938339098224,0.8951030741994775,5,3,huber,0.0003730470636894607,4.242142419354344e-07,0.7659258842468262,0.05927324295043945,1.0870226621627808,0.3387469972474319,PRUNED
115,0.3826702972126538,2025-12-21 14:36:35.786768,2025-12-21 14:37:49.819516,0 days 00:01:14.032748,16,256,0.0434005991152788,1.1369014087592546,3,3,huber,0.0003148999102864041,2.6169165508626234e-07,0.7687433958053589,-0.05800127983093262,1.1527892351150513,0.3826702972126538,PRUNED
116,0.39192331650386286,2025-12-21 14:37:49.819700,2025-12-21 14:39:05.051729,0 days 00:01:15.232029,16,256,0.0018691234659029207,0.8464805335990285,7,3,huber,0.00027817736018106873,0.003387542270170428,0.8334164023399353,-0.10538601875305176,1.1783215999603271,0.39192331650386286,PRUNED
117,0.2878423225711558,2025-12-21 14:39:05.051900,2025-12-21 14:39:29.702828,0 days 00:00:24.650928,16,512,0.03514090281079836,0.9454824779531559,5,3,huber,0.0003511390381061732,2.6186276049723866e-06,0.9586885571479797,-0.18265414237976074,1.2188091278076172,0.2878423225711558,PRUNED
118,0.3772143461352449,2025-12-21 14:39:29.703005,2025-12-21 14:42:16.553189,0 days 00:02:46.850184,16,256,0.05773331104573061,0.8773387732022697,7,3,huber,0.0005869903046035473,0.0014794083576133367,0.8688463568687439,-0.2838853597640991,1.2699013948440552,0.3772143461352449,PRUNED
119,0.26516873212502035,2025-12-21 14:42:16.553378,2025-12-21 14:42:38.052502,0 days 00:00:21.499124,64,256,0.02098571781228665,,7,2,mse,0.0002555838083601229,1.5296952115565092e-07,0.8288542032241821,-0.10654556751251221,1.1789394617080688,0.26516873212502035,PRUNED
120,0.3570406067585427,2025-12-21 14:42:38.052678,2025-12-21 14:43:03.812309,0 days 00:00:25.759631,16,256,0.22349385395127133,1.0211618270352443,5,3,huber,0.0004829470894055028,1.1837233655979262e-09,0.8145197629928589,0.019048333168029785,1.110019564628601,0.3570406067585427,PRUNED
121,0.591640790275062,2025-12-21 14:43:03.812502,2025-12-21 15:03:09.738499,0 days 00:20:05.925997,16,256,0.00992614799495673,0.7470393901476864,5,3,huber,0.00040880188861738647,0.0055742318912747274,0.6881462931632996,0.1090046763420105,1.057899832725525,0.5914075869612833,COMPLETE
122,0.3170954334071249,2025-12-21 15:03:09.738745,2025-12-21 15:03:35.011805,0 days 00:00:25.273060,16,256,0.2581199877567392,0.7948255483153945,5,3,huber,0.0004047449387406646,0.0023176902251401703,0.7722240686416626,0.013087570667266846,1.1133869886398315,0.3170954334071249,PRUNED
123,0.5686974790556457,2025-12-21 15:03:35.011977,2025-12-21 15:16:24.685103,0 days 00:12:49.673126,16,256,0.008333791145752896,0.7733031024073727,5,3,huber,0.0006989535733326142,0.00583705303987007,0.6969492435455322,0.030544161796569824,1.1034961938858032,0.5390195197391414,COMPLETE
124,0.5628818625563783,2025-12-21 15:16:24.685354,2025-12-21 15:34:35.250536,0 days 00:18:10.565182,16,256,0.013786379190751614,0.7430014326967224,5,3,huber,0.0007429982894813633,0.00553432285302711,0.6803920865058899,0.07638180255889893,1.0770927667617798,0.5500538413563558,COMPLETE
125,0.36660689967140747,2025-12-21 15:34:35.250777,2025-12-21 15:34:58.925256,0 days 00:00:23.674479,16,256,0.030412500679480182,0.8062317009228985,5,3,huber,0.000557450501970661,0.009717705420690819,0.7517845034599304,-0.0032165050506591797,1.1225460767745972,0.36660689967140747,PRUNED
126,0.3598562469944568,2025-12-21 15:34:58.925440,2025-12-21 15:35:22.921567,0 days 00:00:23.996127,16,256,0.042797533909911756,0.7326483607713884,5,3,huber,0.0009089596584548005,0.003360928993038867,0.7572673559188843,-0.04571723937988281,1.1460775136947632,0.3598562469944568,PRUNED
127,0.32239772018844887,2025-12-21 15:35:22.921741,2025-12-21 15:35:47.405390,0 days 00:00:24.483649,16,512,0.0006036036048585412,1.7483782828343697,5,3,huber,0.00033047791716450914,0.005606968318824182,0.8306984305381775,-0.10476744174957275,1.1779918670654297,0.32239772018844887,PRUNED
128,0.32299715829670045,2025-12-21 15:35:47.405566,2025-12-21 15:36:11.447122,0 days 00:00:24.041556,16,256,0.01165398126457721,0.7760965161383073,5,4,huber,0.0010051859117526315,0.0017080196885186543,0.7680801749229431,-0.035170793533325195,1.1402835845947266,0.32299715829670045,PRUNED
129,0.38865558749169,2025-12-21 15:36:11.447294,2025-12-21 15:37:18.440807,0 days 00:01:06.993513,32,256,0.02359156564177181,0.706193780605145,5,2,huber,0.00068934268860402,0.0040194838414975426,0.7332753539085388,0.05621260404586792,1.088789463043213,0.38865558749169,PRUNED
130,0.5600413445554079,2025-12-21 15:37:18.440987,2025-12-21 15:53:50.276044,0 days 00:16:31.835057,16,256,0.020392200161581546,0.9120284590985778,5,3,huber,0.00046124163081832746,0.002266284027195268,0.6937397122383118,0.03794717788696289,1.0992748737335205,0.5309779759097011,COMPLETE
131,0.33806294313780194,2025-12-21 15:53:50.276288,2025-12-21 15:54:16.458054,0 days 00:00:26.181766,16,256,0.07053127438537396,3.101789983906051,3,3,huber,0.00039280931203451963,0.000500307333770896,0.7712652683258057,0.05504298210144043,1.0894639492034912,0.33806294313780194,PRUNED
132,0.3417837685464665,2025-12-21 15:54:16.458230,2025-12-21 15:55:26.794224,0 days 00:01:10.335994,16,256,0.05352822226443529,0.8499902571763185,7,3,huber,0.00029311351729030446,8.385838992362738e-07,0.8076615929603577,-0.09218525886535645,1.1712645292282104,0.3417837685464665,PRUNED
133,0.35043252645974327,2025-12-21 15:55:26.794412,2025-12-21 15:55:50.633247,0 days 00:00:23.838835,16,256,0.2942515712236199,2.3389662650722274,5,3,huber,0.00022375460233136046,0.0009942258228710027,0.7655299305915833,0.05790787935256958,1.0878112316131592,0.35043252645974327,PRUNED
134,0.34560966619119093,2025-12-21 15:55:50.633432,2025-12-21 15:56:14.288310,0 days 00:00:23.654878,16,256,0.029887050687114135,1.2068629095084158,7,3,huber,0.00025136355077427493,0.004422143679035049,0.7734735608100891,-0.00802457332611084,1.1252329349517822,0.34560966619119093,PRUNED
135,0.32928790656809015,2025-12-21 15:56:14.288495,2025-12-21 15:56:39.219316,0 days 00:00:24.930821,16,512,0.01012575141069457,0.9971454273452665,7,3,huber,0.0003512674465684516,0.0002996822724878378,0.7778841853141785,-0.08622992038726807,1.1680669784545898,0.32928790656809015,PRUNED
136,0.3121855152298054,2025-12-21 15:56:39.219496,2025-12-21 15:57:02.784889,0 days 00:00:23.565393,16,256,0.038838288157399474,2.033623052801677,5,3,huber,0.00042836512624632513,4.624519045205076e-08,0.8065729141235352,-0.04101681709289551,1.1434987783432007,0.3121855152298054,PRUNED
137,0.36381801714911155,2025-12-21 15:57:02.785068,2025-12-21 15:57:26.434248,0 days 00:00:23.649180,16,128,0.0875086001219133,1.3156227309775452,7,3,huber,0.0008099544227236695,0.006485099478121786,0.7853193879127502,-0.05957984924316406,1.1536489725112915,0.36381801714911155,PRUNED
138,0.3448908406391407,2025-12-21 15:57:26.434427,2025-12-21 15:57:51.683187,0 days 00:00:25.248760,16,256,0.10970797102288034,0.9369108731445253,3,3,huber,0.0004987910614130881,0.0024757820734305426,0.7703413963317871,-0.0006315708160400391,1.1210989952087402,0.3448908406391407,PRUNED
139,0.28329394079451,2025-12-21 15:57:51.683370,2025-12-21 15:58:15.893686,0 days 00:00:24.210316,16,256,0.32509866336541915,1.0547234462767179,7,2,huber,0.00030887099521995244,0.0017241649354034516,0.8452175259590149,-0.12627685070037842,1.1894041299819946,0.28329394079451,PRUNED
140,0.3177291378791916,2025-12-21 15:58:15.893863,2025-12-21 15:58:40.344961,0 days 00:00:24.451098,16,256,0.04471077971967745,,5,3,mse,0.0006118653549378088,6.908128371198276e-09,1.0260522365570068,-0.5553159713745117,1.3977071046829224,0.3177291378791916,PRUNED
141,0.2948893132638332,2025-12-21 15:58:40.345133,2025-12-21 15:59:03.427114,0 days 00:00:23.081981,16,256,0.013239365049270192,0.7423541460550588,5,3,huber,0.0008388315500761041,0.004509685591533852,0.8467793464660645,-0.1635071039199829,1.2089027166366577,0.2948893132638332,PRUNED
142,0.5687696002863936,2025-12-21 15:59:03.427287,2025-12-21 16:11:55.665893,0 days 00:12:52.238606,16,256,0.017889617386020816,0.8197521829835875,5,3,huber,0.0007225984607801269,0.009957151745037286,0.6948720812797546,0.0658189058303833,1.0832343101501465,0.5374609133012652,COMPLETE
143,0.3593423632745901,2025-12-21 16:11:55.666135,2025-12-21 16:13:11.103963,0 days 00:01:15.437828,16,256,0.031307786012902655,0.840225732201195,5,3,huber,0.0007090975281704587,0.009435643125825548,0.7672529816627502,-0.05827152729034424,1.152936577796936,0.3593423632745901,PRUNED
144,0.35748570016181125,2025-12-21 16:13:11.104146,2025-12-21 16:13:34.378937,0 days 00:00:23.274791,16,256,0.018296420355857993,0.6376351728901212,5,3,huber,0.00028185499154981773,5.021799988335065e-07,0.9201669692993164,-0.3742252588272095,1.3138197660446167,0.35748570016181125,PRUNED
145,0.3616337485305656,2025-12-21 16:13:34.379109,2025-12-21 16:13:58.708429,0 days 00:00:24.329320,16,256,0.0007741161134344164,0.7867564930759491,5,3,huber,0.00019801973395645617,0.006568410323697411,0.8024788498878479,-0.1554180383682251,1.204693078994751,0.3616337485305656,PRUNED
146,0.32229573713247295,2025-12-21 16:13:58.708609,2025-12-21 16:14:23.293080,0 days 00:00:24.584471,16,512,0.0623510493461308,0.6967999311104942,7,3,huber,0.00037555751690478216,0.00337125918443446,0.765850305557251,0.04423123598098755,1.0956788063049316,0.32229573713247295,PRUNED
147,0.3065945715576671,2025-12-21 16:14:23.293252,2025-12-21 16:14:43.907861,0 days 00:00:20.614609,64,256,0.18775970609205556,0.8245779866820014,5,3,huber,0.0013101796063893145,0.0011753621420160364,0.785381555557251,-0.05524718761444092,1.1512879133224487,0.3065945715576671,PRUNED
148,0.3530735041980614,2025-12-21 16:14:43.908033,2025-12-21 16:15:06.616247,0 days 00:00:22.708214,16,256,0.05020391482143248,0.8848711069531731,7,2,huber,0.0010944323394838202,0.007461140946215711,0.7769338488578796,-0.04814469814300537,1.1474069356918335,0.3530735041980614,PRUNED
149,0.3514547007394666,2025-12-21 16:15:06.616435,2025-12-21 16:15:31.470529,0 days 00:00:24.854094,16,256,0.03823483991086692,1.411692809451754,7,3,huber,0.0005161433607735113,1.3186232559391208e-06,0.7643705606460571,0.023619890213012695,1.107430100440979,0.3514547007394666,PRUNED
150,0.2788000082209833,2025-12-21 16:15:31.470706,2025-12-21 16:15:56.268907,0 days 00:00:24.798201,32,256,0.2750766063531331,1.122531682172493,5,3,huber,0.00022818679795685132,0.0026992553416718716,0.8499427437782288,-0.1395282745361328,1.1963807344436646,0.2788000082209833,PRUNED
151,0.36801159474421413,2025-12-21 16:15:56.269080,2025-12-21 16:16:21.262476,0 days 00:00:24.993396,16,256,0.01219836290466585,0.7613508068174347,5,3,huber,0.000706505374036039,0.005194613727642281,0.8070738315582275,0.04614412784576416,1.0945818424224854,0.36801159474421413,PRUNED
152,0.3341783562659015,2025-12-21 16:16:21.262657,2025-12-21 16:16:44.753726,0 days 00:00:23.491069,16,256,0.027645545396239573,0.7407213605896357,5,3,huber,0.0006353709098705228,0.009654122451559709,0.7891986966133118,0.028820812702178955,1.1044766902923584,0.3341783562659015,PRUNED
153,0.35918138759576124,2025-12-21 16:16:44.753898,2025-12-21 16:17:08.381372,0 days 00:00:23.627474,16,256,0.018000657698409275,0.6873598576339108,5,3,huber,0.000996706402339383,1.1837143044580238e-05,0.7545204162597656,0.020673811435699463,1.1090995073318481,0.35918138759576124,PRUNED
154,0.34519193214693544,2025-12-21 16:17:08.381551,2025-12-21 16:17:32.466782,0 days 00:00:24.085231,16,256,0.15861097900548277,0.9570341752036399,5,3,huber,0.00033769648040824423,2.37255529250732e-08,0.8829524517059326,-0.2848830223083496,1.2703945636749268,0.34519193214693544,PRUNED
155,0.3455168782572305,2025-12-21 16:17:32.466957,2025-12-21 16:17:55.941774,0 days 00:00:23.474817,16,256,0.007856752510157713,0.8166729578052632,5,3,huber,0.0007682912227149506,0.005043726861517595,0.9257044792175293,-0.33196771144866943,1.2934621572494507,0.3455168782572305,PRUNED
156,0.3354655564252847,2025-12-21 16:17:55.941945,2025-12-21 16:18:18.886871,0 days 00:00:22.944926,16,512,0.0368222753023254,0.8796785495267209,3,3,huber,0.0004496212130120877,0.0037545260481846266,0.7742708325386047,0.0389707088470459,1.0986900329589844,0.3354655564252847,PRUNED
157,0.3588186256003637,2025-12-21 16:18:18.887047,2025-12-21 16:18:42.268234,0 days 00:00:23.381187,16,256,0.021393472345829223,1.4905792999850471,7,3,huber,0.00025751195923796606,0.006358771803914694,0.8331097960472107,-0.1692051887512207,1.2118593454360962,0.3588186256003637,PRUNED
158,0.5703227870493719,2025-12-21 16:18:42.268410,2025-12-21 16:35:56.806254,0 days 00:17:14.537844,16,256,0.0026517719939866333,0.7793173592176525,5,3,huber,0.0005425549744389893,2.857673084129505e-05,0.6976637244224548,-0.012621521949768066,1.127795696258545,0.5470755507319986,COMPLETE
159,0.3499247262844698,2025-12-21 16:35:56.806516,2025-12-21 16:36:18.493981,0 days 00:00:21.687465,16,256,0.0010257080068649185,1.001392395906063,7,3,huber,0.0005754047181492169,0.00014953955698482701,0.7567898035049438,0.018704652786254883,1.1102139949798584,0.3499247262844698,PRUNED
160,0.5732944505424519,2025-12-21 16:36:18.494157,2025-12-21 16:49:48.000862,0 days 00:13:29.506705,16,128,0.027344222533520143,0.9201073945366777,7,2,huber,0.0004094928916806444,0.0007379506676699215,0.6416272521018982,0.1400049328804016,1.0393332242965698,0.5667856194185864,COMPLETE
161,0.34205452097787997,2025-12-21 16:49:48.001105,2025-12-21 16:50:11.251274,0 days 00:00:23.250169,16,128,0.02693486036673674,0.9088129978250576,7,2,huber,0.0003780702525406793,0.0007365250597202228,0.7935106158256531,0.004412412643432617,1.1182698011398315,0.34205452097787997,PRUNED
162,0.32819831366072066,2025-12-21 16:50:11.251454,2025-12-21 16:50:35.454835,0 days 00:00:24.203381,16,128,0.3066585818572012,0.8579220173396492,7,2,huber,0.0004083241380843119,6.362063514320465e-07,0.7897700667381287,-0.08842802047729492,1.1692482233047485,0.32819831366072066,PRUNED
163,0.38135094133698544,2025-12-21 16:50:35.455011,2025-12-21 16:51:43.908058,0 days 00:01:08.453047,16,128,0.0471202840495265,1.0510390682128352,7,2,huber,0.0002922526616552495,4.9966051151469036e-05,0.7522472143173218,0.0027997493743896484,1.1191750764846802,0.38135094133698544,PRUNED
164,0.35489866282496174,2025-12-21 16:51:43.908240,2025-12-21 16:52:06.530027,0 days 00:00:22.621787,16,128,0.28808798875670727,0.7812690754767623,7,2,huber,0.0004684787373988007,2.7976453801804915e-05,0.7653442621231079,-0.030356168746948242,1.1376286745071411,0.35489866282496174,PRUNED
165,0.34063093221981233,2025-12-21 16:52:06.530209,2025-12-21 16:52:30.425384,0 days 00:00:23.895175,16,128,0.00911052077694553,2.865972725436436,7,2,huber,0.00033101605228798395,8.847731199283372e-05,0.8165844678878784,-0.08905792236328125,1.1695865392684937,0.34063093221981233,PRUNED
166,0.30545488042164126,2025-12-21 16:52:30.425556,2025-12-21 16:52:52.965805,0 days 00:00:22.540249,16,256,0.025737615835368502,3.616325844962052,5,2,huber,0.0005298671414374608,0.00023163697034796438,0.8254704475402832,-0.12767326831817627,1.190141201019287,0.30545488042164126,PRUNED
167,0.25261760010310536,2025-12-21 16:52:52.965976,2025-12-21 16:53:15.230966,0 days 00:00:22.264990,16,512,0.34875072917692596,,7,3,mse,0.0003175607191096309,0.00048095019254444096,0.8220395445823669,0.03615105152130127,1.1003005504608154,0.25261760010310536,PRUNED
168,0.35259155371225803,2025-12-21 16:53:15.231143,2025-12-21 16:53:37.830373,0 days 00:00:22.599230,16,256,0.06352127734026422,0.9599874573998808,7,3,huber,0.0020610276603278046,2.4902038206600193e-06,0.8573139905929565,-0.21174860000610352,1.2337100505828857,0.35259155371225803,PRUNED
169,0.36388342208722235,2025-12-21 16:53:37.830546,2025-12-21 16:53:59.598279,0 days 00:00:21.767733,16,256,0.03737921713933145,0.812510087276765,5,3,huber,0.00042747930763385587,4.429551594174782e-06,0.7986971735954285,0.06260865926742554,1.0850938558578491,0.36388342208722235,PRUNED
170,0.1902185883735822,2025-12-21 16:53:59.598461,2025-12-21 16:54:24.294537,0 days 00:00:24.696076,16,256,0.25620283522849274,1.6163481714577725,3,2,huber,1.763346477913387e-05,0.0016356093435388925,0.868287205696106,-0.22761523723602295,1.2417608499526978,0.1902185883735822,PRUNED
171,0.314756863347613,2025-12-21 16:54:24.294713,2025-12-21 16:54:47.540391,0 days 00:00:23.245678,16,256,0.01808243737457654,0.7245080010128789,5,3,huber,0.0006835931929612498,0.0038201214653745506,0.8542974591255188,-0.24647867679595947,1.2512649297714233,0.314756863347613,PRUNED
172,0.4939263580609509,2025-12-21 16:54:47.540563,2025-12-21 17:01:43.463451,0 days 00:06:55.922888,16,256,0.008545359235312258,0.6548743386428326,5,3,huber,0.000617865889885365,9.054054064864571e-07,0.7000013589859009,-0.0299990177154541,1.1374315023422241,0.4939263580609509,PRUNED
173,0.5554726598802519,2025-12-21 17:01:43.463628,2025-12-21 17:14:07.491109,0 days 00:12:24.027481,16,256,0.0006052985074106107,0.7639446369634505,5,3,huber,0.00036354355395864846,0.002481169833731313,0.7198207974433899,-0.024582862854003906,1.134437084197998,0.5309343987627093,COMPLETE
174,0.36997448437551017,2025-12-21 17:14:07.491369,2025-12-21 17:14:31.949585,0 days 00:00:24.458216,16,256,0.16999874280493316,0.9200138583064321,5,3,huber,0.0005215988085959926,0.005476590297964544,0.7735795378684998,-0.05589604377746582,1.151641845703125,0.36997448437551017,PRUNED
175,0.3423416226462454,2025-12-21 17:14:31.949759,2025-12-21 17:14:56.243154,0 days 00:00:24.293395,16,256,0.02965055097401298,0.8578673116660281,5,3,huber,0.0008853951423867743,0.0008557609540544002,0.7766866683959961,-0.04103446006774902,1.1435085535049438,0.3423416226462454,PRUNED
176,0.3279915309729274,2025-12-21 17:14:56.243331,2025-12-21 17:15:20.045584,0 days 00:00:23.802253,16,256,0.018905900068242533,4.9076584763751985,7,3,huber,0.0002698506064457187,2.1815671464422592e-07,0.8295832872390747,-0.12331628799438477,1.1878398656845093,0.3279915309729274,PRUNED
177,0.36905758548693907,2025-12-21 17:15:20.045757,2025-12-21 17:15:43.920850,0 days 00:00:23.875093,16,256,0.38968020388446467,1.1779713209109355,5,3,huber,0.0004137468387926829,0.00976092933899512,0.8070948123931885,0.0658225417137146,1.0832321643829346,0.36905758548693907,PRUNED
178,0.35558235798823845,2025-12-21 17:15:43.921027,2025-12-21 17:16:06.123479,0 days 00:00:22.202452,64,512,0.1446342638850891,1.2615183446900133,7,3,huber,0.0007634901994701705,1.931350220757109e-06,0.8974710702896118,-0.06590390205383301,1.1570866107940674,0.35558235798823845,PRUNED
179,0.3308022835549535,2025-12-21 17:16:06.123657,2025-12-21 17:16:29.574750,0 days 00:00:23.451093,16,256,0.013332405512520202,0.7103578712206284,5,3,huber,0.00024090182415136704,0.0013265059249944217,0.7709978818893433,-0.010864019393920898,1.1268165111541748,0.3308022835549535,PRUNED
180,0.31308170462121665,2025-12-21 17:16:29.574925,2025-12-21 17:16:53.170495,0 days 00:00:23.595570,16,128,0.04135347988381419,1.0880247007760262,7,3,huber,0.0005720716476919556,0.0028871577660556937,0.9907746315002441,-0.4828561544418335,1.3647602796554565,0.31308170462121665,PRUNED
181,0.34115720432780344,2025-12-21 17:16:53.170673,2025-12-21 17:17:16.240183,0 days 00:00:23.069510,16,256,0.4571760768633153,0.6635285730079241,5,3,huber,0.0001777889219223186,0.007035852220394577,0.8564227223396301,-0.21145176887512207,1.233559012413025,0.34115720432780344,PRUNED
182,0.369256884756739,2025-12-21 17:17:16.240363,2025-12-21 17:17:38.904297,0 days 00:00:22.663934,16,256,0.029202921522953878,0.7398954349767375,5,3,huber,0.0002982613037298697,0.0046826450686316655,0.7711312174797058,0.0795665979385376,1.0752341747283936,0.369256884756739,PRUNED
183,0.33288600398227786,2025-12-21 17:17:38.904479,2025-12-21 17:18:01.822847,0 days 00:00:22.918368,16,256,0.009739489618278252,0.8082704861086496,5,3,huber,0.0003510007228070023,0.009930192171018277,0.7748152613639832,0.03453737497329712,1.1012212038040161,0.33288600398227786,PRUNED
184,0.39120487025236045,2025-12-21 17:18:01.823022,2025-12-21 17:19:12.759107,0 days 00:01:10.936085,16,256,0.21368804077396758,0.7813256991063104,5,3,huber,0.00046922517182775036,1.0033972714860728e-10,0.7521507143974304,0.055282771587371826,1.0893257856369019,0.39120487025236045,PRUNED
185,0.3374266579657171,2025-12-21 17:19:12.759281,2025-12-21 17:19:35.048319,0 days 00:00:22.289038,32,256,0.05342773754463584,1.0056107781485217,5,3,huber,0.000658690237285946,0.0063648229826022565,0.8473778367042542,-0.19304180145263672,1.2241500616073608,0.3374266579657171,PRUNED
186,0.34249041041767475,2025-12-21 17:19:35.048503,2025-12-21 17:19:58.707480,0 days 00:00:23.658977,16,256,0.021403769898384085,0.5916674675820119,7,3,huber,0.00038220513225427116,0.003614483845036222,0.7538029551506042,-0.014913082122802734,1.1290709972381592,0.34249041041767475,PRUNED
187,0.4026643275455624,2025-12-21 17:19:58.707654,2025-12-21 17:21:09.597421,0 days 00:01:10.889767,16,256,0.40744666952071484,1.3370355289399931,5,2,huber,0.002586474543652279,0.0020789926412045903,0.7481334209442139,0.00931096076965332,1.1155153512954712,0.4026643275455624,PRUNED
188,0.3541289760536087,2025-12-21 17:21:09.597595,2025-12-21 17:21:31.813970,0 days 00:00:22.216375,16,512,0.44548374617608527,0.6170753001160325,3,3,huber,0.0002191274099287265,0.00036420638579889414,0.7683629393577576,0.053335368633270264,1.0904479026794434,0.3541289760536087,PRUNED
189,0.33708914846282745,2025-12-21 17:21:31.814145,2025-12-21 17:21:56.325209,0 days 00:00:24.511064,16,256,0.48591433466580236,0.8932755316575374,7,3,huber,0.0003187788817214305,1.2394656307521998e-05,0.8204090595245361,-0.06061685085296631,1.1542134284973145,0.33708914846282745,PRUNED
190,0.2907170845563205,2025-12-21 17:21:56.325390,2025-12-21 17:22:18.986544,0 days 00:00:22.661154,16,256,0.03821070848022914,,5,3,mse,7.307687435443562e-05,3.9472781903827257e-07,0.8107863664627075,-0.06884431838989258,1.1586815118789673,0.2907170845563205,PRUNED
191,0.36930728492202014,2025-12-21 17:22:18.986718,2025-12-21 17:22:41.966705,0 days 00:00:22.979987,16,256,0.017355043752528238,0.9406446906367273,5,3,huber,0.00045434166791826934,0.0022416112170955383,0.7749155163764954,-0.08754551410675049,1.168774127960205,0.36930728492202014,PRUNED
192,0.35223529625157995,2025-12-21 17:22:41.966888,2025-12-21 17:23:05.579287,0 days 00:00:23.612399,16,256,0.0006958340152981579,0.8398752702604825,5,3,huber,0.0004793232407740227,2.3606582195811387e-10,0.7618468403816223,-0.029371976852416992,1.137085199356079,0.35223529625157995,PRUNED
193,0.32808080872468165,2025-12-21 17:23:05.579463,2025-12-21 17:23:29.604044,0 days 00:00:24.024581,16,256,0.026051792373075245,4.261466453464439,5,3,huber,0.0005465277693544865,0.0050543951081884935,0.87034010887146,-0.20901811122894287,1.2323192358016968,0.32808080872468165,PRUNED
194,0.32654005506139444,2025-12-21 17:23:29.604216,2025-12-21 17:23:52.991118,0 days 00:00:23.386902,16,256,0.015357800885927099,0.8952868797656093,5,3,huber,0.0002700672232190264,0.003022641188586747,0.9268109202384949,-0.33639395236968994,1.295609474182129,0.32654005506139444,PRUNED
195,0.38069807566451114,2025-12-21 17:23:52.991292,2025-12-21 17:25:02.223558,0 days 00:01:09.232266,16,256,0.030653145775164287,2.066369345896783,5,3,huber,0.00039956044716626835,0.001977717637707314,0.7710819244384766,0.011383533477783203,1.1143478155136108,0.38069807566451114,PRUNED
196,0.32638990985730554,2025-12-21 17:25:02.223742,2025-12-21 17:25:25.904966,0 days 00:00:23.681224,16,256,0.0461882446405443,0.722940521173596,7,3,huber,0.0007659138348425716,0.0066658345707884155,0.8048989176750183,-0.06764280796051025,1.1580300331115723,0.32638990985730554,PRUNED
197,0.3863143156934057,2025-12-21 17:25:25.905142,2025-12-21 17:26:37.727098,0 days 00:01:11.821956,16,256,0.2433779863167282,0.6929070222154943,5,1,huber,0.0003324970899682662,1.3542899714895116e-06,0.7585074305534363,-0.07311522960662842,1.160994052886963,0.3863143156934057,PRUNED
198,0.40880860118034895,2025-12-21 17:26:37.727275,2025-12-21 17:28:09.859539,0 days 00:01:32.132264,16,256,0.023049724100142624,0.7789937117363838,7,3,huber,0.0004315658793771354,0.0006184674957533714,0.7351258993148804,0.012898445129394531,1.1134936809539795,0.40880860118034895,PRUNED
199,0.4398286205048344,2025-12-21 17:28:09.859720,2025-12-21 17:32:01.440305,0 days 00:03:51.580585,16,256,0.009166346966310239,0.9892466732050589,5,2,huber,0.0006230334391274575,6.76646117143582e-06,0.7875607013702393,-0.10910940170288086,1.1803044080734253,0.4398286205048344,PRUNED
