number,value,datetime_start,datetime_complete,duration,params_alpha,params_colsample_bytree,params_early_stopping_rounds,params_gamma,params_lambda,params_learning_rate,params_max_depth,params_min_child_weight,params_num_boost_round,params_subsample,user_attrs_ap,user_attrs_auc,user_attrs_threshold,state
0,0.644314868804228,2025-12-18 14:21:34.976027,2025-12-18 14:21:35.760800,0 days 00:00:00.784773,5.4012951103398686e-05,0.6188571299290201,166,3.0336131990403628,11.648990735325365,0.0037249762641897773,6,230,1222,0.8828211646456164,0.4752688172043011,0.5,0.5060440301895142,COMPLETE
1,0.644314868804228,2025-12-18 14:21:35.761128,2025-12-18 14:21:35.936758,0 days 00:00:00.175630,1.5165472023437507,0.7776258041951907,74,3.44995208437747,4.712323354351663e-06,0.08579663830521879,7,223,857,0.8740360000503814,0.4752688172043011,0.5,0.5057421326637268,COMPLETE
2,0.8418803418798434,2025-12-18 14:21:35.937275,2025-12-18 14:21:36.831485,0 days 00:00:00.894210,0.0025265689844747572,0.40895026157419473,132,3.132075165733198,32.09429797145762,0.015097866384270991,6,129,1086,0.8497278783178429,0.903598850598302,0.9160114234849047,0.3983192443847656,COMPLETE
3,0.644314868804228,2025-12-18 14:21:36.831779,2025-12-18 14:21:36.980230,0 days 00:00:00.148451,3.5798946044727897e-07,0.9224773110617963,55,2.731738481375663,1.0969340441083985e-06,0.2675529025838278,4,141,620,0.5542286096855951,0.4752688172043011,0.5,0.5043784976005554,COMPLETE
4,0.8308351177725207,2025-12-18 14:21:36.980493,2025-12-18 14:21:37.462570,0 days 00:00:00.482077,0.00025939988331785793,0.9524205952696199,73,4.389248158050229,7.230679158108614e-05,0.015262973810582047,9,167,1226,0.8142638149518224,0.8793858339188332,0.8910503671834433,0.4592718183994293,COMPLETE
5,0.644314868804228,2025-12-18 14:21:37.462842,2025-12-18 14:21:37.625503,0 days 00:00:00.162661,0.002049011611362987,0.9471234820457883,160,7.401843435228948,10.022714659662189,0.001045566404678694,5,338,80,0.9228443151340716,0.4752688172043011,0.5,0.5061665177345276,COMPLETE
6,0.644314868804228,2025-12-18 14:21:37.625836,2025-12-18 14:21:37.789010,0 days 00:00:00.163174,0.8804020966400847,0.9558722131824307,109,0.32954582096741847,9.349501542268641e-05,0.023562516659623802,10,286,1337,0.5126090524657488,0.4752688172043011,0.5,0.5061861276626587,COMPLETE
7,0.644314868804228,2025-12-18 14:21:37.789275,2025-12-18 14:21:37.960570,0 days 00:00:00.171295,7.6308011066497e-06,0.7967285206885577,95,1.5004861090191723,4.675446592588157,0.0023645402832242935,15,390,1278,0.9045779104650706,0.4752688172043011,0.5,0.5062768459320068,COMPLETE
8,0.644314868804228,2025-12-18 14:21:37.960843,2025-12-18 14:21:38.144636,0 days 00:00:00.183793,0.009881872665471811,0.8868140344112396,147,4.202376807880405,0.002833588976748546,0.011198398826138978,12,447,644,0.6723212340272505,0.4752688172043011,0.5,0.5061861276626587,COMPLETE
9,0.8616780045346473,2025-12-18 14:21:38.144899,2025-12-18 14:21:38.381940,0 days 00:00:00.237041,2.4914613197398806e-08,0.6450828883621791,89,7.146863757850691,5.389719130965491e-05,0.25939762488500656,7,102,211,0.842412473103147,0.9073325137645721,0.9267302128922187,0.4997258484363556,COMPLETE
10,0.8689956331872735,2025-12-18 14:21:38.382210,2025-12-18 14:21:38.542830,0 days 00:00:00.160620,1.6943661417586373e-08,0.5236289764462817,35,8.384803585112262,1.3309278247143934e-08,0.2624165386872744,2,4,59,0.7228633830571808,0.936909586957102,0.9440137971960537,0.4113677442073822,COMPLETE
11,0.8649789029530887,2025-12-18 14:21:38.543120,2025-12-18 14:21:38.738032,0 days 00:00:00.194912,1.8108179455734265e-08,0.5339531635642601,22,9.876228561700097,1.3539960431507895e-08,0.24796274827722486,2,3,83,0.7108975683356834,0.9171125291627238,0.9371708330242564,0.3285153806209564,COMPLETE
12,0.8691588785041733,2025-12-18 14:21:38.738299,2025-12-18 14:21:39.302250,0 days 00:00:00.563951,2.254851687641133e-08,0.4643985120446818,22,9.677303730196911,2.2298512745020322e-08,0.0828043894088382,2,1,334,0.7118025199085186,0.92851435019922,0.9451821081522143,0.5652873516082764,COMPLETE
13,0.8744394618829081,2025-12-18 14:21:39.302534,2025-12-18 14:21:39.588460,0 days 00:00:00.285926,1.0491245210636577e-06,0.3044579046803387,20,9.827133365974731,1.1041619910111102e-08,0.07154639315823469,2,4,367,0.6254522035911325,0.9266119824940484,0.9434018247904458,0.4858156442642212,COMPLETE
14,0.8706896551719149,2025-12-18 14:21:39.588692,2025-12-18 14:21:39.927689,0 days 00:00:00.338997,1.0713103498352606e-06,0.3175126564499392,195,9.844616443438081,2.4642270221868015e-07,0.059068271868550376,3,63,360,0.6164058563366056,0.9205292884289921,0.9358912543579854,0.41123393177986145,COMPLETE
15,0.8725701943839502,2025-12-18 14:21:39.927919,2025-12-18 14:21:40.347161,0 days 00:00:00.419242,2.0712290269125567e-06,0.3125554288296327,197,6.054127747892776,5.092509758651864e-07,0.04941876294588044,4,66,425,0.6326303223811313,0.9236359594954281,0.9377457161931607,0.4117092788219452,COMPLETE
16,0.8552915766733671,2025-12-18 14:21:40.347569,2025-12-18 14:21:40.764861,0 days 00:00:00.417292,4.19923551613991e-06,0.3342006884310755,196,6.02778565510927,0.013480266604680036,0.0398038871895794,4,96,524,0.6239920477417208,0.9055177843263224,0.9168644759290854,0.41570210456848145,COMPLETE
17,0.883295194507509,2025-12-18 14:21:40.765094,2025-12-18 14:21:41.354374,0 days 00:00:00.589280,0.056125134374473265,0.39424040306048547,131,6.186570029931538,3.042034643535436e-07,0.1176137855113577,4,55,868,0.6106407707250278,0.9324540175325035,0.9450152065870485,0.5715163350105286,COMPLETE
18,0.8232758620684665,2025-12-18 14:21:41.354613,2025-12-18 14:21:41.573447,0 days 00:00:00.218834,29.690487838311164,0.39782904043346473,123,8.329367975186099,0.055471862904814054,0.1315045433808671,11,189,891,0.9835950805522464,0.8784314530557403,0.8980695052295824,0.45651358366012573,COMPLETE
19,0.8736616702350474,2025-12-18 14:21:41.573683,2025-12-18 14:21:42.496279,0 days 00:00:00.922596,0.051905187503098235,0.4088558689726239,44,5.675285863761521,7.5524004342552885e-06,0.026164777392946866,8,59,1496,0.5630329288087066,0.9285964202539477,0.9395816334099845,0.4057067632675171,COMPLETE
20,0.644314868804228,2025-12-18 14:21:42.496733,2025-12-18 14:21:42.673619,0 days 00:00:00.176886,0.06164611981754752,0.5449208516166176,113,8.505162075985611,1.2606271209504202e-07,0.1478728544696912,14,323,960,0.7956252242379308,0.4752688172043011,0.5,0.5030086040496826,COMPLETE
21,0.876651982378355,2025-12-18 14:21:42.673845,2025-12-18 14:21:43.668432,0 days 00:00:00.994587,0.14322695616156952,0.40129339069283526,43,6.0882328846920775,6.453689438234875e-06,0.026813702707199898,8,63,1436,0.5664974052263803,0.9250141154560695,0.9393405533714115,0.460612416267395,COMPLETE
22,0.8627450980387164,2025-12-18 14:21:43.668719,2025-12-18 14:21:44.395603,0 days 00:00:00.726884,0.3100119898029519,0.47348946026768546,56,6.86687928274526,4.1006201661262476e-06,0.007628499913410834,3,53,732,0.5691787187487197,0.9144326039102187,0.9316259921370819,0.42563357949256897,COMPLETE
23,0.8464912280696759,2025-12-18 14:21:44.396043,2025-12-18 14:21:44.797909,0 days 00:00:00.401866,32.99809211036431,0.3645151865399183,47,5.083564366163666,8.62876762449958e-08,0.034575729297470985,5,31,1058,0.5003094995432024,0.9036997390243688,0.9192938209331653,0.4416913688182831,COMPLETE
24,0.8416485900211929,2025-12-18 14:21:44.798132,2025-12-18 14:21:45.131956,0 days 00:00:00.333824,7.016830950886844e-05,0.4604171722542827,69,7.743408961640007,2.210264666763716e-06,0.11282562426840304,9,102,1477,0.6602223421740285,0.8986478706864822,0.9183665900155774,0.4192695617675781,COMPLETE
25,0.644314868804228,2025-12-18 14:21:45.132202,2025-12-18 14:21:45.265397,0 days 00:00:00.133195,0.025567260387702916,0.5892308507993445,33,6.408592525078195,0.00045649862293012703,0.06652639871695626,12,178,1070,0.5909967774011727,0.4752688172043011,0.5,0.5056202411651611,COMPLETE
26,0.8372093023250835,2025-12-18 14:21:45.265616,2025-12-18 14:21:45.809799,0 days 00:00:00.544183,2.8633465092977,0.738366518450615,143,5.038359078210419,1.4913671087471923e-05,0.02785293347927141,3,138,765,0.7610270032476959,0.8957926000906067,0.9056078925895705,0.4271066188812256,COMPLETE
27,0.8547368421047655,2025-12-18 14:21:45.810032,2025-12-18 14:21:46.149101,0 days 00:00:00.339069,0.3194353858545056,0.366920091684543,92,8.801600060132424,6.401343949448142e-08,0.0067979216134914444,5,34,231,0.5470809233356391,0.9136535451845458,0.9283065054521178,0.4165495038032532,COMPLETE
28,0.8583690987119478,2025-12-18 14:21:46.149318,2025-12-18 14:21:46.542028,0 days 00:00:00.392710,0.005755285220002621,0.4445897730310291,177,4.034158282780237,5.810315904541117e-07,0.16001668111816084,7,86,484,0.6682637105920133,0.909959642300515,0.9286588532008011,0.42160579562187195,COMPLETE
29,0.644314868804228,2025-12-18 14:21:46.542265,2025-12-18 14:21:46.652369,0 days 00:00:00.110104,0.0002756209386489063,0.3015675462092581,20,2.003313706156325,6.791345089258218e-08,0.04522290196563113,6,224,1385,0.5948126852456647,0.4752688172043011,0.5,0.5065387487411499,COMPLETE
30,0.644314868804228,2025-12-18 14:21:46.652590,2025-12-18 14:21:46.784863,0 days 00:00:00.132273,2.4602144495813876e-05,0.5876993026471442,63,9.032856333066553,2.6051976962403942e-05,0.08433274797631263,8,491,1143,0.5264688473319494,0.4752688172043011,0.5,0.5061861276626587,COMPLETE
31,0.8792710706145341,2025-12-18 14:21:46.785093,2025-12-18 14:21:48.098953,0 days 00:00:01.313860,0.051765463695423695,0.39253712053366074,41,5.514872406573973,9.04704143120946e-06,0.021889965917480287,8,33,1397,0.5831827005467362,0.9363963447446385,0.9477412654847562,0.5336167812347412,COMPLETE
32,0.8701298701293709,2025-12-18 14:21:48.099215,2025-12-18 14:21:49.016238,0 days 00:00:00.917023,6.757672085243659,0.3632117194501131,36,5.384094699124715,0.0003187844477493329,0.01973368436314355,10,43,1391,0.5971042207058134,0.9255486495656022,0.9390994733328388,0.43734297156333923,COMPLETE
33,0.8764044943815225,2025-12-18 14:21:49.016463,2025-12-18 14:21:50.264567,0 days 00:00:01.248104,0.1596081717722456,0.4929120095504162,79,7.7991358593723845,1.943528256335677e-06,0.008190192115680629,7,27,1160,0.6434779079086426,0.9372055791083246,0.9470180253690379,0.49485039710998535,COMPLETE
34,0.8333333333328364,2025-12-18 14:21:50.264807,2025-12-18 14:21:51.123582,0 days 00:00:00.858775,0.13772945746361662,0.502161931921722,86,6.603458896852651,1.922081264140158e-06,0.004420239435019525,7,126,1145,0.649549966188575,0.8947576144419294,0.9034752614791188,0.40576645731925964,COMPLETE
35,0.8711111111106111,2025-12-18 14:21:51.123954,2025-12-18 14:21:52.171895,0 days 00:00:01.047941,0.6924313204455208,0.42181670020650036,79,4.559352865131069,1.2661053223412413e-06,0.0105543156805702,8,84,1284,0.6893316385384645,0.9163184246287757,0.9329982938951117,0.46080562472343445,COMPLETE
36,0.8295687885005311,2025-12-18 14:21:52.172127,2025-12-18 14:21:52.879995,0 days 00:00:00.707868,0.0015853488852583869,0.4975150857231848,101,7.39639451549855,1.0443069125594239e-05,0.003740378367643083,6,118,980,0.537770741821249,0.88240643014701,0.892960462873674,0.4388708770275116,COMPLETE
37,0.644314868804228,2025-12-18 14:21:52.880230,2025-12-18 14:21:53.132076,0 days 00:00:00.251846,0.012126210439338939,0.3862690561211249,127,7.779017618647988,0.00016397968146028967,0.012902044904525182,9,258,1202,0.5852997054060909,0.4752688172043011,0.5,0.5060228109359741,COMPLETE
38,0.8275862068960528,2025-12-18 14:21:53.132319,2025-12-18 14:21:53.798098,0 days 00:00:00.665779,3.3457897977203785,0.6951698778940385,58,5.713648144782338,4.4368077493458176e-07,0.006997920919875019,10,157,1398,0.7586351116481024,0.8805970628465384,0.8933128106223573,0.4688268005847931,COMPLETE
39,0.644314868804228,2025-12-18 14:21:53.798329,2025-12-18 14:21:53.957475,0 days 00:00:00.159146,0.15404797656993974,0.4302811871303417,46,3.7449133522870124,4.9046086748957983e-05,0.0015829356904319611,6,205,860,0.5645391652073487,0.4752688172043011,0.5,0.5062403678894043,COMPLETE
40,0.8796296296291298,2025-12-18 14:21:53.957694,2025-12-18 14:21:55.155682,0 days 00:00:01.197988,0.0008289941443084012,0.5684584645776235,115,6.269766414560351,0.002376123059419981,0.018999646578695333,8,30,1281,0.6433717137155953,0.9409305601884997,0.9511349306431274,0.5985932350158691,COMPLETE
41,0.8838268792705706,2025-12-18 14:21:55.155924,2025-12-18 14:21:56.818061,0 days 00:00:01.662137,0.0041477871774066866,0.6041107824461073,139,6.435167314917891,0.006068517578398128,0.017893235674929914,8,36,1306,0.6449931089564451,0.9382024950852463,0.9493361026630072,0.5314145684242249,COMPLETE
42,0.8789237668156435,2025-12-18 14:21:56.818493,2025-12-18 14:21:57.924221,0 days 00:00:01.105728,0.0007820413445815049,0.620066731181247,143,6.308866451387596,0.004100571754437873,0.01734399416287878,11,72,1301,0.6910025162209604,0.9243012831316826,0.9392663748980047,0.4857948422431946,COMPLETE
43,0.8801843317967353,2025-12-18 14:21:57.924557,2025-12-18 14:21:59.358147,0 days 00:00:01.433590,0.0006132522355346305,0.6780894182822484,142,4.607484586875281,0.0024253791338668626,0.017374337403233298,13,35,1280,0.6910616777614766,0.9431121634526962,0.952525777019509,0.5854818820953369,COMPLETE
44,0.8847926267276107,2025-12-18 14:21:59.358644,2025-12-18 14:22:00.838632,0 days 00:00:01.479988,0.006121931453736516,0.6750981421335657,158,3.1661461755634717,0.16393952870773648,0.019045901201523018,13,27,1243,0.7410426995463459,0.9472717128595869,0.9564016022550256,0.5860287547111511,COMPLETE
45,0.8827586206891552,2025-12-18 14:22:00.838885,2025-12-18 14:22:02.343266,0 days 00:00:01.504381,0.00014334342176594632,0.6962127388712701,155,2.8803864391093406,0.419139664811433,0.014564402442686208,14,22,1210,0.7417583795025444,0.9476403742049537,0.9560492545063423,0.5692026615142822,COMPLETE
46,0.8492569002118161,2025-12-18 14:22:02.343545,2025-12-18 14:22:03.422212,0 days 00:00:01.078667,0.0001335850825024446,0.8362657285584455,161,2.904494321294173,0.6045472102348456,0.00482709237290249,14,106,1218,0.7885760935405517,0.9100405088894297,0.9233365477338478,0.3926492929458618,COMPLETE
47,0.8850325379604553,2025-12-18 14:22:03.422459,2025-12-18 14:22:05.269522,0 days 00:00:01.847063,0.0033555749372258547,0.7005724207952615,172,2.1805365405750567,0.23081139384576102,0.013457135156416312,13,15,1001,0.732169628835518,0.9505155162086486,0.9583302425636081,0.4196990132331848,COMPLETE
48,0.8827292110869217,2025-12-18 14:22:05.269929,2025-12-18 14:22:06.940039,0 days 00:00:01.670110,0.0030985981199957353,0.7495812695538387,169,2.1023591906157337,0.4499535038657218,0.01027988031479058,15,13,997,0.7369177759075753,0.951537287604756,0.9573659224093167,0.3543148338794708,COMPLETE
49,0.8382978723399273,2025-12-18 14:22:06.940300,2025-12-18 14:22:07.603609,0 days 00:00:00.663309,1.7573667418091374e-05,0.7033844393897805,154,3.4244345551144986,0.1199289230482578,0.014462928537585766,14,154,912,0.8518885775091504,0.896861293802864,0.9077776129367258,0.42356789112091064,COMPLETE
50,0.644314868804228,2025-12-18 14:22:07.603850,2025-12-18 14:22:07.807165,0 days 00:00:00.203315,0.013823379089361971,0.8049863248131316,182,0.6614232226269157,2.3941968129388025,0.002653943156076096,13,411,1032,0.7851680165199811,0.4752688172043011,0.5,0.5061861276626587,COMPLETE
51,0.8913043478255878,2025-12-18 14:22:07.807386,2025-12-18 14:22:09.554614,0 days 00:00:01.747228,0.003325127482123922,0.7527879540338069,172,2.416352143408302,0.3502765090999694,0.009410670168395405,15,1,809,0.7255432981942921,0.9516607874157259,0.957736814776352,0.40281593799591064,COMPLETE
52,0.8749999999995002,2025-12-18 14:22:09.554898,2025-12-18 14:22:10.773543,0 days 00:00:01.218645,0.00437240453128181,0.6515585399476281,152,2.51106570564389,0.04102193505185514,0.0056117474238485685,13,14,651,0.7268589241982994,0.9412898184771776,0.9495586380832282,0.5739719271659851,COMPLETE
53,0.8909090909085908,2025-12-18 14:22:10.773787,2025-12-18 14:22:13.177123,0 days 00:00:02.403336,0.00031619239680723553,0.7341377098024011,135,1.3340588273951246,0.37933064058764904,0.009600057802019463,15,2,806,0.7415310698843074,0.9534774769665806,0.960370150582301,0.522415280342102,COMPLETE
54,0.8656716417905463,2025-12-18 14:22:13.177502,2025-12-18 14:22:14.069078,0 days 00:00:00.891576,0.023505982873879363,0.8657416826383513,134,1.076644403765592,1.504570239789379,0.00910704111446218,15,54,817,0.8213264879868432,0.9265034809097552,0.9396743565017431,0.39548981189727783,COMPLETE
55,0.8971553610498288,2025-12-18 14:22:14.069319,2025-12-18 14:22:16.526651,0 days 00:00:02.457332,0.0017554919249919304,0.7396367446123294,168,1.6508992611127136,0.12897795707514018,0.006033480608596454,12,1,709,0.7094128122164082,0.9526878705309801,0.9595912766115273,0.415705144405365,COMPLETE
56,0.8860759493665908,2025-12-18 14:22:16.526907,2025-12-18 14:22:17.863568,0 days 00:00:01.336661,0.0015141026892324788,0.7407849386964172,181,1.517088953363023,15.105608164640177,0.012451042920622725,12,7,704,0.7051252074783299,0.9486942017090015,0.9554001928640309,0.3330138325691223,COMPLETE
57,0.884531590413444,2025-12-18 14:22:17.863805,2025-12-18 14:22:19.437559,0 days 00:00:01.573754,0.0003335254992969454,0.7594547462368415,187,1.5017941464941065,44.047438391113495,0.012583614120993266,12,1,702,0.7076083071619006,0.9440635907301775,0.9526185001112677,0.4304007887840271,COMPLETE
58,0.893246187363335,2025-12-18 14:22:19.437817,2025-12-18 14:22:21.640447,0 days 00:00:02.202630,0.0017236748325350356,0.9917268622215343,169,1.851438840253798,7.49038804661345,0.00629187910427245,11,1,551,0.7696152472737066,0.9456678178351926,0.9527854016764336,0.43180543184280396,COMPLETE
59,0.8869565217386313,2025-12-18 14:22:21.640728,2025-12-18 14:22:24.121388,0 days 00:00:02.480660,0.001236118471826452,0.9125199719712469,168,0.35759170099447257,13.30630615179668,0.005870988890486961,11,1,590,0.7699031393176026,0.9446548828943105,0.9519694384689563,0.42167773842811584,COMPLETE
60,0.8747152619584977,2025-12-18 14:22:24.121625,2025-12-18 14:22:25.918228,0 days 00:00:01.796603,0.0015035144930233366,0.9263459371017293,185,0.016874416951004,12.290139985469,0.0024956601554260993,11,4,597,0.7794352296675326,0.9348388072650322,0.9418626214672502,0.5093887448310852,COMPLETE
61,0.8583877995637706,2025-12-18 14:22:25.918465,2025-12-18 14:22:26.698027,0 days 00:00:00.779562,0.001260281676127572,0.9990817889839054,169,1.372912075147248,13.864019585995019,0.0062760593507178684,12,77,800,0.7630918115807603,0.9119286151708109,0.9291410132779468,0.4190789461135864,COMPLETE
62,0.8496732026138797,2025-12-18 14:22:26.698272,2025-12-18 14:22:27.446958,0 days 00:00:00.748686,0.0005056649873280869,0.7772065305936354,175,0.8128109242129247,2.064914359625848,0.003171474206347158,12,50,571,0.8134838096407137,0.9142938280136692,0.927768711519917,0.4485018849372864,COMPLETE
63,0.8717948717943722,2025-12-18 14:22:27.447191,2025-12-18 14:22:28.877758,0 days 00:00:01.430567,0.00012428460470156126,0.9924582956654228,163,1.8667292117801844,7.534848612657975,0.005541504419984754,11,12,679,0.7209384813892359,0.9386355641290459,0.9472220161709072,0.5563467741012573,COMPLETE
64,0.8827292110869217,2025-12-18 14:22:28.877985,2025-12-18 14:22:30.628986,0 days 00:00:01.751001,4.309822627623661e-05,0.7234785370536266,189,2.3722948737698464,3.8161582846201387,0.0037859637459860844,15,1,487,0.7703852794015436,0.9436424142030146,0.9511163860247757,0.4211214482784271,COMPLETE
65,0.8733031674203144,2025-12-18 14:22:30.629222,2025-12-18 14:22:31.722059,0 days 00:00:01.092837,0.0020497101287543455,0.8899722065704145,176,0.40668354417558383,22.55974453943876,0.008899496448396165,14,20,757,0.7050727304913827,0.9352884685585826,0.9448668496402344,0.5012037754058838,COMPLETE
66,0.8615384615379619,2025-12-18 14:22:31.722292,2025-12-18 14:22:32.472469,0 days 00:00:00.750177,0.00027528488043330004,0.8358400602790597,167,1.6407355992953034,0.9138150790583655,0.00467594986819511,13,44,567,0.8084841971619681,0.9201955598539665,0.9337400786291818,0.4419263005256653,COMPLETE
67,0.8688172043005764,2025-12-18 14:22:32.472700,2025-12-18 14:22:33.359292,0 days 00:00:00.886592,0.008910518845079374,0.9735872405649885,193,1.1595721758760904,0.1619594770460001,0.010290684952858136,10,73,930,0.8335836622689689,0.921170631468542,0.9357985312662266,0.4224449694156647,COMPLETE
68,0.8784648187628279,2025-12-18 14:22:33.359526,2025-12-18 14:22:34.614399,0 days 00:00:01.254873,0.023807104278836283,0.8046241859797983,180,2.2810331092549587,0.025167549118333438,0.007862972016094266,12,15,717,0.7540272220128138,0.9456322653903256,0.9533046509902826,0.34398511052131653,COMPLETE
69,0.644314868804228,2025-12-18 14:22:34.614633,2025-12-18 14:22:34.948482,0 days 00:00:00.333849,1.7860366513422082e-07,0.9355899428620065,200,0.8859408219264191,5.30471206280581,0.005706600328138839,11,310,427,0.6811453461365862,0.4752688172043011,0.5,0.5065354108810425,COMPLETE
70,0.644314868804228,2025-12-18 14:22:34.948716,2025-12-18 14:22:35.247393,0 days 00:00:00.298677,0.002862519572050996,0.8993885307601368,149,1.754574696931317,23.864546485299066,0.012337540282219813,15,368,816,0.8719868337475952,0.4752688172043011,0.5,0.5056920051574707,COMPLETE
71,0.8733031674203144,2025-12-18 14:22:35.247619,2025-12-18 14:22:36.064612,0 days 00:00:00.816993,0.009014774185518876,0.671666468393165,173,3.2186384181683594,0.1299702861270663,0.009638174562336533,13,21,522,0.7336175835199797,0.9400676990115561,0.9492433795712485,0.5109877586364746,COMPLETE
72,0.8772727272722272,2025-12-18 14:22:36.064853,2025-12-18 14:22:36.809620,0 days 00:00:00.744767,0.0048918059913431265,0.7220690560637483,160,2.695435211642644,0.2605948950049213,0.023128925052268965,12,49,645,0.7461335919482596,0.9359418962277283,0.946869668422224,0.5391132235527039,COMPLETE
73,0.8709677419349839,2025-12-18 14:22:36.809853,2025-12-18 14:22:37.725838,0 days 00:00:00.915985,0.00048760102328390377,0.772385989779262,158,1.2435308822139133,0.07440071644703143,0.007447897243366324,14,24,608,0.7131495734280522,0.9341525213261939,0.9444217787997923,0.5523492097854614,COMPLETE
74,0.8708971553605508,2025-12-18 14:22:37.726073,2025-12-18 14:22:38.428912,0 days 00:00:00.702839,0.0012443873868704758,0.659695305470581,172,0.576080534461531,1.023018962625112,0.03399679786395265,13,63,748,0.7770517987435253,0.9262303425373655,0.9426229508196721,0.421188622713089,COMPLETE
75,0.8903225806446625,2025-12-18 14:22:38.429145,2025-12-18 14:22:39.973780,0 days 00:00:01.544635,7.65698316783024e-05,0.6301685000529114,167,2.0367181054609764,0.24355099058843463,0.012105429603430714,10,1,686,0.804778570532573,0.9517105846942788,0.958330242563608,0.3422880470752716,COMPLETE
76,0.8712446351926343,2025-12-18 14:22:39.974011,2025-12-18 14:22:40.738013,0 days 00:00:00.764002,6.664761185542136e-05,0.7273498411351721,165,2.1379640736399628,3.373204118843485,0.011758887209001648,10,45,683,0.7022618299381883,0.9275092716208063,0.9415288183369186,0.38686832785606384,COMPLETE
77,0.8533916849010322,2025-12-18 14:22:40.738243,2025-12-18 14:22:41.467237,0 days 00:00:00.728994,6.162154163707113e-06,0.6303404251290439,180,0.0687263876417521,0.026269756240520546,0.0062437725350345755,11,88,790,0.7969060616911503,0.9113673441672039,0.928065425413545,0.4277561604976654,COMPLETE
78,0.8907563025205109,2025-12-18 14:22:41.467484,2025-12-18 14:22:42.935507,0 days 00:00:01.468023,0.00017947725563384134,0.8530550837429078,190,2.55070485945802,7.856858477500228,0.014586572594794317,10,2,859,0.6631978575173919,0.9515665573184985,0.9573288331726134,0.2840665280818939,COMPLETE
79,0.8874458874453883,2025-12-18 14:22:42.935755,2025-12-18 14:22:44.672685,0 days 00:00:01.736930,7.066693956521684e-05,0.8439255355383649,191,1.6447251991272605,8.138898560096763,0.008417377402947433,9,5,850,0.6630978194425956,0.9512855843690946,0.9575513685928343,0.41761326789855957,COMPLETE
80,0.8898488120945335,2025-12-18 14:22:44.672932,2025-12-18 14:22:47.506339,0 days 00:00:02.833407,1.7846522834825498e-05,0.8633307865645641,192,2.6469318576828464,1.2041445378220261,0.004318884133786153,9,1,868,0.9880462222409213,0.94959279199776,0.9566797715303019,0.36195114254951477,COMPLETE
81,0.8744394618829081,2025-12-18 14:22:47.506570,2025-12-18 14:22:50.221947,0 days 00:00:02.715377,2.079791799275649e-05,0.8428585603529122,193,2.5078451460622353,7.933434223187039,0.001889439934165842,9,1,844,0.9144072565600099,0.9390741093225992,0.9462947852533194,0.4599491059780121,COMPLETE
82,0.8595744680846081,2025-12-18 14:22:50.222194,2025-12-18 14:22:51.378049,0 days 00:00:01.155855,1.313037375852367e-05,0.9063208520962027,189,1.7932657259173517,1.0931946980305443,0.0031646766141105944,10,34,894,0.6647279339196409,0.9235722897421321,0.9357985312662266,0.405725359916687,COMPLETE
83,0.8693693693688693,2025-12-18 14:22:51.378282,2025-12-18 14:22:52.459792,0 days 00:00:01.081510,3.5978276403745134e-05,0.8632863508110884,198,0.9284423615524817,5.103567927564357,0.008440462030596335,9,42,872,0.9389714931162504,0.9349288218556887,0.9449595727319933,0.5016776323318481,COMPLETE
84,0.644314868804228,2025-12-18 14:22:52.460018,2025-12-18 14:22:52.685775,0 days 00:00:00.225757,0.00016202302000823017,0.9572091425375224,184,3.7897239516115957,48.9779211139803,0.004433998921643762,10,248,839,0.9981377395221894,0.4752688172043011,0.5,0.5061982274055481,COMPLETE
85,0.874141876429706,2025-12-18 14:22:52.685999,2025-12-18 14:22:53.941106,0 days 00:00:01.255107,3.0619148600778487e-06,0.8596864626471858,191,2.6156868015370027,2.360560208546404,0.0067818618908813,9,23,927,0.6807302711555177,0.938823833851854,0.9476299977746457,0.531495213508606,COMPLETE
86,0.8738738738733738,2025-12-18 14:22:53.941336,2025-12-18 14:22:54.667000,0 days 00:00:00.725664,8.335510618450814e-05,0.8163873299916924,165,1.950007813955867,0.5363988738697129,0.015588521303445074,9,57,739,0.6569618747346387,0.9230861332755388,0.9390623840961353,0.48185721039772034,COMPLETE
87,0.8701298701293709,2025-12-18 14:22:54.667270,2025-12-18 14:22:56.029441,0 days 00:00:01.362171,1.20353135737492e-05,0.7891054116465728,178,0.30343565232049574,1.4833536744094575,0.003318862595450975,10,16,780,0.6765041746981472,0.9345473230475282,0.9434574586455011,0.4195300042629242,COMPLETE
88,0.8649885583519027,2025-12-18 14:22:56.029669,2025-12-18 14:22:56.999459,0 days 00:00:00.969790,0.00020301959316318678,0.8226577644762361,196,1.3434762118770087,0.3368318676454861,0.005036122713417584,10,37,665,0.9530280242490011,0.9293555156993212,0.9389140271493212,0.5221640467643738,COMPLETE
89,0.8803611738143984,2025-12-18 14:22:56.999687,2025-12-18 14:22:58.712387,0 days 00:00:01.712700,0.00036738137186310797,0.9128992546822973,150,2.878393330807763,24.56594589795695,0.007686478937535895,11,2,944,0.6239999847087585,0.9414987875705685,0.9508938506045546,0.49332186579704285,COMPLETE
90,0.8622222222217223,2025-12-18 14:22:58.712611,2025-12-18 14:22:59.540100,0 days 00:00:00.827489,8.440136951294111e-05,0.879510210746469,186,2.367411886302456,8.538166745266468,0.004227495946886565,11,28,628,0.6089755419627814,0.9215044378721499,0.9346302203100662,0.4611630141735077,COMPLETE
91,0.8838268792705706,2025-12-18 14:22:59.540329,2025-12-18 14:23:00.487421,0 days 00:00:00.947092,0.0009212314161223266,0.7549956969389481,182,1.7104165412993055,13.531470762720366,0.011490283368805735,10,12,556,0.7194205326985197,0.9408612751626191,0.950560047474223,0.5038344264030457,COMPLETE
92,0.8864628820955704,2025-12-18 14:23:00.487649,2025-12-18 14:23:01.839331,0 days 00:00:01.351682,3.5502135401583486e-05,0.9471553652509408,171,1.4835993873273245,0.6660957725498633,0.009212652366591542,11,10,693,0.6996269217426571,0.9496020982701793,0.957124842370744,0.4281163811683655,COMPLETE
93,0.8771186440672986,2025-12-18 14:23:01.839562,2025-12-18 14:23:02.781767,0 days 00:00:00.942205,4.947729058319718e-05,0.952490631178869,170,0.979668604027083,3.253116138215626,0.009468016976131009,11,11,451,0.76964481586976,0.9432242932820044,0.9518581707588458,0.35153308510780334,COMPLETE
94,0.8705357142852144,2025-12-18 14:23:02.781992,2025-12-18 14:23:03.978974,0 days 00:00:01.196982,6.763954426244823e-06,0.8780193148996788,175,1.9956709813258495,0.7162641468418923,0.0062615443246729265,9,26,877,0.6940221691598811,0.9360183962317652,0.9452933758623248,0.4751920998096466,COMPLETE
95,0.8662420382160624,2025-12-18 14:23:03.979205,2025-12-18 14:23:04.937763,0 days 00:00:00.958558,0.00010355217071025187,0.9875083479874586,156,1.4854252594166453,1.812011086933203,0.0051287249687303905,10,40,768,0.753100440062912,0.927001402530212,0.9392107410429492,0.3971370756626129,COMPLETE
96,0.8684210526310794,2025-12-18 14:23:04.937987,2025-12-18 14:23:05.722027,0 days 00:00:00.784040,3.736202613711078e-05,0.9676176203939448,122,0.6549604909675483,0.0668537163564913,0.006907824162085305,11,65,819,0.6375084303043543,0.9170286117949566,0.9323863214895037,0.43087857961654663,COMPLETE
97,0.8995633187767932,2025-12-18 14:23:05.722254,2025-12-18 14:23:07.779242,0 days 00:00:02.056988,1.1224788257664958e-06,0.943935017043881,147,1.1491328364160052,5.644973240725255,0.010440107993451575,10,1,723,0.7990014340976412,0.9528843824507327,0.9586640456939396,0.41400012373924255,COMPLETE
98,0.8801843317967353,2025-12-18 14:23:07.779523,2025-12-18 14:23:08.703677,0 days 00:00:00.924154,1.220370677820825e-07,0.9321608104420371,137,1.2188574619090349,5.775720333322737,0.01608037306706949,9,31,722,0.798290623366739,0.9418225898929813,0.9504487797641125,0.561682939529419,COMPLETE
99,0.8640350877187988,2025-12-18 14:23:08.703912,2025-12-18 14:23:09.372974,0 days 00:00:00.669062,2.606931403086367e-06,0.8486006729158918,144,2.1474057409874194,0.01282299821247435,0.01076135412214777,10,52,589,0.7637514302641943,0.925273839492222,0.9383020547437133,0.4476218819618225,COMPLETE
100,0.8565217391299356,2025-12-18 14:23:09.373208,2025-12-18 14:23:10.232686,0 days 00:00:00.859478,0.0007956229221229965,0.9162705698510059,162,0.4045115774400938,30.111407940340218,0.004022547821060857,8,21,545,0.8616601328599642,0.9257615473246325,0.9349825680587494,0.4432867765426636,COMPLETE
101,0.8913525498886354,2025-12-18 14:23:10.232923,2025-12-18 14:23:12.100398,0 days 00:00:01.867475,7.400151624091801e-07,0.9429426025152261,167,1.6021261541155276,0.25306727381116695,0.008460772872265845,9,1,678,0.8276959045572794,0.9521221478841342,0.9599992582152659,0.4549444019794464,COMPLETE
102,0.8917748917743926,2025-12-18 14:23:12.100629,2025-12-18 14:23:13.889891,0 days 00:00:01.789262,5.457836216729173e-07,0.9746598998303161,167,1.6772117127657253,0.2712914289526463,0.008356819246979253,9,3,628,0.8987765658162692,0.9525674350347534,0.9603886952006527,0.3823074996471405,COMPLETE
103,0.8828828828823828,2025-12-18 14:23:13.890185,2025-12-18 14:23:15.513545,0 days 00:00:01.623360,1.243544179405984e-06,0.9724227355476853,148,1.885889309942947,0.21606443773094358,0.007828804199346352,9,12,838,0.8271525609949488,0.949681486233455,0.9566241376752466,0.5256201028823853,COMPLETE
104,0.8863636363631364,2025-12-18 14:23:15.513779,2025-12-18 14:23:16.818907,0 days 00:00:01.305128,5.145459218435188e-07,0.9813919137723326,165,1.6132304287354435,0.10443401022499996,0.013773818292242678,8,1,643,0.8986924276105059,0.9503270009388788,0.9582189748534976,0.5337604284286499,COMPLETE
105,0.8749999999995011,2025-12-18 14:23:16.819136,2025-12-18 14:23:18.146466,0 days 00:00:01.327330,8.385466872067589e-08,0.8944827987919541,102,3.0767915228458103,0.2625839131654366,0.010948399716343777,9,21,899,0.9709404875355722,0.9496761229985103,0.9556412729026037,0.3704293966293335,COMPLETE
106,0.8705357142852144,2025-12-18 14:23:18.146702,2025-12-18 14:23:19.335760,0 days 00:00:01.189058,5.790387091952889e-07,0.9429042935812537,153,2.4325071465089967,1.2375434170982222,0.008546030470460628,9,38,972,0.8433893689788579,0.9365570868681603,0.9457569913211186,0.4813746511936188,COMPLETE
107,0.8846960167709911,2025-12-18 14:23:19.335990,2025-12-18 14:23:20.441172,0 days 00:00:01.105182,1.4227136292469124e-06,0.9677578880769987,177,2.810954675498424,0.4018542006897688,0.021204776860273392,15,13,785,0.8039176904856337,0.9532646086802922,0.9589607595875677,0.28551000356674194,COMPLETE
108,0.8735632183903047,2025-12-18 14:23:20.441405,2025-12-18 14:23:21.483178,0 days 00:00:01.041773,5.938493391945823e-08,0.8254062712289353,189,1.1042923812230878,0.0803447363605657,0.006801946003666727,8,32,723,0.7874200673034438,0.9337738821217959,0.9448853942585862,0.5515215992927551,COMPLETE
109,0.8651162790692677,2025-12-18 14:23:21.483448,2025-12-18 14:23:22.374713,0 days 00:00:00.891265,2.6874135152487163e-07,0.7889252877208597,184,3.3776923744837037,0.041745084167059875,0.009737780692932215,7,47,672,0.9016686356707931,0.9310193945182097,0.9416771752837326,0.5683836936950684,COMPLETE
110,0.8846153846148861,2025-12-18 14:23:22.374993,2025-12-18 14:23:23.421498,0 days 00:00:01.046505,6.880132116633838e-07,0.5586282591966025,158,2.1880344548152046,2.408503878035779,0.01361114651623284,10,10,512,0.8252838569655541,0.9491256024688337,0.957347377790965,0.37479472160339355,COMPLETE
111,0.8803418803413819,2025-12-18 14:23:23.421777,2025-12-18 14:23:25.329350,0 days 00:00:01.907573,2.9183101792505974e-07,0.921806582468547,169,0.7972460249883997,18.52654966768482,0.0054504602305723866,10,3,616,0.8893765988711002,0.94170135661958,0.9491135672427862,0.40664222836494446,COMPLETE
112,0.8869565217386313,2025-12-18 14:23:25.329589,2025-12-18 14:23:27.834006,0 days 00:00:02.504417,3.9434993158259957e-08,0.6387691485660609,173,1.2991886181812968,9.177706293033228,0.005808906437122387,10,1,856,0.7508405464673086,0.9491733832833238,0.9550293004969957,0.42483434081077576,COMPLETE
113,0.8719101123590506,2025-12-18 14:23:27.834273,2025-12-18 14:23:29.047157,0 days 00:00:01.212884,0.00020825423741675596,0.9990646329700119,129,1.8617929774551643,3.688524387380819,0.008400037204357384,9,22,765,0.9329566906258667,0.9452424152299888,0.9521919738891774,0.5168785452842712,COMPLETE
114,0.644314868804228,2025-12-18 14:23:29.047378,2025-12-18 14:23:29.243463,0 days 00:00:00.196085,0.0004944473046526105,0.8783080450545364,168,1.7465587325577996,0.8884948424304198,0.007204322981392472,10,487,740,0.7767044625343389,0.4752688172043011,0.5,0.5061861276626587,COMPLETE
115,0.8651162790692677,2025-12-18 14:23:29.243682,2025-12-18 14:23:30.115148,0 days 00:00:00.871466,0.001920674541465997,0.9577549765227773,161,1.410187318036173,0.43970216407619883,0.006129162904258458,11,29,600,0.7299061451193659,0.9294195352900527,0.9408983013129589,0.5499566197395325,COMPLETE
116,0.8783505154634214,2025-12-18 14:23:30.115367,2025-12-18 14:23:31.385715,0 days 00:00:01.270348,0.00041578747759245667,0.9372849274773158,120,1.082971500463509,5.806277446409982,0.010738988794587173,9,17,805,0.8152484024481673,0.9478800062643723,0.9544173280913879,0.29074937105178833,COMPLETE
117,0.8879492600417854,2025-12-18 14:23:31.385948,2025-12-18 14:23:32.597172,0 days 00:00:01.211224,4.062450533442973e-06,0.607664966153717,192,2.3186290501738283,2.734127559240691,0.01573325394070895,8,1,695,0.8385025013076406,0.9512156330380772,0.9583673318003116,0.3156099021434784,COMPLETE
118,0.8893709327543814,2025-12-18 14:23:32.597395,2025-12-18 14:23:33.791739,0 days 00:00:01.194344,9.991177793061447e-06,0.5860719637563236,194,2.0962471764157775,0.17084880426876575,0.01586504378896606,8,10,700,0.8462612508625611,0.95461743076073,0.9604628736740598,0.40896910429000854,COMPLETE
119,0.8805620608894303,2025-12-18 14:23:33.791969,2025-12-18 14:23:34.570462,0 days 00:00:00.778493,5.730438398625119e-06,0.5983162182851889,200,2.7150983235159236,0.17197582870335595,0.029642965055757097,7,42,696,0.8585130062395728,0.9411901872806668,0.9504302351457606,0.6110295057296753,COMPLETE
120,0.644314868804228,2025-12-18 14:23:34.570682,2025-12-18 14:23:34.882374,0 days 00:00:00.311692,1.0862140167722065e-05,0.5780052431190144,197,2.265438295142995,0.10902784259076155,0.01617065077178642,8,201,651,0.83828571377069,0.4752688172043011,0.5,0.5061826705932617,COMPLETE
121,0.8883928571423572,2025-12-18 14:23:34.882594,2025-12-18 14:23:36.288373,0 days 00:00:01.405779,1.6972370754343277e-06,0.6098954572779997,193,1.6604899960801713,0.0013352455797709906,0.01228152094278216,8,10,754,0.864343399872166,0.9532873714002457,0.9587567687856984,0.46481817960739136,COMPLETE
122,0.8884120171668832,2025-12-18 14:23:36.288603,2025-12-18 14:23:37.356616,0 days 00:00:01.068013,1.5741886561377392e-06,0.5227886556344089,194,2.0667454410256485,0.010331305350477712,0.020421276935030257,8,18,710,0.8717182183325192,0.9524624905322264,0.9585527779838291,0.38502684235572815,COMPLETE
123,0.889908256880234,2025-12-18 14:23:37.356845,2025-12-18 14:23:38.307147,0 days 00:00:00.950302,1.7029221916326533e-06,0.5233202900630217,186,2.5360339416601683,0.010995958276255675,0.024561951777934826,7,19,740,0.8737388960047977,0.9510621011532565,0.9567354053853572,0.5823641419410706,COMPLETE
124,0.884120171673321,2025-12-18 14:23:38.307370,2025-12-18 14:23:39.243919,0 days 00:00:00.936549,6.405185770543652e-07,0.503746574046278,187,2.5903213867777364,0.01620809570628923,0.025559836151792498,7,19,721,0.9209469284267037,0.9521836527479274,0.958330242563608,0.35662582516670227,COMPLETE
125,0.8747152619584977,2025-12-18 14:23:39.244145,2025-12-18 14:23:40.078373,0 days 00:00:00.834228,2.6183388980227334e-06,0.5251005239112813,179,2.021269380523827,0.006620961280237463,0.02022371389753711,7,30,635,0.8737820143224466,0.9445678680156462,0.9515614568652178,0.5364452600479126,COMPLETE
126,0.8735632183903047,2025-12-18 14:23:40.078594,2025-12-18 14:23:40.765077,0 days 00:00:00.686483,7.957024428314505e-07,0.47750401602534703,187,3.0182087352821307,0.04753996191252391,0.032232136845109206,15,55,665,0.8519567320267079,0.9334711619856626,0.9469253022772792,0.5800839066505432,COMPLETE
127,0.8826086956516747,2025-12-18 14:23:40.765309,2025-12-18 14:23:41.553389,0 days 00:00:00.788080,3.3976224597386645e-07,0.5488873863590784,183,2.4554715004106944,0.297330199256026,0.04128258922806051,7,20,793,0.8813647201567733,0.9458149924708241,0.9555114605741414,0.39826706051826477,COMPLETE
128,0.8816705336421917,2025-12-18 14:23:41.553615,2025-12-18 14:23:42.515164,0 days 00:00:00.961549,2.071747792272882e-07,0.5402206859788007,181,2.0514976081905965,0.030765837975313633,0.026222314153778903,6,35,828,0.8905965737275272,0.9471534750746751,0.9533231956086343,0.5825694799423218,COMPLETE
129,0.8835164835159838,2025-12-18 14:23:42.515390,2025-12-18 14:23:43.485846,0 days 00:00:00.970456,2.2019054142204565e-05,0.5110220678958024,195,3.611459145502687,0.0010380678249295096,0.01878616125029015,8,12,746,0.8189870819121315,0.9486863283655993,0.9558452637044729,0.4316295087337494,COMPLETE
130,0.8783505154634214,2025-12-18 14:23:43.486070,2025-12-18 14:23:44.506773,0 days 00:00:01.020703,3.911681078364187e-06,0.5763312840694621,173,3.238530597423924,0.010313319864533915,0.014422538310736512,14,26,777,0.7907093846763359,0.9438451439864034,0.9530821155700616,0.2909051477909088,COMPLETE
131,0.8927038626604455,2025-12-18 14:23:44.506999,2025-12-18 14:23:45.639364,0 days 00:00:01.132365,1.9053594231057077e-06,0.6317634942827433,194,1.5846518328491925,0.00032005518934538396,0.02288861177206622,8,9,757,0.8691130358693155,0.9512497988091789,0.9584229656553668,0.34167778491973877,COMPLETE
132,0.8823529411759731,2025-12-18 14:23:45.639589,2025-12-18 14:23:46.731515,0 days 00:00:01.091926,1.9036028802742053e-06,0.6773343759022432,196,1.9097046164224467,0.00031658663008756583,0.02215339263654767,8,14,712,0.8688635237534158,0.9506500804664079,0.9581262517617387,0.29039299488067627,COMPLETE
133,0.895522388059203,2025-12-18 14:23:46.731740,2025-12-18 14:23:47.509066,0 days 00:00:00.777326,9.822662862088974e-07,0.623398209729801,190,1.524291928126011,0.00011053518110284028,0.02406437872087893,6,1,811,0.8526121504435654,0.9504671090887384,0.9608523106594467,0.3199370503425598,COMPLETE
134,0.9017094017089031,2025-12-18 14:23:47.509296,2025-12-18 14:23:48.387084,0 days 00:00:00.877788,1.0690980530509629e-06,0.6671917101183437,177,1.3200099755434227,0.00016221253577193147,0.02324457641844481,5,1,887,0.8463327816685607,0.9542901250458531,0.9616868184852755,0.3040718734264374,COMPLETE
135,0.8933333333328335,2025-12-18 14:23:48.387308,2025-12-18 14:23:49.404911,0 days 00:00:01.017603,9.127412486213713e-07,0.6585839375838322,176,1.366715268254751,4.601164747019966e-05,0.02891290808226869,6,2,907,0.8076575547068552,0.9545008321779218,0.9618351754320895,0.46044832468032837,COMPLETE
136,0.8898488120945335,2025-12-18 14:23:49.405137,2025-12-18 14:23:50.037551,0 days 00:00:00.632414,9.454853757272412e-07,0.7106023531394193,176,1.2726174009050033,0.00010731032222725786,0.03656227620012955,6,1,942,0.8258889877556014,0.9543479989506687,0.9606483198575774,0.3432905077934265,COMPLETE
137,0.8827586206891552,2025-12-18 14:23:50.037783,2025-12-18 14:23:51.113825,0 days 00:00:01.076042,1.5052410796090977e-07,0.6598803622920245,164,1.5112834807571813,3.397992002586707e-05,0.029843353336953704,5,27,896,0.882929346173338,0.9517670015845443,0.9577924486314071,0.5692485570907593,COMPLETE
138,0.8822170900687843,2025-12-18 14:23:51.114049,2025-12-18 14:23:52.001651,0 days 00:00:00.887602,3.5978940743813456e-07,0.6261571182793674,178,0.8439949742774311,0.00024691598418885704,0.024645206807705232,6,42,813,0.8094656606801899,0.9432572028219515,0.9517098138120318,0.602046549320221,COMPLETE
139,0.8884026258200695,2025-12-18 14:23:52.001887,2025-12-18 14:23:53.157388,0 days 00:00:01.155501,1.0817350450278292e-06,0.6927292245043246,166,1.1902115992377986,6.097005843971916e-05,0.023611031799785517,5,10,873,0.8530040639995674,0.95469145997615,0.95909057191603,0.4303138852119446,COMPLETE
140,0.8840262582051898,2025-12-18 14:23:53.157627,2025-12-18 14:23:54.247480,0 days 00:00:01.089853,3.9334383390210304e-07,0.6497593437717599,173,1.594905874341417,0.00012773381537757987,0.0289814053135207,5,23,910,0.834448244137475,0.953649752422363,0.9594800089014168,0.419249027967453,COMPLETE
141,0.8903803131986052,2025-12-18 14:23:54.247709,2025-12-18 14:23:55.499655,0 days 00:00:01.251946,4.434031355411605e-07,0.7360105285027325,188,1.351805401160329,1.7960275500912984e-05,0.018228935072192243,4,9,1033,0.7966073249659388,0.9497850655800888,0.9604628736740597,0.4970865547657013,COMPLETE
142,0.8884120171668832,2025-12-18 14:23:55.499898,2025-12-18 14:23:56.537873,0 days 00:00:01.037975,4.7256988714345225e-07,0.7390294068001299,185,1.0189251305093612,0.0001641676439292423,0.01793224177264026,4,1,779,0.7995529523706791,0.952437184999689,0.9612232030264818,0.346411794424057,COMPLETE
143,0.889390519186859,2025-12-18 14:23:56.538099,2025-12-18 14:23:57.331108,0 days 00:00:00.793009,9.326638158230681e-07,0.6900909830379104,179,1.376037869550166,2.2991434366867247e-05,0.0500206962608205,4,12,1047,0.807214543420282,0.9533622978462031,0.9604257844373563,0.5312947034835815,COMPLETE
144,0.8811188811183815,2025-12-18 14:23:57.331329,2025-12-18 14:23:58.555964,0 days 00:00:01.224635,2.5472114645428274e-06,0.7707634684879616,175,0.6476628640267491,0.0007238192905680492,0.021302565531446924,5,34,1104,0.7781578949449155,0.9471861019210579,0.9557896298494177,0.6024723052978516,COMPLETE
145,0.8697571743924363,2025-12-18 14:23:58.556193,2025-12-18 14:23:58.802951,0 days 00:00:00.246758,1.131320147022319e-07,0.757074123729965,182,1.7420279751515788,3.5638205222334115e-05,0.03294336197975434,3,18,153,0.7913958947253528,0.9342567070144772,0.9450708404421037,0.43747520446777344,COMPLETE
146,0.644314868804228,2025-12-18 14:23:58.803174,2025-12-18 14:23:59.106098,0 days 00:00:00.302924,2.4841387001277235e-07,0.7205931991622735,157,1.4567589885637484,4.7948722329103975e-06,0.027423301515889512,6,284,1012,0.7424177492657242,0.4752688172043011,0.5,0.505815863609314,COMPLETE
147,0.877419354838211,2025-12-18 14:23:59.106321,2025-12-18 14:23:59.964305,0 days 00:00:00.857984,0.002741515549255197,0.6684986714843091,169,1.0552898080051512,1.9683409662389658e-05,0.011802405711887395,3,10,800,0.9071957953212072,0.9422568444815368,0.952970847859951,0.370239794254303,COMPLETE
148,0.8838268792705706,2025-12-18 14:23:59.964574,2025-12-18 14:24:01.277420,0 days 00:00:01.312846,1.312789866143926e-06,0.7374027946778515,162,1.7380229285962638,0.0001833091090602425,0.01733662003373423,4,27,1092,0.716846426246311,0.94781151930025,0.9555856390475483,0.5554558038711548,COMPLETE
149,0.8968609865465852,2025-12-18 14:24:01.277694,2025-12-18 14:24:02.669615,0 days 00:00:01.391921,6.271919210123073e-07,0.6375570268067285,189,1.3028035627992927,1.4474651514187198e-05,0.013207802771389724,5,1,964,0.8299844328085909,0.9526424394351524,0.9614457384467027,0.5225718021392822,COMPLETE
150,0.8898678414091918,2025-12-18 14:24:02.669850,2025-12-18 14:24:04.035623,0 days 00:00:01.365773,5.379684165573488e-07,0.6478834383301014,189,1.2722977486539828,1.1594394183971877e-05,0.010007022752121262,5,1,827,0.8289107402707083,0.9534921692516396,0.9611490245530747,0.4323635697364807,COMPLETE
151,0.8813559322028919,2025-12-18 14:24:04.035855,2025-12-18 14:24:05.403516,0 days 00:00:01.367661,1.0541641014396039e-08,0.6256121825751438,188,0.8653515527706113,7.05246972216061e-05,0.014233464772568021,6,18,961,0.8534456980651549,0.9515480242439145,0.9578109932497589,0.3440328538417816,COMPLETE
152,0.8874734607213701,2025-12-18 14:24:05.403739,2025-12-18 14:24:06.990380,0 days 00:00:01.586641,8.78000100030618e-07,0.7057631422108551,185,1.5151393305816803,0.0005646822428833492,0.012777973303523866,6,9,989,0.8171301038757391,0.9519337552977931,0.9591276611527334,0.2905466854572296,COMPLETE
153,0.8807339449536284,2025-12-18 14:24:06.990614,2025-12-18 14:24:08.137186,0 days 00:00:01.146572,2.1745786938719726e-06,0.6338875152178208,171,1.1634455604937803,8.417319861574255e-05,0.023558392062522023,5,36,1032,0.8448956429249682,0.948401418235637,0.9556783621393071,0.5649682283401489,COMPLETE
154,0.8792710706145341,2025-12-18 14:24:08.137417,2025-12-18 14:24:09.360595,0 days 00:00:01.223178,0.007261629043461711,0.658926055774516,200,1.9307510430723611,1.5219518966059555e-05,0.009326720624736252,5,23,915,0.7617932591194014,0.9433176769554461,0.9515058230101625,0.5250508189201355,COMPLETE
155,0.8812785388122855,2025-12-18 14:24:09.360833,2025-12-18 14:24:10.433937,0 days 00:00:01.073104,5.030536464147731e-07,0.6188490599670411,178,1.7934328677927516,4.1908226469817216e-05,0.007802567658848367,4,10,852,0.8009408537702408,0.9464745336230038,0.9549922112602922,0.5460719466209412,COMPLETE
156,0.888888888888389,2025-12-18 14:24:10.434160,2025-12-18 14:24:11.664255,0 days 00:00:01.230095,3.6292252945285244e-06,0.6818374067667811,182,1.3225191207207498,7.563427064870421e-06,0.01869746933765737,7,8,748,0.88518946208138,0.9524904034182353,0.958552777983829,0.46378955245018005,COMPLETE
157,0.8898678414091918,2025-12-18 14:24:11.664478,2025-12-18 14:24:13.084160,0 days 00:00:01.419682,1.2868729227167692e-06,0.6388988199911008,166,1.6236386059745045,0.00048488793508688334,0.011717116414721732,6,2,958,0.8364009060930879,0.9520794948565339,0.9601290705437282,0.42986777424812317,COMPLETE
158,0.8826086956516747,2025-12-18 14:24:13.084389,2025-12-18 14:24:13.637174,0 days 00:00:00.552785,2.2544745859399801e-07,0.6030846002904628,175,1.404672413388054,0.00029131434070727287,0.19411141807893423,15,20,662,0.8130534799007981,0.9501122121755359,0.9561790668348045,0.36081138253211975,COMPLETE
159,0.8643678160914541,2025-12-18 14:24:13.637395,2025-12-18 14:24:14.414780,0 days 00:00:00.777385,7.043533037875227e-07,0.9884320449641986,107,0.9697050683956261,0.5532704072344404,0.010347826896669845,7,44,618,0.8620826753068378,0.9302016902506803,0.9424189600178029,0.5551164746284485,COMPLETE
160,0.8907922912200582,2025-12-18 14:24:14.414995,2025-12-18 14:24:15.020347,0 days 00:00:00.605352,0.0009344622157610023,0.7153086816074197,137,2.2328860870116634,7.814569867023765e-05,0.04009127960272262,4,1,578,0.7822500027314665,0.9502548859562284,0.9596283658482307,0.34293249249458313,COMPLETE
161,0.8835164835159838,2025-12-18 14:24:15.020568,2025-12-18 14:24:15.688581,0 days 00:00:00.668013,0.0009510146640702961,0.7204523334958995,133,2.318614844766244,4.945970558924992e-05,0.045620676811492795,4,16,569,0.7912346851057562,0.9529337671771563,0.9589607595875678,0.4425053596496582,COMPLETE
162,0.8940092165893619,2025-12-18 14:24:15.688814,2025-12-18 14:24:16.106605,0 days 00:00:00.417791,0.002003050336695628,0.7636386861623141,126,1.9026736157916866,9.991283772189918e-05,0.06624591837278415,4,1,539,0.7726128250331742,0.955012461531611,0.9619835323789035,0.549797773361206,COMPLETE
163,0.883408071748379,2025-12-18 14:24:16.106835,2025-12-18 14:24:16.579414,0 days 00:00:00.472579,0.0036047485032854256,0.768749362572241,138,1.8717230393572626,9.517801991850913e-05,0.060794933387421715,3,2,476,0.7554879078282627,0.9482336611201765,0.9578851717231659,0.44479134678840637,COMPLETE
164,0.8826291079807214,2025-12-18 14:24:16.579632,2025-12-18 14:24:17.184784,0 days 00:00:00.605152,0.0017414171294216842,0.7429366923442404,128,1.5911127014177873,0.00017959610112494465,0.09428410200490761,4,29,561,0.786766904185782,0.9489476420951551,0.9563274237816185,0.6349525451660156,COMPLETE
165,0.8884026258200695,2025-12-18 14:24:17.185007,2025-12-18 14:24:17.556954,0 days 00:00:00.371947,0.000299190476888276,0.7101593365656031,145,2.214041564854776,2.9064543384814827e-05,0.07361800723150345,4,1,526,0.7755107222681185,0.949885041120863,0.9578295378681106,0.3951781690120697,COMPLETE
166,0.8822269807275528,2025-12-18 14:24:17.557173,2025-12-18 14:24:18.263650,0 days 00:00:00.706477,0.0006740970934720883,0.7848374892327759,136,1.9090005924847306,3.1119508934124746e-06,0.03674752537877057,5,11,504,0.770158166954482,0.9461106406786564,0.956141977598101,0.3413693904876709,COMPLETE
167,0.880851063829289,2025-12-18 14:24:18.263875,2025-12-18 14:24:19.107144,0 days 00:00:00.843269,0.002170046991718023,0.7575060942964192,130,1.1417777505227007,6.141658795124e-05,0.00696826276109631,4,1,594,0.7389069979784334,0.9445213895969626,0.9533788294636897,0.3612997531890869,COMPLETE
168,0.8721174004187898,2025-12-18 14:24:19.107367,2025-12-18 14:24:19.580903,0 days 00:00:00.473536,0.014004004830638432,0.6646256023845121,134,1.665076299685272,0.00015246068044205162,0.013624650455825359,3,28,405,0.7838299223192544,0.9297413956387773,0.9441065202878125,0.3424569070339203,COMPLETE
169,0.644314868804228,2025-12-18 14:24:19.581122,2025-12-18 14:24:19.767346,0 days 00:00:00.186224,0.001060475439674749,0.7277200310071726,117,0.521022197386602,0.0003208848173002413,0.05312820743441786,4,348,544,0.8223642604613114,0.4752688172043011,0.5,0.505673885345459,COMPLETE
170,0.8789237668156435,2025-12-18 14:24:19.767571,2025-12-18 14:24:21.044024,0 days 00:00:01.276453,0.005006287843006113,0.7996434602886322,141,1.3838858052023706,2.23370480340304e-05,0.00908328337596749,10,14,681,0.8065403078977377,0.9476875504203407,0.9549365774052371,0.48492899537086487,COMPLETE
171,0.888382687926607,2025-12-18 14:24:21.044243,2025-12-18 14:24:22.063488,0 days 00:00:01.019245,1.5534038913449834e-06,0.9772827846334117,124,2.517167349884026,9.527913556617705e-05,0.024282462247805933,4,19,884,0.8013803688180486,0.9478369504537135,0.958552777983829,0.5326349139213562,COMPLETE
172,0.889390519186859,2025-12-18 14:24:22.063710,2025-12-18 14:24:22.892865,0 days 00:00:00.829155,8.451121799134455e-07,0.6860170634438009,190,2.1761157687619597,1.3413618752106677e-05,0.029548463948050524,5,10,636,0.7249461472106117,0.9546842858188858,0.9594985535197686,0.5128281712532043,COMPLETE
173,0.8781609195397301,2025-12-18 14:24:22.893092,2025-12-18 14:24:23.736226,0 days 00:00:00.843134,0.0006892602008155958,0.7364424640618251,153,2.059512956992809,0.20111318038731582,0.04176971855376691,5,21,739,0.8955533935618962,0.9507954852851056,0.9554558267190861,0.5663611888885498,COMPLETE
174,0.9026548672561373,2025-12-18 14:24:23.736454,2025-12-18 14:24:25.104247,0 days 00:00:01.367793,4.4983984860260543e-07,0.9542242349712016,186,1.8475635843939717,0.08227151654969715,0.01993310300825343,12,1,760,0.7517528401884647,0.9508480715290171,0.958942214969216,0.43009063601493835,COMPLETE
175,0.89086859688146,2025-12-18 14:24:25.104469,2025-12-18 14:24:26.427740,0 days 00:00:01.323271,3.96916228301734e-07,0.9543147426959124,140,1.8102736953399376,0.12070706620268272,0.019674950319533393,12,1,840,0.7478722234486556,0.9519639132074141,0.9598323566501001,0.45608916878700256,COMPLETE
176,0.8865546218482421,2025-12-18 14:24:26.427971,2025-12-18 14:24:27.808406,0 days 00:00:01.380435,3.133313023192592e-07,0.9614881260411275,146,1.768382904943881,0.08771374645362265,0.019735865724426656,12,12,935,0.7523915728115285,0.9516366902566962,0.9587011349306431,0.2922218143939972,COMPLETE
177,0.8758465011281681,2025-12-18 14:24:27.808632,2025-12-18 14:24:28.793474,0 days 00:00:00.984842,5.137024920258291e-07,0.9491083108554177,139,1.4964868656684323,0.06436621634924902,0.016574111013640164,13,34,849,0.7437966688199131,0.9434242612464784,0.9514501891551072,0.5158410668373108,COMPLETE
178,0.8904109589036096,2025-12-18 14:24:28.793702,2025-12-18 14:24:29.852626,0 days 00:00:01.058924,1.8847143255015936e-07,0.9758115217157008,141,1.2345429621978787,5.4123850765586835e-05,0.021898068166649267,12,1,795,0.7328182925201101,0.9506675761802268,0.957959350196573,0.5377757549285889,COMPLETE
179,0.89086859688146,2025-12-18 14:24:29.852853,2025-12-18 14:24:31.108530,0 days 00:00:01.255677,2.0575488975244827e-07,0.9318902089658521,142,0.7735571681586624,5.5972656029340035e-05,0.020519164698863883,12,1,815,0.7327149248148351,0.9533271263397609,0.9586084118388843,0.4585060179233551,COMPLETE
180,0.8929384965826436,2025-12-18 14:24:31.108757,2025-12-18 14:24:32.449923,0 days 00:00:01.341166,1.5947298143701108e-07,0.9326926661036551,132,0.8437434762630645,0.12806274528362888,0.020875074831640184,12,1,827,0.7267189863195709,0.9539887505416829,0.960518507529115,0.5450170636177063,COMPLETE
181,0.8855291576668876,2025-12-18 14:24:32.450149,2025-12-18 14:24:36.277793,0 days 00:00:03.827644,7.026977712532466e-08,0.9289955130528168,132,0.8793664028407383,0.10962232268544018,0.0010029336920644655,12,1,825,0.7310528005025668,0.9435914820439083,0.9515614568652178,0.45670780539512634,COMPLETE
182,0.8941684665221791,2025-12-18 14:24:36.278030,2025-12-18 14:24:37.667562,0 days 00:00:01.389532,3.1661984262145356e-07,0.9401818284276721,150,0.23966433867948744,0.28296700573754774,0.022022858669720695,12,11,877,0.762378199490749,0.9527500266047322,0.9600919813070248,0.3807334303855896,COMPLETE
183,0.8878923766811144,2025-12-18 14:24:37.667813,2025-12-18 14:24:38.793139,0 days 00:00:01.125326,1.1175813732831e-07,0.9397580669874863,150,0.2779400924565849,0.28287132057174685,0.02659552708288849,12,15,768,0.7646401904283042,0.9535761670210544,0.9597767227950449,0.5135043859481812,COMPLETE
184,0.8812785388122855,2025-12-18 14:24:38.793358,2025-12-18 14:24:39.828028,0 days 00:00:01.034670,1.547648595138847e-07,0.9565662652722025,144,0.6520474769471323,0.14744989727322277,0.031277979794984846,12,25,887,0.7137307298713591,0.9499731441240161,0.9567354053853571,0.5238112211227417,COMPLETE
185,0.8870292887024317,2025-12-18 14:24:39.828260,2025-12-18 14:24:41.171946,0 days 00:00:01.343686,2.8196698230700565e-07,0.9091218026676418,134,0.7344355894246726,0.42269804140244205,0.01966489777207657,12,11,813,0.7521817885771718,0.9535874697045452,0.96014761516208,0.25894930958747864,COMPLETE
186,0.8326180257505742,2025-12-18 14:24:41.172171,2025-12-18 14:24:41.637721,0 days 00:00:00.465550,3.883445764985879e-07,0.9232529108004355,141,0.5348182997729443,0.1407518843093449,0.02211830808360882,12,173,860,0.7420215071917333,0.8718845001932328,0.8880461390104593,0.4879087805747986,COMPLETE
187,0.8909512761015884,2025-12-18 14:24:41.637956,2025-12-18 14:24:42.896041,0 days 00:00:01.258085,5.069088131676804e-08,0.9437807258081656,136,0.11021406341048123,0.7203881787313159,0.026900988404382934,13,10,779,0.7619125332766101,0.954569008655234,0.9608337660410948,0.6235304474830627,COMPLETE
188,0.8827586206891552,2025-12-18 14:24:42.896279,2025-12-18 14:24:43.911404,0 days 00:00:01.015125,1.0029667068780312e-07,0.9424411511437806,127,0.12536169045331835,0.3318570053503099,0.02164170553112436,13,24,778,0.7260691783653976,0.9477049009256547,0.9561790668348045,0.5566070675849915,COMPLETE
189,0.8855291576668876,2025-12-18 14:24:43.911631,2025-12-18 14:24:45.232254,0 days 00:00:01.320623,7.377266139815348e-07,0.9610321476924382,149,0.09916761741177949,0.21152660695767145,0.027149913134812912,12,13,915,0.7574332590353602,0.9526189032149579,0.9595170981381204,0.38348862528800964,COMPLETE
190,0.644314868804228,2025-12-18 14:24:45.232481,2025-12-18 14:24:45.417276,0 days 00:00:00.184795,7.435296261888916e-08,0.9889952012637545,146,0.28840346999985467,0.6497594861316086,0.0237142318526581,13,424,822,0.7178729660432799,0.4752688172043011,0.5,0.5061861276626587,COMPLETE
191,0.8959276018094547,2025-12-18 14:24:45.417497,2025-12-18 14:24:46.321064,0 days 00:00:00.903567,1.987017779577637e-07,0.9686563607220673,137,0.9487609916860592,0.00020939640076384186,0.03600693335059395,12,8,798,0.7631179282148829,0.9462581620769418,0.9592018396261405,0.5344588756561279,COMPLETE
192,0.8873873873868875,2025-12-18 14:24:46.321283,2025-12-18 14:24:47.618997,0 days 00:00:01.297714,4.1876194510004155e-08,0.9756388891328924,125,0.9518619439284982,0.0002245902556336935,0.02564354350479535,12,11,838,0.7662085412297108,0.9541085767203855,0.9602403382538387,0.5245401859283447,COMPLETE
193,0.8828828828823828,2025-12-18 14:24:47.619221,2025-12-18 14:24:48.595071,0 days 00:00:00.975850,3.234694304735288e-08,0.946354661359455,136,0.5302732859638197,0.38130285100533906,0.03528142241009291,11,22,794,0.7437321180928574,0.948941612356579,0.9572917439359098,0.48104825615882874,COMPLETE
194,0.8917748917743926,2025-12-18 14:24:48.595301,2025-12-18 14:24:49.931161,0 days 00:00:01.335860,1.630440084175086e-07,0.9293201788086309,140,1.0984352320006123,0.0003749065585918047,0.01982416582147286,14,9,757,0.7477540189032564,0.952874677097766,0.9587011349306431,0.37506166100502014,COMPLETE
195,0.8809523809518823,2025-12-18 14:24:49.931393,2025-12-18 14:24:50.666225,0 days 00:00:00.734832,5.7392080636056463e-08,0.9628507121657006,133,1.053476291754066,0.0013743591388650162,0.10732619739759214,15,34,766,0.7494634880038021,0.9488702480493437,0.9563274237816186,0.6975772976875305,COMPLETE
196,0.8838268792705706,2025-12-18 14:24:50.666448,2025-12-18 14:24:51.750411,0 days 00:00:01.083963,1.6368019628451992e-07,0.9180288813361877,131,1.567584208542808,0.0006500295101911185,0.028913419336327746,14,11,729,0.7599754767668703,0.9501218180132462,0.9586084118388845,0.555078387260437,COMPLETE
197,0.8807339449536284,2025-12-18 14:24:51.750634,2025-12-18 14:24:52.844927,0 days 00:00:01.094293,4.1314572519144106e-07,0.9011873499450647,138,1.165089075611801,0.0004165394101786767,0.01770541480031401,14,19,762,0.7669150166494672,0.9489914686358719,0.9568652177138194,0.5776540040969849,COMPLETE
198,0.8761061946897656,2025-12-18 14:24:52.845151,2025-12-18 14:24:54.001587,0 days 00:00:01.156436,1.0791006448060933e-06,0.9520197026912387,155,1.3910640119538713,0.00012680563404609676,0.007654981306975105,13,30,890,0.7716723956212516,0.9383032469651749,0.9474074623544247,0.4492799639701843,COMPLETE
199,0.8860759493665908,2025-12-18 14:24:54.001824,2025-12-18 14:24:55.342567,0 days 00:00:01.340743,6.012860424776188e-07,0.9984574868245228,159,4.739192198552548,0.052696034721879344,0.008513159793601954,14,8,724,0.7405540813128842,0.9469714565639683,0.9553445590089756,0.3013823926448822,COMPLETE
