number,value,datetime_start,datetime_complete,duration,params_batch_size,params_dropout,params_hidden,params_huber_delta,params_loss,params_lr,params_weight_decay,user_attrs_val_mae,user_attrs_val_r2,user_attrs_val_rmse,user_attrs_val_spearman_rho,state
0,0.4369539606338285,2025-12-21 04:23:19.347853,2025-12-21 04:47:49.980012,0 days 00:24:30.632159,16,0.2169640209282997,2048,,mse,1.4332164884685349e-05,0.003960395056186835,0.7407804131507874,0.07125723361968994,1.0800766944885254,0.42994911525768553,COMPLETE
1,0.4444647487379795,2025-12-21 04:47:49.980309,2025-12-21 05:06:42.048897,0 days 00:18:52.068588,32,0.18669562728663963,2048,,mse,3.544712243994723e-05,6.957899300782994e-08,0.7507746815681458,0.07030868530273438,1.0806280374526978,0.4316987773796713,COMPLETE
2,0.46752927053542664,2025-12-21 05:06:42.049146,2025-12-21 05:28:10.540539,0 days 00:21:28.491393,16,0.04560545125841525,2048,1.007480357479476,huber,2.932643772000347e-05,1.4687929527428498e-09,0.7186911702156067,0.06995946168899536,1.0808309316635132,0.45867894836652456,COMPLETE
3,0.417640617200236,2025-12-21 05:28:10.540786,2025-12-21 05:47:42.187502,0 days 00:19:31.646716,64,0.4818997006311724,512,,mse,0.00013485147122861728,2.6313801431223497e-10,0.7514416575431824,0.0459820032119751,1.094674825668335,0.41090479634379123,COMPLETE
4,0.5221504103612197,2025-12-21 05:47:42.187752,2025-12-21 06:12:30.497889,0 days 00:24:48.310137,16,0.137963068623786,256,,mse,0.0020183993687540283,3.967475407895611e-07,0.7165746092796326,0.10675877332687378,1.0592323541641235,0.5169054049002981,COMPLETE
5,0.4967865538998883,2025-12-21 06:12:30.498136,2025-12-21 06:31:28.065310,0 days 00:18:57.567174,16,0.2719029670774907,2048,2.277505319244367,huber,0.0003854617355251075,3.364484367261842e-06,0.7186540365219116,0.06244933605194092,1.0851861238479614,0.4935103523281226,COMPLETE
6,0.49555625994044217,2025-12-21 06:31:28.065555,2025-12-21 06:45:48.791611,0 days 00:14:20.726056,32,0.027823058096356046,256,0.540956750771038,huber,0.0013954834848376061,0.0011926931034896484,0.7049466967582703,-0.02123892307281494,1.1325843334197998,0.4897942989166046,COMPLETE
7,-0.014496772178920703,2025-12-21 06:45:48.791839,2025-12-21 06:46:11.742430,0 days 00:00:22.950591,32,0.16725226664849985,2048,,mse,1.3071370147937385e-05,0.0010767950409856315,0.9939178228378296,-0.5008200407028198,1.3730019330978394,-0.014496772178920703,PRUNED
8,0.3954976228730869,2025-12-21 06:46:11.742607,2025-12-21 06:51:24.673800,0 days 00:05:12.931193,64,0.4932621219155809,1024,0.6972333934652676,huber,0.0004766321775508329,1.1111961322927282e-05,0.742082953453064,-0.004684090614318848,1.1233668327331543,0.3954976228730869,PRUNED
9,0.48948209855445235,2025-12-21 06:51:24.673968,2025-12-21 07:03:52.372365,0 days 00:12:27.698397,32,0.23789751957888555,256,0.7847378434073331,huber,0.00198254489688198,8.306789208882621e-07,0.7166799306869507,0.014309465885162354,1.1126976013183594,0.4621414359383881,COMPLETE
10,0.21618284029733117,2025-12-21 07:03:52.372598,2025-12-21 07:04:19.357707,0 days 00:00:26.985109,16,0.34694712806661776,256,,mse,0.00013395313604579965,1.8630838830980797e-08,0.8545221090316772,-0.12058758735656738,1.1863962411880493,0.21618284029733117,PRUNED
11,0.31440088309949665,2025-12-21 07:04:19.357871,2025-12-21 07:05:07.475387,0 days 00:00:48.117516,16,0.3392899418935764,512,3.4251391519110035,huber,0.0006050956514583776,1.4305921011150671e-05,0.7997099757194519,-0.008581042289733887,1.1255433559417725,0.31440088309949665,PRUNED
12,0.4868598930861713,2025-12-21 07:05:07.475554,2025-12-21 07:25:20.347138,0 days 00:20:12.871584,16,0.12659623727111716,1024,2.398498133694499,huber,0.0004799907361747128,1.2352192198156331e-05,0.8102499842643738,-0.11988997459411621,1.1860268115997314,0.4697769667774496,COMPLETE
13,0.2587644760145714,2025-12-21 07:25:20.347379,2025-12-21 07:25:43.517336,0 days 00:00:23.169957,16,0.32193034229713735,256,,mse,0.002834178494126639,3.269297360431539e-07,1.112692952156067,-0.7271687984466553,1.4729033708572388,0.2587644760145714,PRUNED
14,0.5073123790882463,2025-12-21 07:25:43.517516,2025-12-21 07:46:34.777385,0 days 00:20:51.259869,16,0.10718758141325799,2048,1.574120000812498,huber,0.0009687826683291231,1.0042899088355848e-08,0.7790632247924805,-0.18794000148773193,1.2215298414230347,0.48286556955505455,COMPLETE
15,0.27822501346969797,2025-12-21 07:46:34.777623,2025-12-21 07:46:59.164700,0 days 00:00:24.387077,64,0.09821985576161435,256,,mse,0.0011270438204579818,1.3772697117367942e-08,0.8147674798965454,-0.07702827453613281,1.1631089448928833,0.27822501346969797,PRUNED
16,0.3086780556906498,2025-12-21 07:46:59.164864,2025-12-21 07:47:50.820052,0 days 00:00:51.655188,16,0.09950158818662555,1024,,mse,0.0009540893794152546,1.4943495023951082e-09,0.7914421558380127,-0.03159976005554199,1.1383150815963745,0.3086780556906498,PRUNED
17,0.450064589081249,2025-12-21 07:47:50.820220,2025-12-21 08:03:29.061188,0 days 00:15:38.240968,16,0.06551656428661931,512,1.4247712897780507,huber,0.0002473095947393167,1.179347139039204e-07,0.7857210040092468,-0.09568250179290771,1.1731382608413696,0.450064589081249,PRUNED
18,0.3952094876905303,2025-12-21 08:03:29.061366,2025-12-21 08:07:34.538929,0 days 00:04:05.477563,16,0.006049117145192184,256,4.873681370395251,huber,0.0026407742282809877,9.785540000737067e-05,0.7736906409263611,-0.03360104560852051,1.139418601989746,0.3952094876905303,PRUNED
19,0.0760863393861522,2025-12-21 08:07:34.539098,2025-12-21 08:07:56.822234,0 days 00:00:22.283136,64,0.15056075238488217,2048,,mse,6.739927881369522e-05,5.090884052417173e-09,0.8900924921035767,-0.14901626110076904,1.2013510465621948,0.0760863393861522,PRUNED
20,0.4085713545068938,2025-12-21 08:07:56.822407,2025-12-21 08:14:13.092133,0 days 00:06:16.269726,16,0.28378882734890387,2048,,mse,0.0008240129375489659,2.0832502413513685e-10,0.7845868468284607,-0.0577542781829834,1.152654767036438,0.4085713545068938,PRUNED
21,0.3762409049800412,2025-12-21 08:14:13.092312,2025-12-21 08:21:28.488694,0 days 00:07:15.396382,16,0.40249350340812295,2048,1.8704732739181056,huber,0.00031581291428195646,2.4589176124293142e-06,0.7934077978134155,-0.07917630672454834,1.1642682552337646,0.3762409049800412,PRUNED
22,0.4927541260987786,2025-12-21 08:21:28.488875,2025-12-21 08:36:09.155207,0 days 00:14:40.666332,16,0.2698885830140484,2048,1.3488413512518689,huber,0.0016824416430458074,2.1008459529687695e-06,0.8021851181983948,-0.12675249576568604,1.1896551847457886,0.45509145204924556,COMPLETE
23,0.3470322244493387,2025-12-21 08:36:09.155459,2025-12-21 08:36:59.241282,0 days 00:00:50.085823,16,0.21089121316647302,2048,2.4100671938302107,huber,0.0002901283729318091,8.308866650039962e-08,0.7659591436386108,0.061554551124572754,1.0857038497924805,0.3470322244493387,PRUNED
24,0.40754687171861387,2025-12-21 08:36:59.241458,2025-12-21 08:41:59.955782,0 days 00:05:00.714324,16,0.08928972011523068,2048,2.1027469804500236,huber,0.0006889308312135687,6.581885625643348e-07,0.7545698285102844,-0.04077780246734619,1.1433675289154053,0.40754687171861387,PRUNED
25,0.4916692057237582,2025-12-21 08:41:59.955962,2025-12-21 08:55:43.780580,0 days 00:13:43.824618,16,0.13784549146211408,256,3.196012461696373,huber,0.0013101795750809816,4.2113874202740676e-05,0.7224071621894836,0.0313451886177063,1.1030402183532715,0.47360616425703694,COMPLETE
26,0.30920905233957424,2025-12-21 08:55:43.780814,2025-12-21 08:56:07.481892,0 days 00:00:23.701078,16,0.19079918774049737,512,1.1495434658472081,huber,0.00018765422698172076,2.3504429530509335e-08,0.844373881816864,-0.23879265785217285,1.247401237487793,0.30920905233957424,PRUNED
27,0.3540761028272538,2025-12-21 08:56:07.482061,2025-12-21 08:56:55.616820,0 days 00:00:48.134759,16,0.2858057157300764,1024,1.7827706205445153,huber,0.0004287636297523585,2.681584320189813e-07,0.7621943354606628,0.03766053915023804,1.0994386672973633,0.3540761028272538,PRUNED
28,0.32718430937320375,2025-12-21 08:56:55.616993,2025-12-21 08:57:41.254324,0 days 00:00:45.637331,32,0.2380897056047985,2048,,mse,0.0019455361418664067,3.237676309717189e-06,0.7895545959472656,-0.029856443405151367,1.137352705001831,0.32718430937320375,PRUNED
29,0.10247669118158097,2025-12-21 08:57:41.254503,2025-12-21 08:58:02.485768,0 days 00:00:21.231265,64,0.21192311420835286,2048,,mse,9.560307161644498e-05,0.00016286423660184188,0.8919658064842224,-0.17651128768920898,1.2156397104263306,0.10247669118158097,PRUNED
30,0.3054417884317807,2025-12-21 08:58:02.485936,2025-12-21 08:58:31.461757,0 days 00:00:28.975821,16,0.3837941315966191,256,3.093974326439165,huber,0.000873031113024989,7.46587808721382e-09,0.8480530381202698,-0.1640862226486206,1.2092036008834839,0.3054417884317807,PRUNED
31,0.30436751968937914,2025-12-21 08:58:31.461929,2025-12-21 08:58:59.846226,0 days 00:00:28.384297,32,0.004787489965662188,256,0.5360009483645,huber,0.0014290416947684724,0.002888004600540972,0.7992437481880188,-0.12190830707550049,1.1870951652526855,0.30436751968937914,PRUNED
32,0.310921369261364,2025-12-21 08:58:59.846401,2025-12-21 08:59:45.188816,0 days 00:00:45.342415,32,0.052232295020862934,256,0.8699569111762105,huber,0.0011618855297712092,0.0006951037884677682,0.7891905903816223,-0.055771708488464355,1.1515740156173706,0.310921369261364,PRUNED
33,0.41353266786018383,2025-12-21 08:59:45.188993,2025-12-21 09:04:24.704122,0 days 00:04:39.515129,32,0.028880278305856197,256,0.5148531331913703,huber,0.002398956556561065,0.003984198029242261,0.7461028099060059,-0.06045699119567871,1.1541264057159424,0.41353266786018383,PRUNED
34,0.26203806837025306,2025-12-21 09:04:24.704295,2025-12-21 09:04:47.004589,0 days 00:00:22.300294,32,0.07674377400403573,2048,4.0113940608761185,huber,0.0006386633327958534,1.5154510879615787e-09,0.8336562514305115,-0.03034043312072754,1.137619972229004,0.26203806837025306,PRUNED
35,0.47214454585811305,2025-12-21 09:04:47.004761,2025-12-21 09:27:42.993017,0 days 00:22:55.988256,32,0.12622879851893357,256,0.6551195711713849,huber,0.0015605400486782416,0.00047662438057094816,0.7546480298042297,-0.12994706630706787,1.191340446472168,0.47214454585811305,PRUNED
36,0.053446145980638265,2025-12-21 09:27:42.993194,2025-12-21 09:28:04.883699,0 days 00:00:21.890505,32,0.1845529437124376,2048,,mse,3.3835993902793675e-05,3.747989786238325e-05,0.9020578265190125,-0.18998026847839355,1.2225784063339233,0.053446145980638265,PRUNED
37,0.26550050042688084,2025-12-21 09:28:04.883869,2025-12-21 09:28:26.640644,0 days 00:00:21.756775,64,0.029299909069735564,512,1.0808638248371112,huber,0.00039462311230142937,5.233948273551198e-08,0.8413933515548706,-0.15342724323272705,1.2036547660827637,0.26550050042688084,PRUNED
38,0.29567630337176093,2025-12-21 09:28:26.640810,2025-12-21 09:28:48.964680,0 days 00:00:22.323870,16,0.1159358130001914,256,,mse,0.00199171686970086,0.008143974810417547,0.8155631422996521,-0.05937087535858154,1.15353524684906,0.29567630337176093,PRUNED
39,0.4650053559243958,2025-12-21 09:28:48.964849,2025-12-21 09:39:07.886733,0 days 00:10:18.921884,32,0.17035881409272913,2048,2.5782104113067486,huber,0.0005670767149055486,5.322375533763643e-06,0.7803734540939331,-0.08482909202575684,1.1673134565353394,0.4409007584968049,COMPLETE
40,0.485357123409866,2025-12-21 09:39:07.886969,2025-12-21 09:52:12.910522,0 days 00:13:05.023553,16,0.04214592925909697,1024,1.6378517035235745,huber,0.0008201336227392728,2.7178192178522437e-07,0.784726619720459,-0.17190754413604736,1.213258981704712,0.4439127769400637,COMPLETE
41,0.3049908632623591,2025-12-21 09:52:12.910765,2025-12-21 09:52:38.123791,0 days 00:00:25.213026,16,0.2667559148963206,2048,1.3517093867682224,huber,0.0016642138490211792,1.4806297548552521e-06,0.8646256327629089,-0.03431057929992676,1.1398096084594727,0.3049908632623591,PRUNED
42,0.29899466032720584,2025-12-21 09:52:38.123978,2025-12-21 09:53:03.581860,0 days 00:00:25.457882,16,0.2955598971502167,2048,1.277363061873628,huber,0.0029470758380519724,5.951517423935777e-06,0.8070224523544312,0.015144646167755127,1.112226128578186,0.29899466032720584,PRUNED
43,0.1617234773385753,2025-12-21 09:53:03.582024,2025-12-21 09:53:28.954190,0 days 00:00:25.372166,16,0.2567791163232376,2048,2.066806280049601,huber,2.39766660075009e-05,5.629682866212422e-10,0.855546772480011,-0.16253328323364258,1.2083967924118042,0.1617234773385753,PRUNED
44,0.29305732007290936,2025-12-21 09:53:28.954361,2025-12-21 09:54:19.161126,0 days 00:00:50.206765,16,0.31544861206077235,2048,1.5280159079062956,huber,0.0011844493085516597,7.438654288281924e-07,0.8249249458312988,-0.013464689254760742,1.128265142440796,0.29305732007290936,PRUNED
45,0.3188013352777336,2025-12-21 09:54:19.161294,2025-12-21 09:54:43.855791,0 days 00:00:24.694497,16,0.24674836915950565,256,,mse,0.0020215818427831325,3.376626904260136e-05,0.7845935225486755,0.01339864730834961,1.1132115125656128,0.3188013352777336,PRUNED
46,0.4685710255014542,2025-12-21 09:54:43.855960,2025-12-21 10:08:53.407538,0 days 00:14:09.551578,16,0.36571436225323417,2048,0.9289290069403235,huber,0.001129821401425014,0.00025687600423091684,0.7399101257324219,0.011701524257659912,1.1141685247421265,0.4344828410120722,COMPLETE
47,0.3002216488169853,2025-12-21 10:08:53.407776,2025-12-21 10:09:15.112221,0 days 00:00:21.704445,64,0.4297833015146685,512,2.66802460378012,huber,0.0018460599621341446,3.813690567872503e-08,0.8213254809379578,-0.13272690773010254,1.1928049325942993,0.3002216488169853,PRUNED
48,0.2697873545538003,2025-12-21 10:09:15.112400,2025-12-21 10:10:06.403505,0 days 00:00:51.291105,16,0.1525127943049328,256,,mse,0.0008776140720749464,4.2489350729449865e-09,0.8734912872314453,-0.17223024368286133,1.213426113128662,0.2697873545538003,PRUNED
49,0.3834743690367373,2025-12-21 10:10:06.403675,2025-12-21 10:12:53.420216,0 days 00:02:47.016541,16,0.22221138533083795,1024,0.6326440700075266,huber,0.002346141212216575,1.64318206957019e-05,0.7973935008049011,-0.11095058917999268,1.181283712387085,0.3834743690367373,PRUNED
50,0.26490323744906696,2025-12-21 10:12:53.420399,2025-12-21 10:13:14.256944,0 days 00:00:20.836545,32,0.3127304986002792,2048,,mse,0.00018469556706915906,1.5800668959599492e-06,0.8078453540802002,-0.006329178810119629,1.12428617477417,0.26490323744906696,PRUNED
51,0.3265361551160773,2025-12-21 10:13:14.257109,2025-12-21 10:13:38.477754,0 days 00:00:24.220645,16,0.1500644675870065,256,3.2940152656600676,huber,0.0014411526763452383,8.035082568354213e-05,0.8710809350013733,-0.20526468753814697,1.2304049730300903,0.3265361551160773,PRUNED
52,0.2555644228412861,2025-12-21 10:13:38.477919,2025-12-21 10:14:03.294316,0 days 00:00:24.816397,16,0.10945921399261657,256,4.23010896292879,huber,0.0013527648321664109,4.8445561781251836e-05,0.9077702760696411,-0.22387099266052246,1.239865779876709,0.2555644228412861,PRUNED
53,0.28125075342874617,2025-12-21 10:14:03.294496,2025-12-21 10:14:27.730349,0 days 00:00:24.435853,16,0.07222006683222126,256,2.8483625479499772,huber,0.000509423546408794,1.4567030771302125e-07,0.8001509308815002,-0.015761494636535645,1.1295428276062012,0.28125075342874617,PRUNED
54,0.3460937640747315,2025-12-21 10:14:27.730513,2025-12-21 10:15:14.199097,0 days 00:00:46.468584,16,0.19302642086110525,256,2.2195026723810543,huber,0.0009929743657933281,1.5597776514240776e-05,0.7787484526634216,0.02427995204925537,1.1070556640625,0.3460937640747315,PRUNED
55,0.29984350944804433,2025-12-21 10:15:14.199265,2025-12-21 10:15:42.640856,0 days 00:00:28.441591,16,0.13700087586032142,256,1.8454351278769874,huber,0.0003584029114333909,6.389667938681482e-06,0.8013562560081482,-0.0445178747177124,1.1454200744628906,0.29984350944804433,PRUNED
56,0.2951807751913461,2025-12-21 10:15:42.641019,2025-12-21 10:16:31.221866,0 days 00:00:48.580847,16,0.26752110176775357,2048,3.5717175419842593,huber,0.0007161664835224126,1.2182786790020181e-10,0.8228196501731873,-0.06529879570007324,1.156758189201355,0.2951807751913461,PRUNED
57,0.4743333866976166,2025-12-21 10:16:31.222036,2025-12-21 10:30:16.609626,0 days 00:13:45.387590,16,0.3382826907557353,256,1.191053677838532,huber,0.002521945478371328,4.431487263496034e-07,0.7346434593200684,-0.006085395812988281,1.124150037765503,0.4565888182425967,COMPLETE
58,0.29273550947754284,2025-12-21 10:30:16.609867,2025-12-21 10:30:39.685762,0 days 00:00:23.075895,64,0.09158512375232745,2048,,mse,0.001383641460430235,2.674090996848965e-06,0.7882357239723206,0.017180979251861572,1.1110756397247314,0.29273550947754284,PRUNED
59,0.2950408829211182,2025-12-21 10:30:39.685926,2025-12-21 10:31:04.960305,0 days 00:00:25.274379,16,0.23381784509560563,512,0.8507075967855718,huber,0.0001347830053518984,0.001795838443718111,0.8653810620307922,-0.24068665504455566,1.248354434967041,0.2950408829211182,PRUNED
60,0.350790440124545,2025-12-21 10:31:04.960476,2025-12-21 10:31:55.438983,0 days 00:00:50.478507,16,0.16860643098218286,1024,1.0060293673651148,huber,0.00027191584852339864,1.49441411774734e-07,0.8892720937728882,-0.2651023864746094,1.260577917098999,0.350790440124545,PRUNED
61,0.35532453829363864,2025-12-21 10:31:55.439152,2025-12-21 10:32:47.000860,0 days 00:00:51.561708,32,0.2946739788975663,256,0.7745459590377802,huber,0.0017135329525528363,1.0182734305027539e-06,0.8486817479133606,-0.2414720058441162,1.2487494945526123,0.35532453829363864,PRUNED
62,0.46517259557233426,2025-12-21 10:32:47.001027,2025-12-21 10:44:38.039034,0 days 00:11:51.038007,32,0.2749885502842867,256,0.5934856775806467,huber,0.0021872121938781757,6.170742785169737e-07,0.7135060429573059,0.05378156900405884,1.0901908874511719,0.4548176699372252,COMPLETE
63,0.2983754521728951,2025-12-21 10:44:38.039262,2025-12-21 10:44:59.153993,0 days 00:00:21.114731,32,0.19911153600622758,256,0.7282638497169079,huber,0.0010622015979686013,0.0002648374939589186,0.8110237717628479,-0.11059212684631348,1.1810930967330933,0.2983754521728951,PRUNED
64,0.36414793326002826,2025-12-21 10:44:59.154159,2025-12-21 10:45:42.557391,0 days 00:00:43.403232,32,0.0546919160567219,256,1.5301882136411724,huber,0.0007399094326275209,4.170941751683108e-06,0.7628014087677002,0.028402209281921387,1.1047146320343018,0.36414793326002826,PRUNED
65,0.042560989175829955,2025-12-21 10:45:42.557560,2025-12-21 10:46:03.532738,0 days 00:00:20.975178,32,0.23165702328141236,256,,mse,1.006959503329727e-05,1.0598956622338028e-05,4.023982524871826,-12.899617195129395,4.1783833503723145,0.042560989175829955,PRUNED
66,0.3725710888205653,2025-12-21 10:46:03.532904,2025-12-21 10:47:31.249903,0 days 00:01:27.716999,32,0.02106449530417623,2048,2.0183119044118776,huber,0.0028713320553479336,2.227357166615428e-05,0.7653573751449585,0.014399409294128418,1.1126468181610107,0.3725710888205653,PRUNED
67,0.33429061963855405,2025-12-21 10:47:31.250078,2025-12-21 10:47:55.333310,0 days 00:00:24.083232,16,0.13257868736218584,256,0.5766671913919887,huber,0.001254433573561963,1.4649601950247688e-06,0.9261974096298218,-0.42660772800445557,1.3386256694793701,0.33429061963855405,PRUNED
68,0.06973120963314332,2025-12-21 10:47:55.333488,2025-12-21 10:48:18.331728,0 days 00:00:22.998240,64,0.11045613186811896,2048,,mse,6.903151419888572e-05,1.79346437505256e-08,0.8999618887901306,-0.19499528408050537,1.2251518964767456,0.06973120963314332,PRUNED
69,0.4253471057632277,2025-12-21 10:48:18.331892,2025-12-21 10:53:37.476694,0 days 00:05:19.144802,16,0.08701283720420924,256,1.680799551301395,huber,0.001867307262806265,8.918318733917236e-08,0.8060503602027893,0.0004082322120666504,1.120516300201416,0.4253471057632277,PRUNED
70,0.24356594267892578,2025-12-21 10:53:37.476864,2025-12-21 10:54:00.823560,0 days 00:00:23.346696,32,0.18022070989600847,512,4.8189350205103105,huber,0.0002310468708557309,2.2860299306108804e-07,0.8269415497779846,0.003356635570526123,1.1188626289367676,0.24356594267892578,PRUNED
71,0.3191961018065872,2025-12-21 10:54:00.823726,2025-12-21 10:54:24.552927,0 days 00:00:23.729201,16,0.1534089053767081,1024,2.373304411663035,huber,0.0009872596149934313,1.0000918247905341e-05,0.8053520321846008,-0.08363771438598633,1.1666723489761353,0.3191961018065872,PRUNED
72,0.3124233517526413,2025-12-21 10:54:24.553094,2025-12-21 10:54:47.741361,0 days 00:00:23.188267,16,0.20569265541458479,1024,3.055186433109541,huber,0.00046412926612462925,7.43370560211751e-05,0.8561930060386658,-0.16181671619415283,1.208024263381958,0.3124233517526413,PRUNED
73,0.3284845640954701,2025-12-21 10:54:47.741526,2025-12-21 10:55:12.139418,0 days 00:00:24.397892,16,0.12781988095211191,1024,2.331863917396888,huber,0.0005819718813442643,2.740106352295043e-06,0.7844573855400085,0.030575037002563477,1.1034786701202393,0.3284845640954701,PRUNED
74,0.3195713015279455,2025-12-21 10:55:12.139588,2025-12-21 10:56:05.159500,0 days 00:00:53.019912,16,0.05920138693151387,1024,1.3760846875159483,huber,0.0016294207607561672,4.5250416900384944e-07,0.7911219000816345,-0.008916616439819336,1.1257306337356567,0.3195713015279455,PRUNED
75,0.29046158228659014,2025-12-21 10:56:05.159662,2025-12-21 10:56:28.345227,0 days 00:00:23.185565,16,0.1060463497315941,2048,3.6193667770085542,huber,0.0007898431257187556,1.7797069209026798e-06,0.8005653619766235,0.007854878902435303,1.1163347959518433,0.29046158228659014,PRUNED
76,0.3077602199835345,2025-12-21 10:56:28.345408,2025-12-21 10:56:49.842375,0 days 00:00:21.496967,16,0.2515881570622533,1024,,mse,0.0012916898014420524,0.0008503474997470673,0.8174382448196411,-0.004123568534851074,1.1230534315109253,0.3077602199835345,PRUNED
77,0.3121201923023119,2025-12-21 10:56:49.842541,2025-12-21 10:57:16.262188,0 days 00:00:26.419647,16,0.4629737840755348,2048,2.577517110539939,huber,0.0003663226723156926,0.00016054706029815986,0.7921257019042969,0.029687047004699707,1.1039838790893555,0.3121201923023119,PRUNED
78,0.33766920132767636,2025-12-21 10:57:16.262360,2025-12-21 10:57:59.898996,0 days 00:00:43.636636,32,0.08064004159016688,256,2.0337049465295896,huber,0.0022687975740523663,2.5644305831362822e-05,0.81669020652771,-0.13386809825897217,1.1934057474136353,0.33766920132767636,PRUNED
79,0.35440407874494606,2025-12-21 10:57:59.899167,2025-12-21 10:58:50.569405,0 days 00:00:50.670238,16,0.04113155229507076,2048,1.7846702907485095,huber,0.00022087009562491613,6.832613488373272e-06,0.7636876702308655,0.0010175108909606934,1.120174765586853,0.35440407874494606,PRUNED
80,0.27026494287510805,2025-12-21 10:58:50.569591,2025-12-21 10:59:13.485215,0 days 00:00:22.915624,64,0.15856403265915692,256,,mse,0.0015103949848617705,3.144404754368935e-09,0.8108277916908264,-0.01911306381225586,1.1314048767089844,0.27026494287510805,PRUNED
81,0.3364733480218038,2025-12-21 10:59:13.485392,2025-12-21 10:59:35.676607,0 days 00:00:22.191215,16,0.015138969576948998,1024,1.595746022569391,huber,0.0005129102453291566,3.6447302076758044e-07,0.7833049297332764,0.05326026678085327,1.0904911756515503,0.3364733480218038,PRUNED
82,0.3192725971752916,2025-12-21 10:59:35.676773,2025-12-21 11:00:25.875674,0 days 00:00:50.198901,16,0.03377304650408129,1024,1.451799540566636,huber,0.000870757429502954,3.5404023537016415e-08,0.8125664591789246,-0.09065747261047363,1.1704450845718384,0.3192725971752916,PRUNED
83,0.3097005260516309,2025-12-21 11:00:25.875839,2025-12-21 11:00:48.730930,0 days 00:00:22.855091,16,0.14265274187631297,1024,1.2121849747290023,huber,0.0006606255025500863,9.881726151024572e-09,0.8994215130805969,-0.3195610046386719,1.2874239683151245,0.3097005260516309,PRUNED
84,0.32007738304404315,2025-12-21 11:00:48.731102,2025-12-21 11:01:11.777157,0 days 00:00:23.046055,16,0.11883150575063328,1024,1.0897932524149772,huber,0.0011074858384808165,2.2538744243764384e-07,0.895410418510437,-0.28658735752105713,1.2712368965148926,0.32007738304404315,PRUNED
85,0.3299085113894357,2025-12-21 11:01:11.777322,2025-12-21 11:01:59.910477,0 days 00:00:48.133155,16,0.09684503928084459,1024,1.9244629866954506,huber,0.0008623404915861735,8.663356258727422e-07,0.775740921497345,0.025810182094573975,1.1061872243881226,0.3299085113894357,PRUNED
86,0.29225691956885536,2025-12-21 11:01:59.910649,2025-12-21 11:02:23.661565,0 days 00:00:23.750916,16,0.068745476689174,2048,2.2160250706401166,huber,0.002044406112101028,3.82972007308995e-06,0.9720762968063354,-0.41575872898101807,1.3335260152816772,0.29225691956885536,PRUNED
87,0.5116959731398696,2025-12-21 11:02:23.661732,2025-12-21 11:14:59.340055,0 days 00:12:35.678323,16,0.04070221729032114,256,1.673834104397384,huber,0.0016721740214800896,0.007712423552135229,0.8223036527633667,-0.11079680919647217,1.1812019348144531,0.4849798210489506,COMPLETE
88,0.29828836542622145,2025-12-21 11:14:59.340282,2025-12-21 11:15:22.799590,0 days 00:00:23.459308,32,0.015505456754150467,256,2.910739070890545,huber,0.0025251728692094236,0.00815244928075753,0.817744255065918,-0.08169865608215332,1.1656280755996704,0.29828836542622145,PRUNED
89,0.4418379065665847,2025-12-21 11:15:22.799755,2025-12-21 11:23:37.391435,0 days 00:08:14.591680,16,0.30108798321512625,256,1.692855965259689,huber,0.0015396658336733536,0.0033588364389591464,0.7274658679962158,0.0026552677154541016,1.1192561388015747,0.4418379065665847,PRUNED
90,0.2494077646826398,2025-12-21 11:23:37.391614,2025-12-21 11:23:59.347575,0 days 00:00:21.955961,16,0.004828765432608129,256,,mse,0.00015756152542672664,0.0020320233541964742,0.823198676109314,-0.07979357242584229,1.1646010875701904,0.2494077646826398,PRUNED
91,0.4989071312379737,2025-12-21 11:23:59.347742,2025-12-21 11:40:38.227850,0 days 00:16:38.880108,16,0.0422865929541119,256,0.5185467956190913,huber,0.0018453672560507116,0.004440735149794318,0.7396506071090698,-0.1352607011795044,1.1941382884979248,0.4825357373470436,COMPLETE
92,0.34440967389825666,2025-12-21 11:40:38.228089,2025-12-21 11:41:04.229955,0 days 00:00:26.001866,16,0.04855862141058175,256,0.5032938854968368,huber,0.0018148795693891577,0.006006401635179587,0.7702022790908813,0.057086944580078125,1.0882850885391235,0.34440967389825666,PRUNED
93,0.3527652234672267,2025-12-21 11:41:04.230122,2025-12-21 11:41:52.116775,0 days 00:00:47.886653,16,0.3290901207418226,256,0.5398315528472012,huber,0.00209055692781586,0.001679007877331449,0.7594621181488037,0.025844871997833252,1.1061675548553467,0.3527652234672267,PRUNED
94,0.3316843373794414,2025-12-21 11:41:52.116949,2025-12-21 11:42:19.435925,0 days 00:00:27.318976,16,0.22124315741599762,256,0.6280818151322296,huber,0.001328713229153249,0.004345182048859961,0.829442024230957,-0.17319786548614502,1.2139267921447754,0.3316843373794414,PRUNED
95,0.31079395644967706,2025-12-21 11:42:19.436096,2025-12-21 11:42:44.502287,0 days 00:00:25.066191,16,0.27384038892692125,256,0.6949789985432402,huber,0.0026413637042048883,0.0004631705620016498,0.8300484418869019,-0.13370800018310547,1.1933214664459229,0.31079395644967706,PRUNED
96,0.287275546710352,2025-12-21 11:42:44.502472,2025-12-21 11:43:31.876445,0 days 00:00:47.373973,32,0.06762778710237952,256,0.8036665304674029,huber,0.001656988896162868,0.0013237264127038252,0.8722063302993774,-0.2015666961669922,1.228515863418579,0.287275546710352,PRUNED
97,0.3022248921635376,2025-12-21 11:43:31.876619,2025-12-21 11:43:55.206310,0 days 00:00:23.329691,16,0.3615233066074181,256,0.9201173579608939,huber,0.0003094828116372372,7.121907994789444e-10,0.8140702247619629,-0.12244188785552979,1.1873774528503418,0.3022248921635376,PRUNED
98,0.32781862877093426,2025-12-21 11:43:55.206484,2025-12-21 11:44:20.956420,0 days 00:00:25.749936,16,0.12088027232290319,512,0.5674583778828577,huber,0.0011974616597490127,0.00553298122296383,0.7675013542175293,0.010744750499725342,1.1147077083587646,0.32781862877093426,PRUNED
99,0.3322370031178051,2025-12-21 11:44:20.956588,2025-12-21 11:44:43.343812,0 days 00:00:22.387224,32,0.17576261406884666,2048,0.6779960903349166,huber,0.0009810605314231353,0.009203311197290958,0.7620670795440674,0.049668729305267334,1.092557668685913,0.3322370031178051,PRUNED
100,0.24973621594915946,2025-12-21 11:44:43.343975,2025-12-21 11:45:03.915318,0 days 00:00:20.571343,64,0.03433675226103888,256,,mse,0.0019343300701658254,4.937418428853406e-05,0.8221508264541626,-0.047449588775634766,1.1470264196395874,0.24973621594915946,PRUNED
101,0.2876406889214857,2025-12-21 11:45:03.915498,2025-12-21 11:45:26.627933,0 days 00:00:22.712435,16,0.024152994464092283,2048,1.2898813942419345,huber,0.001448947855538448,1.349695858942785e-06,0.8468276858329773,-0.16114890575408936,1.2076770067214966,0.2876406889214857,PRUNED
102,0.3101152364289565,2025-12-21 11:45:26.628099,2025-12-21 11:45:50.177755,0 days 00:00:23.549656,16,0.05483352055066164,256,1.6477016829590299,huber,0.0010749754753199762,8.309013755848528e-06,0.7744535803794861,0.010122597217559814,1.1150583028793335,0.3101152364289565,PRUNED
103,0.4810473507430881,2025-12-21 11:45:50.177924,2025-12-21 12:10:23.751349,0 days 00:24:33.573425,16,0.001019128710569174,256,1.425471451973475,huber,0.0016871148648143583,2.3953439536285466e-06,0.777298092842102,-0.22227132320404053,1.2390552759170532,0.4810473507430881,PRUNED
104,0.3191747423196016,2025-12-21 12:10:23.751526,2025-12-21 12:10:49.536140,0 days 00:00:25.784614,16,0.04125889625630877,1024,1.9102424407336305,huber,0.0007718900946366209,5.666264045659869e-07,0.9068737030029297,-0.3065207004547119,1.2810468673706055,0.3191747423196016,PRUNED
105,0.29471435536667834,2025-12-21 12:10:49.536308,2025-12-21 12:11:13.339692,0 days 00:00:23.803384,16,0.0789527810468044,2048,2.5373868744398753,huber,0.0023780625061770016,0.0021106654771079728,0.8430164456367493,-0.18968331813812256,1.222425937652588,0.29471435536667834,PRUNED
106,0.26707981173458695,2025-12-21 12:11:13.339856,2025-12-21 12:11:38.658696,0 days 00:00:25.318840,16,0.2594265978095843,256,2.1783571465300193,huber,0.0004183865715981982,4.610364549665525e-06,0.847651481628418,-0.16101765632629395,1.2076088190078735,0.26707981173458695,PRUNED
107,0.3175146748488411,2025-12-21 12:11:38.658870,2025-12-21 12:12:52.527951,0 days 00:01:13.869081,16,0.2440649179941181,2048,0.6175580006239251,huber,0.002941573035865653,6.235134058266407e-08,0.8545582890510559,-0.21712946891784668,1.2364462614059448,0.3175146748488411,PRUNED
108,0.3387817016199234,2025-12-21 12:12:52.528120,2025-12-21 12:13:15.161736,0 days 00:00:22.633616,32,0.28629695904583424,256,0.5401735753832595,huber,0.0012454768802262102,1.0868184572644177e-06,0.7660258412361145,0.03855299949645996,1.098928689956665,0.3387817016199234,PRUNED
109,0.2709135250621773,2025-12-21 12:13:15.161913,2025-12-21 12:13:40.509446,0 days 00:00:25.347533,16,0.10508522747464699,1024,,mse,0.00010803814690713308,2.124130624257263e-06,0.8098890781402588,-0.010863542556762695,1.1268162727355957,0.2709135250621773,PRUNED
110,0.49557395310872815,2025-12-21 12:13:40.509615,2025-12-21 12:36:27.530376,0 days 00:22:47.020761,16,0.061785548618392735,512,1.485002664375389,huber,0.0006521664579486311,1.647261258475915e-05,0.7437000274658203,-0.06402230262756348,1.1560648679733276,0.48603466373182513,COMPLETE
111,0.34967808365735037,2025-12-21 12:36:27.530616,2025-12-21 12:37:15.998363,0 days 00:00:48.467747,16,0.061647639336913945,512,1.2959402102310698,huber,0.0005647439685648079,1.5542269553677835e-05,0.8204260468482971,-0.10191452503204346,1.1764699220657349,0.34967808365735037,PRUNED
112,0.4139906824345918,2025-12-21 12:37:15.998528,2025-12-21 12:42:47.887503,0 days 00:05:31.888975,16,0.08948921794446608,512,1.4956115285407245,huber,0.0006526055115541941,1.162167438113228e-05,0.7969326376914978,-0.03228151798248291,1.1386910676956177,0.4139906824345918,PRUNED
113,0.34007818783486465,2025-12-21 12:42:47.887673,2025-12-21 12:43:10.826759,0 days 00:00:22.939086,16,0.038564987469392575,512,1.7315898166524037,huber,0.0009170565748075469,2.649389941189599e-07,0.7864307761192322,-0.011493563652038574,1.1271673440933228,0.34007818783486465,PRUNED
114,0.2872354353037293,2025-12-21 12:43:10.826927,2025-12-21 12:43:35.881067,0 days 00:00:25.054140,16,0.13907078158046954,512,1.572395219703274,huber,0.0014603984419517514,2.307286139962961e-05,1.0389292240142822,-0.5670957565307617,1.4029901027679443,0.2872354353037293,PRUNED
115,0.33689276061308576,2025-12-21 12:43:35.881233,2025-12-21 12:44:00.315214,0 days 00:00:24.433981,16,0.012750308780745323,512,2.735083106499504,huber,0.0004620642419995764,0.0004958742516727342,0.7753996849060059,0.007254362106323242,1.1166725158691406,0.33689276061308576,PRUNED
116,0.29778711373564104,2025-12-21 12:44:00.315396,2025-12-21 12:44:25.274035,0 days 00:00:24.958639,16,0.025010781575701597,2048,1.8268756110769733,huber,0.0018013014502528011,0.0027360715866520864,0.8440912365913391,-0.009018421173095703,1.125787377357483,0.29778711373564104,PRUNED
117,0.27527089310950265,2025-12-21 12:44:25.274201,2025-12-21 12:44:46.709572,0 days 00:00:21.435371,32,0.07451596912043697,256,4.104344410783224,huber,0.0005249383335212821,0.00013615718042752343,0.8130047917366028,0.020082294940948486,1.1094344854354858,0.27527089310950265,PRUNED
118,0.31712113117850693,2025-12-21 12:44:46.709744,2025-12-21 12:45:11.806301,0 days 00:00:25.096557,16,0.05060681281055876,256,1.357056041408387,huber,0.0007170292055124653,3.20097004775606e-06,0.8345816731452942,-0.17277979850769043,1.2137104272842407,0.31712113117850693,PRUNED
119,0.2535467678577345,2025-12-21 12:45:11.806499,2025-12-21 12:45:32.720892,0 days 00:00:20.914393,64,0.30744042699866336,1024,3.254873569625974,huber,0.0010326545599607417,1.1054246853230424e-07,0.8333947062492371,-0.08465099334716797,1.1672176122665405,0.2535467678577345,PRUNED
120,0.31559381682679394,2025-12-21 12:45:32.721061,2025-12-21 12:45:56.300335,0 days 00:00:23.579274,16,0.08254816033537256,2048,,mse,0.002145604744188358,5.380457981998078e-05,1.0841766595840454,-0.6572965383529663,1.4428027868270874,0.31559381682679394,PRUNED
121,0.3207845939464188,2025-12-21 12:45:56.300519,2025-12-21 12:46:19.571076,0 days 00:00:23.270557,16,0.3487117249752309,256,1.1491578043359816,huber,0.0026798157770230586,3.7416247288062837e-07,1.0421147346496582,-0.27845704555511475,1.2672139406204224,0.3207845939464188,PRUNED
122,0.3352023540659441,2025-12-21 12:46:19.571249,2025-12-21 12:47:07.882666,0 days 00:00:48.311417,16,0.4274329139720241,256,1.0119359325313977,huber,0.0023728979825280113,5.840678488238342e-07,0.8152559399604797,-0.0023418664932250977,1.1220566034317017,0.3352023540659441,PRUNED
123,0.3271629660781618,2025-12-21 12:47:07.882842,2025-12-21 12:47:57.685409,0 days 00:00:49.802567,16,0.3922484092740476,256,1.4512681449465235,huber,0.001595837309204653,8.873859073474585e-07,0.872960090637207,-0.23784327507019043,1.2469230890274048,0.3271629660781618,PRUNED
124,0.31090541485128026,2025-12-21 12:47:57.685574,2025-12-21 12:48:43.983802,0 days 00:00:46.298228,16,0.3320544019223512,256,0.7391890876719532,huber,0.0013130682236414714,1.924634894137771e-07,0.826659083366394,-0.14491689205169678,1.1992061138153076,0.31090541485128026,PRUNED
125,0.47512336387721055,2025-12-21 12:48:43.983971,2025-12-21 12:57:00.484495,0 days 00:08:16.500524,16,0.1646980680639144,256,1.2108136188784484,huber,0.0019414583187749878,3.2089616632682765e-05,0.9137424826622009,-0.16697275638580322,1.210701823234558,0.43192619141652067,COMPLETE
126,0.3201068454423252,2025-12-21 12:57:00.484731,2025-12-21 12:58:15.005688,0 days 00:01:14.520957,16,0.144503310293264,256,1.60943523859892,huber,0.0006084829505023537,3.245085448907152e-05,0.8072232604026794,-0.03548741340637207,1.1404578685760498,0.3201068454423252,PRUNED
127,0.33461160487580094,2025-12-21 12:58:15.005860,2025-12-21 12:58:38.064868,0 days 00:00:23.059008,32,0.16909735955827204,256,1.528862157731085,huber,0.0018870656897987215,1.85588282910656e-05,0.8162657022476196,-0.14795947074890137,1.200798511505127,0.33461160487580094,PRUNED
128,0.3068200324545931,2025-12-21 12:58:38.065033,2025-12-21 12:59:08.486271,0 days 00:00:30.421238,16,0.1237812297224049,2048,2.4381111297306126,huber,0.0011353370970085123,6.525401152815509e-06,0.784336507320404,-0.04053997993469238,1.1432368755340576,0.3068200324545931,PRUNED
129,0.2869146861117816,2025-12-21 12:59:08.486454,2025-12-21 12:59:33.913611,0 days 00:00:25.427157,16,0.11503925138669924,1024,3.7977628067077913,huber,0.0014162496465435512,0.005308886089245173,0.8383347392082214,-0.06979990005493164,1.1591993570327759,0.2869146861117816,PRUNED
130,0.33299814707178965,2025-12-21 12:59:33.913782,2025-12-21 12:59:58.155411,0 days 00:00:24.241629,16,0.28479526198843047,256,1.221569656272778,huber,0.0008150075553487281,8.70399053201864e-05,0.7946308255195618,-0.0711442232131958,1.1599273681640625,0.33299814707178965,PRUNED
131,0.4676410828466583,2025-12-21 12:59:58.155576,2025-12-21 13:09:18.118772,0 days 00:09:19.963196,16,0.13246816840185566,256,1.236280154905344,huber,0.002163655000190475,1.2358128734958824e-06,0.8108018636703491,-0.08658993244171143,1.1682605743408203,0.4533461802571599,COMPLETE
132,0.3386496906046957,2025-12-21 13:09:18.119004,2025-12-21 13:09:48.924831,0 days 00:00:30.805827,16,0.09907158479672243,256,1.3789975523575115,huber,0.0017394972166857653,4.3907437415555925e-07,0.8952502608299255,-0.3068193197250366,1.2811932563781738,0.3386496906046957,PRUNED
133,0.4841559003322953,2025-12-21 13:09:48.924998,2025-12-21 13:21:20.185531,0 days 00:11:31.260533,16,0.16097539320970605,256,1.129337367652353,huber,0.002437029677552861,9.584003075559328e-06,0.7814406752586365,-0.08636927604675293,1.1681418418884277,0.40910673187556595,COMPLETE
134,0.25642500152204706,2025-12-21 13:21:20.185764,2025-12-21 13:21:47.775556,0 days 00:00:27.589792,16,0.15742470619060933,256,0.9466809550389709,huber,0.001990413808802027,5.077437050696212e-06,0.9147341251373291,-0.3022615909576416,1.2789571285247803,0.25642500152204706,PRUNED
135,0.31859882453034255,2025-12-21 13:21:47.775722,2025-12-21 13:22:11.435594,0 days 00:00:23.659872,16,0.191329235382383,256,1.1148192626879003,huber,0.000374768115102518,7.698576310759614e-06,0.7860062718391418,-0.04119741916656494,1.1435980796813965,0.31859882453034255,PRUNED
136,-0.045300656811510354,2025-12-21 13:22:11.435763,2025-12-21 13:22:33.271357,0 days 00:00:21.835594,32,0.04748379951652244,512,,mse,2.0466684896255033e-05,0.0002375381317228044,1.079497218132019,-0.6982152462005615,1.460505485534668,-0.045300656811510354,PRUNED
137,0.31501515918395767,2025-12-21 13:22:33.271521,2025-12-21 13:23:21.781588,0 days 00:00:48.510067,16,0.16420211678532862,256,1.0253821269220882,huber,0.0015796649665672069,3.2087129169420934e-05,0.8026481866836548,-0.06955254077911377,1.1590653657913208,0.31501515918395767,PRUNED
138,0.3425867482531346,2025-12-21 13:23:21.781762,2025-12-21 13:23:46.975614,0 days 00:00:25.193852,16,0.14741198244568696,2048,4.579015340166234,huber,0.002223788348021704,1.013493937801143e-05,0.8120430707931519,-0.10802793502807617,1.1797288656234741,0.3425867482531346,PRUNED
139,0.260997997366379,2025-12-21 13:23:46.975782,2025-12-21 13:24:10.344317,0 days 00:00:23.368535,16,0.02903152033957087,1024,1.735623247121184,huber,0.0009473145491518129,1.9025622782533685e-06,0.8319044709205627,-0.045848965644836426,1.1461496353149414,0.260997997366379,PRUNED
140,0.36761698319539393,2025-12-21 13:24:10.344490,2025-12-21 13:24:53.924765,0 days 00:00:43.580275,16,0.2603528041978584,256,1.2896232240096195,huber,0.0026392168102974986,0.0011458903804751725,0.7546314597129822,0.052030980587005615,1.0911989212036133,0.36761698319539393,PRUNED
141,0.3433787910630444,2025-12-21 13:24:53.924935,2025-12-21 13:25:18.747401,0 days 00:00:24.822466,16,0.13117374777058158,256,1.0620640946979363,huber,0.0029882016333878055,1.3100657700293114e-05,0.906701922416687,-0.3202493190765381,1.2877596616744995,0.3433787910630444,PRUNED
142,0.527072511452935,2025-12-21 13:25:18.747568,2025-12-21 13:42:42.601953,0 days 00:17:23.854385,16,0.05948653475637555,256,1.1627253517561549,huber,0.0018544287222552573,3.6326157858097132e-06,0.7625100016593933,0.043405354022979736,1.0961520671844482,0.5089422138868277,COMPLETE
143,0.29952055615622514,2025-12-21 13:42:42.602195,2025-12-21 13:43:08.236773,0 days 00:00:25.634578,16,0.0663476549846991,256,0.5244526156157516,huber,0.001794218088091714,5.035528602316303e-06,0.8931993246078491,-0.2958049774169922,1.275782585144043,0.29952055615622514,PRUNED
144,0.27364605436378386,2025-12-21 13:43:08.236939,2025-12-21 13:43:31.065736,0 days 00:00:22.828797,16,0.04248270091630441,256,1.1589952135804573,huber,0.0012245119171376457,3.40098454088517e-06,0.789972186088562,-0.033144235610961914,1.1391668319702148,0.27364605436378386,PRUNED
145,0.36909146554590877,2025-12-21 13:43:31.065909,2025-12-21 13:44:47.626647,0 days 00:01:16.560738,16,0.058909516563891345,256,0.8503372007831413,huber,0.0019626208689256276,0.009996868104723364,0.7877269387245178,-0.11046910285949707,1.1810276508331299,0.36909146554590877,PRUNED
146,0.37247179750814813,2025-12-21 13:44:47.626820,2025-12-21 13:45:30.514203,0 days 00:00:42.887383,32,0.1810678515105883,2048,1.320539759114483,huber,0.001534093622456258,2.224613894627311e-06,0.7722015976905823,-0.06417381763458252,1.1561472415924072,0.37247179750814813,PRUNED
147,0.2835845954379686,2025-12-21 13:45:30.514379,2025-12-21 13:45:51.585866,0 days 00:00:21.071487,64,0.23109814760278735,256,1.9600781116860522,huber,0.002421021251831277,1.9725600229919053e-05,0.8306664228439331,-0.12038218975067139,1.1862874031066895,0.2835845954379686,PRUNED
148,0.2682495597001976,2025-12-21 13:45:51.586040,2025-12-21 13:46:13.780003,0 days 00:00:22.193963,16,0.20344378634029373,1024,,mse,0.0013731628676099757,9.440931972723795e-06,0.8206378221511841,-0.09645342826843262,1.1735509634017944,0.2682495597001976,PRUNED
149,0.3231881357080065,2025-12-21 13:46:13.780169,2025-12-21 13:46:37.465657,0 days 00:00:23.685488,16,0.09505225788245146,256,1.423406656641416,huber,0.0016923306637951446,3.2538220011977716e-09,0.7899889349937439,-0.007676839828491211,1.125038743019104,0.3231881357080065,PRUNED
150,0.3018491704807402,2025-12-21 13:46:37.465825,2025-12-21 13:47:27.082291,0 days 00:00:49.616466,16,0.268774726331459,512,0.5580884226960034,huber,0.0021660693779881586,6.576646727286845e-05,0.8259156346321106,-0.1276634931564331,1.1901360750198364,0.3018491704807402,PRUNED
151,0.3062525996634986,2025-12-21 13:47:27.082467,2025-12-21 13:47:54.234948,0 days 00:00:27.152481,16,0.03468675986367211,256,1.2451195350033948,huber,0.0019502948597435294,4.3198460970923266e-05,0.9177340269088745,-0.30199623107910156,1.2788267135620117,0.3062525996634986,PRUNED
152,0.4911239697744565,2025-12-21 13:47:54.235113,2025-12-21 14:01:07.387484,0 days 00:13:13.152371,16,0.21356707787044876,256,1.184438008716062,huber,0.0023624401792187457,6.732668466456986e-07,0.8285734057426453,0.01964026689529419,1.1096845865249634,0.48111205662000905,COMPLETE
153,0.32244510785220065,2025-12-21 14:01:07.387715,2025-12-21 14:01:54.550410,0 days 00:00:47.162695,16,0.23467646769070702,256,0.6005660663680648,huber,0.002426103587503444,8.315433369178762e-07,0.7825732231140137,-0.037375688552856445,1.141497254371643,0.32244510785220065,PRUNED
154,0.34026946789305235,2025-12-21 14:01:54.550583,2025-12-21 14:02:16.540770,0 days 00:00:21.990187,16,0.24614233972153096,256,1.1575789093750217,huber,0.0017008096090501987,3.550271314239628e-06,0.7735217213630676,-0.03182053565979004,1.1384369134902954,0.34026946789305235,PRUNED
155,0.31294632146610546,2025-12-21 14:02:16.540940,2025-12-21 14:02:39.541822,0 days 00:00:23.000882,16,0.020095830766172138,256,1.4909696143092197,huber,0.0011905585668227777,0.004091816527673787,0.7918740510940552,-0.06075787544250488,1.1542901992797852,0.31294632146610546,PRUNED
156,0.31647022508074096,2025-12-21 14:02:39.541991,2025-12-21 14:03:03.796882,0 days 00:00:24.254891,16,0.16247190273334575,2048,3.036759015225063,huber,0.0026590478697103587,6.221980789415281e-07,0.9631447792053223,-0.2107868194580078,1.2332203388214111,0.31647022508074096,PRUNED
157,0.3364249560846151,2025-12-21 14:03:03.797050,2025-12-21 14:03:26.829747,0 days 00:00:23.032697,32,0.139878398917672,256,1.3618539138937182,huber,0.0014959663537793615,1.4719463374310365e-06,0.8168004751205444,-0.1463468074798584,1.1999547481536865,0.3364249560846151,PRUNED
158,0.3307135771475014,2025-12-21 14:03:26.829913,2025-12-21 14:04:15.361507,0 days 00:00:48.531594,16,0.10831489165796909,256,0.6593547875365353,huber,0.00033298639472217087,3.185647524507131e-07,0.7977700233459473,-0.08940541744232178,1.1697731018066406,0.3307135771475014,PRUNED
159,0.22052744364827406,2025-12-21 14:04:15.361680,2025-12-21 14:04:37.819830,0 days 00:00:22.458150,16,0.21198135460072276,1024,1.6595467044905443,huber,4.460958616223301e-05,1.292472464810133e-05,0.8499346971511841,-0.15769386291503906,1.2058789730072021,0.22052744364827406,PRUNED
160,0.3354375513019432,2025-12-21 14:04:37.819996,2025-12-21 14:04:59.525827,0 days 00:00:21.705831,16,0.05210978544489679,256,,mse,0.0021525042939922107,3.3069322699284884e-08,0.8202969431877136,0.025780320167541504,1.1062042713165283,0.3354375513019432,PRUNED
161,0.2696393971977735,2025-12-21 14:04:59.525994,2025-12-21 14:05:26.029442,0 days 00:00:26.503448,16,0.1559665443178262,256,1.1949469810032585,huber,0.002507629037902419,4.600955540941775e-07,0.8404975533485413,-0.12592506408691406,1.189218282699585,0.2696393971977735,PRUNED
162,0.3425924636130745,2025-12-21 14:05:26.029614,2025-12-21 14:05:52.584292,0 days 00:00:26.554678,16,0.1728478937644582,256,1.086722788353915,huber,0.0018782052177445756,1.6668817297176528e-07,0.8996339440345764,-0.3204507827758789,1.2878578901290894,0.3425924636130745,PRUNED
163,0.32636369472283605,2025-12-21 14:05:52.584469,2025-12-21 14:06:19.376558,0 days 00:00:26.792089,16,0.2182714570765593,256,1.5627682735779969,huber,0.002246087692488234,1.231151311839861e-06,0.8529719114303589,-0.0200423002243042,1.131920576095581,0.32636369472283605,PRUNED
164,0.3441102983758915,2025-12-21 14:06:19.376726,2025-12-21 14:06:44.198779,0 days 00:00:24.822053,16,0.18831229464556784,256,0.9428459874875599,huber,0.0007128551678102461,7.921349742792057e-07,0.7938022613525391,-0.10365211963653564,1.1773970127105713,0.3441102983758915,PRUNED
165,0.3218823221489721,2025-12-21 14:06:44.198951,2025-12-21 14:07:09.433792,0 days 00:00:25.234841,16,0.1257414312639838,2048,0.506604273803212,huber,0.0027485246539408438,2.785888946784148e-06,0.823884904384613,-0.14380228519439697,1.198622226715088,0.3218823221489721,PRUNED
166,0.3583459646706779,2025-12-21 14:07:09.433961,2025-12-21 14:07:57.746721,0 days 00:00:48.312760,32,0.07090377384094186,256,1.4073699774687922,huber,0.002060035064408029,0.006694090022741088,0.7660601735115051,-0.010806798934936523,1.1267846822738647,0.3583459646706779,PRUNED
167,0.3448217823977035,2025-12-21 14:07:57.746889,2025-12-21 14:08:21.234891,0 days 00:00:23.488002,16,0.25257285115936223,256,1.1842569874776976,huber,0.0017439189360045472,0.0027138856379549606,0.7986295819282532,0.0375363826751709,1.099509596824646,0.3448217823977035,PRUNED
168,0.3022794806393342,2025-12-21 14:08:21.235061,2025-12-21 14:08:43.629376,0 days 00:00:22.394315,16,0.14813386824775257,512,1.0541537508644636,huber,0.0008286523356860864,2.76899902180173e-10,0.8050942420959473,0.028373658657073975,1.1047308444976807,0.3022794806393342,PRUNED
169,0.3486748169416969,2025-12-21 14:08:43.629557,2025-12-21 14:09:32.108572,0 days 00:00:48.479015,16,0.042979692623986654,2048,1.1371612481190634,huber,0.0010202098179333573,5.856239358198757e-06,0.7704229950904846,0.056926846504211426,1.0883774757385254,0.3486748169416969,PRUNED
170,0.36132142591670047,2025-12-21 14:09:32.108746,2025-12-21 14:10:37.195164,0 days 00:01:05.086418,64,0.29571002912793953,1024,0.9780348122827337,huber,0.0015411985505730979,3.123241868351218e-07,0.7660884857177734,-0.026554226875305176,1.1355278491973877,0.36132142591670047,PRUNED
171,0.31627346751928465,2025-12-21 14:10:37.195333,2025-12-21 14:11:01.287332,0 days 00:00:24.091999,16,0.3678793303284223,2048,0.8927208400375998,huber,0.0012882922094886121,0.000645250527171396,0.8032978177070618,-0.08160483837127686,1.1655775308609009,0.31627346751928465,PRUNED
172,0.3353460598801602,2025-12-21 14:11:01.287508,2025-12-21 14:11:48.945230,0 days 00:00:47.657722,16,0.3809364706047823,2048,1.3025431971410846,huber,0.00110934831083058,0.00021574129926772457,0.8784304857254028,-0.10850143432617188,1.1799808740615845,0.3353460598801602,PRUNED
173,0.33891137786072506,2025-12-21 14:11:48.945409,2025-12-21 14:12:13.444267,0 days 00:00:24.498858,16,0.34075725876030594,2048,1.2504575700248488,huber,0.0006355257229572708,1.922810369870521e-05,0.7639071345329285,0.038610756397247314,1.0988956689834595,0.33891137786072506,PRUNED
174,0.284438644139115,2025-12-21 14:12:13.444439,2025-12-21 14:12:36.151884,0 days 00:00:22.707445,16,0.01349382243213701,2048,2.137264919480379,huber,0.00047874071172979117,0.00038330373695419487,0.8254161477088928,-0.018820524215698242,1.1312423944473267,0.284438644139115,PRUNED
175,0.3497617589965554,2025-12-21 14:12:36.152050,2025-12-21 14:13:53.200010,0 days 00:01:17.047960,16,0.2265287193733071,256,0.8337252171879563,huber,0.0008994575055003716,0.00010981501981518204,0.8554258346557617,-0.19396257400512695,1.224622368812561,0.3497617589965554,PRUNED
176,0.30894421886256795,2025-12-21 14:13:53.200177,2025-12-21 14:14:18.204477,0 days 00:00:25.004300,16,0.4044786790060689,256,0.7211063804777987,huber,0.0013641898753018716,2.6721731870697378e-05,0.9244922399520874,-0.34001612663269043,1.2973639965057373,0.30894421886256795,PRUNED
177,0.30365565938600275,2025-12-21 14:14:18.204644,2025-12-21 14:14:39.169262,0 days 00:00:20.964618,32,0.3618788386273235,2048,,mse,0.0023695015208412677,8.993162884234406e-06,0.8389226198196411,-0.1521233320236206,1.2029742002487183,0.30365565938600275,PRUNED
178,0.35301202801378395,2025-12-21 14:14:39.169443,2025-12-21 14:15:28.277667,0 days 00:00:49.108224,16,0.03004824554173803,256,1.5029070345884343,huber,0.001995439269822143,0.0010619409552145445,0.778395414352417,0.049101293087005615,1.092883825302124,0.35301202801378395,PRUNED
179,0.27574236287083276,2025-12-21 14:15:28.277835,2025-12-21 14:15:52.346155,0 days 00:00:24.068320,16,0.2765892706326014,256,0.7901774026472497,huber,0.0016224853538992718,4.002730514095706e-06,0.7997000217437744,-0.05973684787750244,1.1537344455718994,0.27574236287083276,PRUNED
180,0.33766216477153493,2025-12-21 14:15:52.346324,2025-12-21 14:16:17.016015,0 days 00:00:24.669691,16,0.3257974507384701,1024,2.2763842562557426,huber,0.0018339140003271269,1.7826006192540134e-06,0.7964513897895813,0.04181039333343506,1.0970654487609863,0.33766216477153493,PRUNED
181,0.3139306736782846,2025-12-21 14:16:17.016186,2025-12-21 14:17:08.784285,0 days 00:00:51.768099,16,0.11790504521596631,256,1.2046504687515136,huber,0.002130762802052561,1.6492077445207793e-06,0.8107178211212158,0.015465497970581055,1.1120449304580688,0.3139306736782846,PRUNED
182,0.3198725965916049,2025-12-21 14:17:08.784466,2025-12-21 14:18:03.167392,0 days 00:00:54.382926,16,0.1282994687406253,256,1.249228683638461,huber,0.0023355858455981057,9.533557704333888e-07,0.949743926525116,-0.3759763240814209,1.3146566152572632,0.3198725965916049,PRUNED
183,0.3012480723253845,2025-12-21 14:18:03.167586,2025-12-21 14:18:28.912478,0 days 00:00:25.744892,16,0.3500309756186963,256,1.0934348912362677,huber,0.0027205036772702824,5.339126402801022e-07,1.1865452527999878,-0.5941109657287598,1.4150315523147583,0.3012480723253845,PRUNED
184,0.28421092526800923,2025-12-21 14:18:28.912647,2025-12-21 14:18:55.330179,0 days 00:00:26.417532,16,0.13903672188924182,256,1.3369179252684225,huber,0.0018345502385123638,1.5967031669939656e-09,0.8753922581672668,-0.06133127212524414,1.15460205078125,0.28421092526800923,PRUNED
185,0.25033245883451494,2025-12-21 14:18:55.330357,2025-12-21 14:19:20.975955,0 days 00:00:25.645598,16,0.13424308255550926,256,3.4516426319852367,huber,0.0029882129670685815,1.160384282913438e-06,0.9013603329658508,-0.164617657661438,1.209479570388794,0.25033245883451494,PRUNED
186,0.3801159748451902,2025-12-21 14:19:20.976126,2025-12-21 14:20:37.829148,0 days 00:01:16.853022,16,0.05858921269906732,2048,1.1210654635749226,huber,0.001410912392499549,6.730260763926238e-07,0.7581971883773804,-0.041760802268981934,1.1439074277877808,0.3801159748451902,PRUNED
187,0.33739566619506695,2025-12-21 14:20:37.829322,2025-12-21 14:21:52.075243,0 days 00:01:14.245921,16,0.14789459290155263,512,1.2298875669883336,huber,0.0011210581162476956,4.3605059609196885e-05,0.8381094336509705,-0.14108335971832275,1.1971967220306396,0.33739566619506695,PRUNED
188,0.33215903428221644,2025-12-21 14:21:52.075422,2025-12-21 14:22:13.150488,0 days 00:00:21.075066,32,0.24081954722218704,256,1.8133845107920823,huber,0.002096161634235942,2.5794877638802284e-06,0.779985785484314,0.04892134666442871,1.0929871797561646,0.33215903428221644,PRUNED
189,0.2949329089159037,2025-12-21 14:22:13.150661,2025-12-21 14:22:42.574525,0 days 00:00:29.423864,16,0.19839022453970764,256,1.706239698902092,huber,0.0005353075431518315,1.4007132510594809e-05,0.8591420650482178,-0.201973557472229,1.2287238836288452,0.2949329089159037,PRUNED
190,0.3213776335117265,2025-12-21 14:22:42.574695,2025-12-21 14:23:06.402799,0 days 00:00:23.828104,16,0.11610238243080856,256,,mse,0.002480427791020527,1.0017380115487555e-07,0.8013062477111816,-0.015469551086425781,1.129380464553833,0.3213776335117265,PRUNED
191,0.31082258611942165,2025-12-21 14:23:06.402973,2025-12-21 14:23:29.414977,0 days 00:00:23.012004,16,0.040474505582833095,2048,1.0248643627384906,huber,7.589033895004181e-05,1.080505921052703e-09,0.8047302961349487,-0.1181795597076416,1.1851208209991455,0.31082258611942165,PRUNED
192,0.30931791042001955,2025-12-21 14:23:29.415143,2025-12-21 14:23:51.614712,0 days 00:00:22.199569,16,0.05422591058071878,2048,2.7390736578105406,huber,0.0007663106993230513,1.8407075349572656e-09,0.7926985025405884,-0.046706438064575195,1.146619439125061,0.30931791042001955,PRUNED
193,0.32088327149265433,2025-12-21 14:23:51.614876,2025-12-21 14:24:14.016779,0 days 00:00:22.401903,16,0.02605369153265433,2048,0.9788972232861418,huber,0.0016390402396019186,7.055173782526709e-06,0.7789864540100098,-0.08231985569000244,1.1659626960754395,0.32088327149265433,PRUNED
194,0.2754504097207391,2025-12-21 14:24:14.016946,2025-12-21 14:24:37.354200,0 days 00:00:23.337254,16,0.04634615707483582,2048,1.1625586769569263,huber,3.84732121880327e-05,5.514510313209059e-10,0.8088222742080688,-0.08911693096160889,1.1696181297302246,0.2754504097207391,PRUNED
195,0.3721395804581314,2025-12-21 14:24:37.354376,2025-12-21 14:25:52.958268,0 days 00:01:15.603892,16,0.31522969403907114,2048,0.8967601071334655,huber,0.00019706793795087115,7.784476781834568e-09,0.7471271753311157,0.025528669357299805,1.1063470840454102,0.3721395804581314,PRUNED
196,0.3420222728042627,2025-12-21 14:25:52.958443,2025-12-21 14:26:41.544187,0 days 00:00:48.585744,16,0.08681613843579777,1024,1.0744106815655756,huber,0.0009739364970172283,2.2155923407416439e-07,0.8899643421173096,-0.29461586475372314,1.2751970291137695,0.3420222728042627,PRUNED
197,0.30793545845170217,2025-12-21 14:26:41.544362,2025-12-21 14:27:06.221836,0 days 00:00:24.677474,16,0.13470926388005955,256,1.598588699511523,huber,0.00026403759507886824,1.694477956506735e-08,0.7849202752113342,0.025023818016052246,1.1066335439682007,0.30793545845170217,PRUNED
198,0.522524145868233,2025-12-21 14:27:06.222005,2025-12-21 14:41:00.919570,0 days 00:13:54.697565,32,0.06317540371159633,256,1.4468567494949824,huber,0.002216265170741964,1.2511718170408864e-06,0.7188822031021118,-0.012529730796813965,1.1277445554733276,0.49081166418902417,COMPLETE
199,0.34580718900056273,2025-12-21 14:41:00.919810,2025-12-21 14:41:23.129085,0 days 00:00:22.209275,32,0.07663894759053393,256,1.450132436422383,huber,0.0022501608365815473,1.4243103705567994e-06,0.7728847861289978,-0.019431233406066895,1.131581425666809,0.34580718900056273,PRUNED
