number,value,datetime_start,datetime_complete,duration,params_C,params_class_weight,params_l1_ratio,params_max_iter,params_tol,user_attrs_ap,user_attrs_auc,user_attrs_threshold,state
0,0.7045009784730902,2025-12-20 12:45:35.795007,2025-12-20 12:45:42.253802,0 days 00:00:06.458795,0.0031379668231052617,,0.4998277129067623,4224,7.721742984521872e-06,0.7411465286307352,0.7563608040946518,0.49859246611595154,COMPLETE
1,0.644314868804228,2025-12-20 12:45:42.254338,2025-12-20 12:45:42.320865,0 days 00:00:00.066527,0.0021260567347915907,,0.8891696284240268,851,2.9321327214934106e-05,0.4752688172043011,0.5,0.5061861276626587,COMPLETE
2,0.644314868804228,2025-12-20 12:45:42.321141,2025-12-20 12:45:42.385684,0 days 00:00:00.064543,0.0005107641779413222,,0.3954144188779507,1271,1.9789119030106155e-05,0.4752688172043011,0.5,0.5061861276626587,COMPLETE
3,0.644314868804228,2025-12-20 12:45:42.386091,2025-12-20 12:45:42.398602,0 days 00:00:00.012511,0.00011541532064548178,,0.8850406795655525,1979,0.0033371561714266693,0.4752688172043011,0.5,0.502076268196106,COMPLETE
4,0.8923766816138499,2025-12-20 12:45:42.398793,2025-12-20 12:45:43.020785,0 days 00:00:00.621992,4.070609284328405,balanced,0.44720896001852617,488,1.4069151504566428e-06,0.9431716925365285,0.9551220235887545,0.4407028555870056,COMPLETE
5,0.644314868804228,2025-12-20 12:45:43.021100,2025-12-20 12:45:43.044162,0 days 00:00:00.023062,0.00010659146980697401,,0.6174852572137575,287,0.0015277088958966542,0.4752688172043011,0.5,0.502076268196106,COMPLETE
6,0.644314868804228,2025-12-20 12:45:43.044378,2025-12-20 12:45:43.059618,0 days 00:00:00.015240,0.003336990039016643,,0.6753005460324175,1883,0.0001821110373600826,0.4752688172043011,0.5,0.5061861276626587,COMPLETE
7,0.7991266375540858,2025-12-20 12:45:43.059811,2025-12-20 12:45:43.255718,0 days 00:00:00.195907,0.05411878697910153,,0.6069965652648616,1094,0.0010706602291435702,0.873886587831978,0.8761219494102812,0.4360995590686798,COMPLETE
8,0.835266821345208,2025-12-20 12:45:43.256000,2025-12-20 12:45:43.438189,0 days 00:00:00.182189,0.028710244558731918,,0.04871173199141188,1528,0.00020557337866054155,0.906189525526522,0.9170870113493064,0.4793131947517395,COMPLETE
9,0.7597535934286623,2025-12-20 12:45:43.438640,2025-12-20 12:45:43.590913,0 days 00:00:00.152273,0.008177995683115937,balanced,0.39529829283538276,381,2.432342051982358e-05,0.8101908043683964,0.8125324530821156,0.47203895449638367,COMPLETE
10,0.8898876404489381,2025-12-20 12:45:43.591179,2025-12-20 12:45:45.341006,0 days 00:00:01.749827,18.641050257694932,balanced,0.11825319289153857,3421,1.0767823697917146e-06,0.9418413530834693,0.9539166233958905,0.4365168511867523,COMPLETE
11,0.889390519186859,2025-12-20 12:45:45.341493,2025-12-20 12:45:47.036144,0 days 00:00:01.694651,23.165543502809115,balanced,0.08949470847574809,3350,1.524984327819006e-06,0.941212248288585,0.9532490171352274,0.4520215094089508,COMPLETE
12,0.8976034858382806,2025-12-20 12:45:47.036821,2025-12-20 12:45:48.726559,0 days 00:00:01.689738,8.81747128562093,balanced,0.2234076662448307,3262,1.4105836726765379e-06,0.9439619961937448,0.9560307098879905,0.372437983751297,COMPLETE
13,0.8893709327543814,2025-12-20 12:45:48.727065,2025-12-20 12:45:50.432982,0 days 00:00:01.705917,1.388705709233519,balanced,0.24148722418491597,2889,4.400525994510162e-06,0.9369408763039968,0.9491506564794896,0.3936256468296051,COMPLETE
14,0.8763557483726027,2025-12-20 12:45:50.433385,2025-12-20 12:45:52.722065,0 days 00:00:02.288680,868.5995964260887,balanced,0.24009078674182036,4678,4.381086184336701e-06,0.920788753724115,0.9351958311697945,0.2581683397293091,COMPLETE
15,0.8835164835159838,2025-12-20 12:45:52.722563,2025-12-20 12:45:54.044417,0 days 00:00:01.321854,0.9779308451207901,balanced,0.2524055504601758,2489,2.339372513277718e-06,0.932638920270675,0.945126474297159,0.4347555637359619,COMPLETE
16,0.8898876404489381,2025-12-20 12:45:54.044828,2025-12-20 12:45:56.001610,0 days 00:00:01.956782,16.62126287295027,balanced,0.38105437088962457,3876,6.579441691668606e-05,0.941001592950849,0.9531562940434686,0.44625210762023926,COMPLETE
17,0.8752735229754305,2025-12-20 12:45:56.001989,2025-12-20 12:45:57.145626,0 days 00:00:01.143637,255.55188009266985,balanced,0.7802817109826429,2406,9.043284642366331e-06,0.9267088786966861,0.9381722424152512,0.3583894968032837,COMPLETE
18,0.8923766816138499,2025-12-20 12:45:57.146033,2025-12-20 12:45:58.746437,0 days 00:00:01.600404,2.4296663909299836,balanced,0.5085086399087814,3011,2.5830449863360455e-06,0.9391237368536481,0.9515243676285142,0.4611685574054718,COMPLETE
19,0.8628318584065798,2025-12-20 12:45:58.746834,2025-12-20 12:45:58.781236,0 days 00:00:00.034402,0.17751473780910923,balanced,0.29510125345213856,4070,0.009005310204098303,0.9123692470210722,0.9263593205251835,0.4421207308769226,COMPLETE
20,0.8986784140964166,2025-12-20 12:45:58.781508,2025-12-20 12:45:59.929181,0 days 00:00:01.147673,7.82654300676754,balanced,0.15528688758498022,2186,1.093003515916656e-06,0.944671966643672,0.9565314145834878,0.394827276468277,COMPLETE
21,0.898047722342234,2025-12-20 12:45:59.929465,2025-12-20 12:46:01.017564,0 days 00:00:01.088099,6.772632412331806,balanced,0.14846556020596902,2221,1.0258886627249634e-06,0.9448086386154907,0.9565128699651362,0.36775779724121094,COMPLETE
22,0.8826291079807214,2025-12-20 12:46:01.017807,2025-12-20 12:46:02.031294,0 days 00:00:01.013487,59.77989373735208,balanced,0.1697604551182989,2096,8.273993669947614e-06,0.9370277232985029,0.9483161486536607,0.6052443385124207,COMPLETE
23,0.8798283261797588,2025-12-20 12:46:02.031840,2025-12-20 12:46:03.054645,0 days 00:00:01.022805,0.41974682098403976,balanced,0.011493028019385981,2911,1.2243958126704517e-06,0.9293736531350388,0.9419924337957125,0.39111045002937317,COMPLETE
24,0.8956521739125443,2025-12-20 12:46:03.054890,2025-12-20 12:46:04.862023,0 days 00:00:01.807133,7.5072171848810285,balanced,0.16224151500259815,3521,3.5532760260545383e-06,0.9445293536280073,0.9563274237816185,0.3750540316104889,COMPLETE
25,0.8775055679282306,2025-12-20 12:46:04.862370,2025-12-20 12:46:06.016518,0 days 00:00:01.154148,119.88781230282127,balanced,0.17667744081181766,2259,1.0742146986290553e-05,0.9326981569631596,0.9442456049254507,0.39928099513053894,COMPLETE
26,0.8659340659335664,2025-12-20 12:46:06.016800,2025-12-20 12:46:06.312189,0 days 00:00:00.295389,0.3043736796361654,balanced,0.32462285152859893,2750,6.297175580913809e-05,0.9178907672243668,0.9311067428232327,0.430458128452301,COMPLETE
27,0.888382687926607,2025-12-20 12:46:06.312425,2025-12-20 12:46:07.167533,0 days 00:00:00.855108,58.60336858088557,balanced,0.004511335937274041,1691,2.9882966577305857e-06,0.9392289654853626,0.9509865736963133,0.5156944394111633,COMPLETE
28,0.896103896103397,2025-12-20 12:46:07.168077,2025-12-20 12:46:09.699946,0 days 00:00:02.531869,10.5685240337618,balanced,0.10515085119405118,4956,1.0211257454926775e-06,0.9440265556873404,0.95591944217788,0.36289989948272705,COMPLETE
29,0.8791208791203794,2025-12-20 12:46:09.700184,2025-12-20 12:46:11.235485,0 days 00:00:01.535301,202.39292525144918,balanced,0.3116257703472088,3310,1.366995688172621e-05,0.9268825271435348,0.9397207180476226,0.3300536870956421,COMPLETE
30,0.8909090909085908,2025-12-20 12:46:11.235829,2025-12-20 12:46:13.102883,0 days 00:00:01.867054,4.672008285522539,balanced,0.997666667174891,3753,1.970652721653689e-06,0.9393346363054137,0.9497069950300423,0.47235774993896484,COMPLETE
31,0.896103896103397,2025-12-20 12:46:13.103178,2025-12-20 12:46:15.715024,0 days 00:00:02.611846,10.87393895510775,balanced,0.09674764961114979,4959,1.029243362943904e-06,0.9439551293101933,0.9558638083228247,0.3617894649505615,COMPLETE
32,0.8840262582051898,2025-12-20 12:46:15.715344,2025-12-20 12:46:17.015834,0 days 00:00:01.300490,0.9591189480118761,balanced,0.18017510899789876,4655,4.391868768623449e-06,0.9338885452879975,0.9462020621615607,0.4180990159511566,COMPLETE
33,0.8878923766811144,2025-12-20 12:46:17.016099,2025-12-20 12:46:17.730883,0 days 00:00:00.714784,50.0257264853427,balanced,0.10591501272422435,1433,6.448453819654459e-06,0.9378213981556212,0.9494844596098212,0.441637247800827,COMPLETE
34,0.8951965065497189,2025-12-20 12:46:17.731156,2025-12-20 12:46:19.961040,0 days 00:00:02.229884,3.0525155842515757,balanced,0.05716839342629217,4240,1.7902446319014201e-06,0.9435068738159994,0.95486239893183,0.4014621675014496,COMPLETE
35,0.8917748917743926,2025-12-20 12:46:19.961307,2025-12-20 12:46:20.500799,0 days 00:00:00.539492,32.97812392914521,balanced,0.20221161533140272,1070,2.292322855079551e-06,0.9430441398801328,0.9551034789704028,0.3208429217338562,COMPLETE
36,0.8844444444439445,2025-12-20 12:46:20.501027,2025-12-20 12:46:21.522504,0 days 00:00:01.021477,658.1727924126423,,0.4617659908511946,2175,1.614114633765429e-05,0.9290099569284999,0.9394703656998739,0.5085003972053528,COMPLETE
37,0.897435897435399,2025-12-20 12:46:21.522734,2025-12-20 12:46:22.508458,0 days 00:00:00.985724,6.664870713611112,balanced,0.13887380688105527,1893,5.766192229498179e-06,0.9449916451513565,0.9568095838587641,0.3562438488006592,COMPLETE
38,0.8903803131986052,2025-12-20 12:46:22.508742,2025-12-20 12:46:23.486097,0 days 00:00:00.977355,2.0326323447387145,,0.361375281607733,1809,6.066862268660289e-06,0.938580362574667,0.9510978414064238,0.46762922406196594,COMPLETE
39,0.8461538461533477,2025-12-20 12:46:23.486332,2025-12-20 12:46:23.993226,0 days 00:00:00.506894,0.0963019959145987,balanced,0.2528699787632343,879,3.490906799971149e-05,0.9073657937584837,0.918403679252281,0.4033147990703583,COMPLETE
40,0.8731182795693937,2025-12-20 12:46:23.993454,2025-12-20 12:46:24.206595,0 days 00:00:00.213141,0.572370790792827,,0.50718880070403,2499,0.0005744058458126175,0.9226032586598565,0.935316371189081,0.3894488513469696,COMPLETE
41,0.9028077753774708,2025-12-20 12:46:24.206850,2025-12-20 12:46:25.206819,0 days 00:00:00.999969,6.172525090467283,balanced,0.13007071511082716,1934,1.0972808200429532e-06,0.9455462327128894,0.9569950300422817,0.37227538228034973,COMPLETE
42,0.8995633187767932,2025-12-20 12:46:25.207357,2025-12-20 12:46:26.198091,0 days 00:00:00.990734,5.5397515137452285,balanced,0.12936297934771138,1946,1.7675693165123898e-06,0.9447088760196424,0.9562532453082117,0.3897668123245239,COMPLETE
43,0.9039301310038673,2025-12-20 12:46:26.198347,2025-12-20 12:46:26.919319,0 days 00:00:00.720972,6.631712893016627,balanced,0.023358266455945367,1449,1.7861712060167385e-06,0.9453043066755876,0.9572546546992062,0.38662898540496826,COMPLETE
44,0.893905191873089,2025-12-20 12:46:26.919596,2025-12-20 12:46:27.668889,0 days 00:00:00.749293,3.2602575023551403,balanced,0.049532590319181835,1428,1.7353015102947896e-06,0.94340875551237,0.9551405682071062,0.4645829498767853,COMPLETE
45,0.7045009784730902,2025-12-20 12:46:27.669139,2025-12-20 12:46:27.716776,0 days 00:00:00.047637,0.00032906953322653284,balanced,0.05750285925151262,1646,2.8700020148968346e-06,0.7411371492843666,0.756351531785476,0.4995100498199463,COMPLETE
46,0.8965517241374311,2025-12-20 12:46:27.716977,2025-12-20 12:46:28.343789,0 days 00:00:00.626812,24.670206057471095,,0.0015378447882706814,1236,1.619786978086969e-06,0.9445340916063846,0.956364513018322,0.5025022625923157,COMPLETE
47,0.8947368421047636,2025-12-20 12:46:28.344023,2025-12-20 12:46:28.787326,0 days 00:00:00.443303,1.6223474455507012,balanced,0.06862719210562881,825,0.00021473136433029823,0.9396222355134094,0.951542912246866,0.4183836877346039,COMPLETE
48,0.8129032258059529,2025-12-20 12:46:28.787575,2025-12-20 12:46:29.063341,0 days 00:00:00.275766,0.019354946079067275,balanced,0.12287988765775705,2311,3.4848817760404605e-06,0.8860513897026057,0.8917921519175135,0.4160439670085907,COMPLETE
49,0.8884026258200695,2025-12-20 12:46:29.063584,2025-12-20 12:46:30.089199,0 days 00:00:01.025615,103.8012173878021,balanced,0.5694108157944529,1997,1.4105430252706645e-06,0.9320638596491772,0.9427342185297828,0.31007787585258484,COMPLETE
50,0.8947368421047636,2025-12-20 12:46:30.089421,2025-12-20 12:46:31.478091,0 days 00:00:01.388670,14.44542434588549,balanced,0.2699744027495944,2629,2.1667525004002517e-06,0.9430159537833983,0.9547140419850159,0.39820361137390137,COMPLETE
51,0.8971553610498288,2025-12-20 12:46:31.478360,2025-12-20 12:46:33.020739,0 days 00:00:01.542379,4.40764528891247,balanced,0.2163272287784782,3167,1.0561615663239377e-06,0.9436557529076773,0.9553445590089756,0.3883567452430725,COMPLETE
52,0.8840262582051898,2025-12-20 12:46:33.020975,2025-12-20 12:46:34.500777,0 days 00:00:01.479802,0.9252335426021179,balanced,0.13638316654410043,2681,1.5673768263269558e-06,0.934346277099966,0.9465914991469475,0.42400267720222473,COMPLETE
53,0.8904109589036096,2025-12-20 12:46:34.501071,2025-12-20 12:46:35.451961,0 days 00:00:00.950890,28.931540410133515,balanced,0.19694704987238199,2037,4.2441603456413085e-06,0.9401213516794302,0.9526926785846747,0.5085718035697937,COMPLETE
54,0.8957871396890789,2025-12-20 12:46:35.452258,2025-12-20 12:46:36.240429,0 days 00:00:00.788171,8.916081694799125,balanced,0.7531631465220738,1729,2.6183072488756424e-06,0.9417461210559734,0.9537497218307247,0.41419488191604614,COMPLETE
55,0.9051724137926044,2025-12-20 12:46:36.240721,2025-12-20 12:46:37.051039,0 days 00:00:00.810318,5.4606611625825305,balanced,0.026268494702099424,1564,1.5231156120802544e-06,0.9448819802519438,0.9566426822935984,0.3757506012916565,COMPLETE
56,0.9047619047614056,2025-12-20 12:46:37.051489,2025-12-20 12:46:37.833047,0 days 00:00:00.781558,5.160139543752223,balanced,0.14604339710870917,1533,1.3866193110874583e-06,0.9450125492396851,0.9565499592018397,0.380588173866272,COMPLETE
57,0.877419354838211,2025-12-20 12:46:37.833283,2025-12-20 12:46:38.167738,0 days 00:00:00.334455,0.2081946895387707,,0.027988238060663223,1268,2.1154477310285155e-06,0.9229215403988688,0.9360952451598546,0.39799201488494873,COMPLETE
58,0.8820960698684961,2025-12-20 12:46:38.167973,2025-12-20 12:46:38.453121,0 days 00:00:00.285148,0.6303819635250657,balanced,0.07654398779702715,1539,0.002778698125428827,0.9314272501569122,0.9436058155923152,0.4220539331436157,COMPLETE
59,0.8993288590599028,2025-12-20 12:46:38.453361,2025-12-20 12:46:38.726549,0 days 00:00:00.273188,4.731921976110549,balanced,0.03160965524881178,591,4.885658193478843e-06,0.9439212713946835,0.9566426822935984,0.4413577616214752,COMPLETE
60,0.8982300884950754,2025-12-20 12:46:38.726867,2025-12-20 12:46:38.834668,0 days 00:00:00.107801,1.9581358520837229,balanced,0.032011080961175734,202,5.849239877229327e-06,0.940195507542248,0.9528410355314887,0.4359437823295593,COMPLETE
61,0.8918918918913918,2025-12-20 12:46:38.834957,2025-12-20 12:46:39.101369,0 days 00:00:00.266412,5.239826416852684,balanced,0.08949012651847119,557,1.3987884316169e-06,0.9423134717944173,0.9553631036273275,0.44242456555366516,COMPLETE
62,0.9006622516551295,2025-12-20 12:46:39.101665,2025-12-20 12:46:39.643443,0 days 00:00:00.541778,16.245629148049677,balanced,0.1534150172249138,1086,3.426599895606345e-06,0.9443209898542713,0.9565685038201914,0.3912695646286011,COMPLETE
63,0.9004329004324013,2025-12-20 12:46:39.643695,2025-12-20 12:46:39.922931,0 days 00:00:00.279236,15.643525432217094,balanced,0.1245862419774302,564,4.40425456315675e-06,0.9433487570195571,0.9561976114531563,0.3480071425437927,COMPLETE
64,0.896103896103397,2025-12-20 12:46:39.923197,2025-12-20 12:46:40.374323,0 days 00:00:00.451126,21.345995877888804,balanced,0.12492295783565335,901,3.3369205424428444e-06,0.9433823574170491,0.9553816482456792,0.3455113470554352,COMPLETE
65,0.8937093275483078,2025-12-20 12:46:40.374572,2025-12-20 12:46:40.905510,0 days 00:00:00.530938,45.89499576281721,balanced,0.08182019303946156,1063,8.395543954236163e-06,0.9420827919549775,0.954250426526222,0.3660941421985626,COMPLETE
66,0.894854586129254,2025-12-20 12:46:40.905754,2025-12-20 12:46:41.644574,0 days 00:00:00.738820,16.159588597349337,balanced,0.27988431025061633,1434,1.1533946400484685e-05,0.944648444193124,0.9556598175209554,0.43602463603019714,COMPLETE
67,0.8934240362806791,2025-12-20 12:46:41.644822,2025-12-20 12:46:41.845277,0 days 00:00:00.200455,108.35075751533729,balanced,0.16441980074142892,401,2.9561583158447674e-06,0.9440774139224712,0.9540000741784734,0.47237449884414673,COMPLETE
68,0.8986784140964166,2025-12-20 12:46:41.845504,2025-12-20 12:46:42.164976,0 days 00:00:00.319472,12.44963482675708,balanced,0.2229052634762794,638,2.402722326855891e-05,0.9439419638584081,0.9564386914917291,0.39289548993110657,COMPLETE
69,0.8908296943226448,2025-12-20 12:46:42.165215,2025-12-20 12:46:42.783500,0 days 00:00:00.618285,1.44815196933736,balanced,0.11196153904664463,1157,2.2269607055119964e-06,0.9385101733503188,0.9505971367109264,0.40803468227386475,COMPLETE
70,0.8953229398658697,2025-12-20 12:46:42.783735,2025-12-20 12:46:43.174072,0 days 00:00:00.390337,3.0228118095362886,balanced,0.1854087219467856,733,1.3088985678818058e-06,0.9432939987887575,0.9551776574438098,0.4401673972606659,COMPLETE
71,0.90128755364757,2025-12-20 12:46:43.174299,2025-12-20 12:46:43.668113,0 days 00:00:00.493814,5.327250624088923,balanced,0.04936584857974774,943,4.637308502972244e-06,0.9446976685799915,0.9565685038201914,0.37034305930137634,COMPLETE
72,0.893246187363335,2025-12-20 12:46:43.668366,2025-12-20 12:46:44.124092,0 days 00:00:00.455726,33.506983917123165,balanced,0.03679509856926797,990,3.980368419512546e-06,0.9422106734223081,0.9549180327868853,0.3519669771194458,COMPLETE
73,0.896703296702797,2025-12-20 12:46:44.124335,2025-12-20 12:46:44.935616,0 days 00:00:00.811281,8.401119938208494,balanced,0.0010547036010164768,1566,1.7876866509533859e-06,0.9444641021761091,0.9567168607670054,0.389747679233551,COMPLETE
74,0.8986784140964166,2025-12-20 12:46:44.935857,2025-12-20 12:46:45.635429,0 days 00:00:00.699572,16.255705268325475,balanced,0.15075253709446285,1396,2.7893940957950423e-06,0.9454691070511122,0.9573102885542616,0.3950210213661194,COMPLETE
75,0.9032258064511139,2025-12-20 12:46:45.635652,2025-12-20 12:46:46.650588,0 days 00:00:01.014936,5.263358502698282,balanced,0.059796294854481846,1920,4.9873733626087825e-06,0.9446926074300721,0.9562532453082115,0.37223371863365173,COMPLETE
76,0.8850325379604553,2025-12-20 12:46:46.650827,2025-12-20 12:46:47.541196,0 days 00:00:00.890369,77.72151015676924,balanced,0.0808306544850117,1802,6.7617126002409715e-06,0.934863330442498,0.946480231436837,0.29455870389938354,COMPLETE
77,0.8908296943226448,2025-12-20 12:46:47.541425,2025-12-20 12:46:48.273182,0 days 00:00:00.731757,1.0797437109449641,,0.05652726278291367,1319,5.191032764548638e-06,0.9371177692077682,0.9490764780060826,0.419563353061676,COMPLETE
78,0.8973214285709287,2025-12-20 12:46:48.273427,2025-12-20 12:46:48.500787,0 days 00:00:00.227360,2.8680966757558926,balanced,0.10274823359063714,434,1.0039335452296669e-05,0.943070846008451,0.9549736666419405,0.4469127655029297,COMPLETE
79,0.8161434977573474,2025-12-20 12:46:48.501019,2025-12-20 12:46:48.569732,0 days 00:00:00.068713,0.0036397344483586748,balanced,0.018615294830212722,1159,1.532421586521185e-05,0.8849210259411114,0.8891217268748609,0.45981040596961975,COMPLETE
80,0.8864628820955704,2025-12-20 12:46:48.569985,2025-12-20 12:46:48.942810,0 days 00:00:00.372825,339.9351327340207,balanced,0.0641332854603395,745,3.747294732198507e-05,0.9424752919310502,0.9528688524590163,0.2697265148162842,COMPLETE
81,0.8959276018094547,2025-12-20 12:46:48.943060,2025-12-20 12:46:49.774960,0 days 00:00:00.831900,4.307453696602444,balanced,0.14705066226020452,1618,3.4270687970997474e-06,0.9438517086982049,0.955474371337438,0.48337435722351074,COMPLETE
82,0.9028077753774708,2025-12-20 12:46:49.775262,2025-12-20 12:46:50.688742,0 days 00:00:00.913480,6.57943625895953,balanced,0.09274431221965986,1792,2.174987685068249e-06,0.9450092348481642,0.9569579408055782,0.3676784634590149,COMPLETE
83,0.8999999999995008,2025-12-20 12:46:50.688981,2025-12-20 12:46:51.621171,0 days 00:00:00.932190,8.622268933249938,balanced,0.09909781796730183,1856,1.2511907866364068e-06,0.9442937478758717,0.9566241376752467,0.3674946129322052,COMPLETE
84,0.8951965065497189,2025-12-20 12:46:51.621465,2025-12-20 12:46:52.477498,0 days 00:00:00.856033,2.288655943269558,balanced,0.041865463181941356,1702,2.461926384859954e-06,0.9417302866571529,0.95380535568578,0.39638927578926086,COMPLETE
85,0.8957871396890789,2025-12-20 12:46:52.477820,2025-12-20 12:46:52.937125,0 days 00:00:00.459305,35.82202413175267,balanced,0.1737594171631258,994,8.03712184975128e-06,0.9413274829916788,0.9535642756472072,0.41138774156570435,COMPLETE
86,0.8944954128435367,2025-12-20 12:46:52.937404,2025-12-20 12:46:53.991988,0 days 00:00:01.054584,21.82885475030323,balanced,0.07830754264661989,2102,0.0003169338392797778,0.943541455081338,0.954936577405237,0.5050672292709351,COMPLETE
87,0.8986784140964166,2025-12-20 12:46:53.992284,2025-12-20 12:46:54.652910,0 days 00:00:00.660626,10.7515275753485,balanced,0.11570494430021835,1330,4.063909797900164e-06,0.9453831453880782,0.9573102885542615,0.3990321457386017,COMPLETE
88,0.9015317286647083,2025-12-20 12:46:54.653200,2025-12-20 12:46:55.408269,0 days 00:00:00.755069,5.593916654285735,balanced,0.2000143787687139,1459,2.0889543351581257e-06,0.9449160852658417,0.9564016022550256,0.3906976282596588,COMPLETE
89,0.9032258064511139,2025-12-20 12:46:55.408586,2025-12-20 12:46:56.179717,0 days 00:00:00.771131,5.982965668834034,,0.21350561327500772,1513,2.017039528063848e-06,0.9448787987846375,0.9565314145834879,0.3691812753677368,COMPLETE
90,0.878980891719247,2025-12-20 12:46:56.180020,2025-12-20 12:46:57.051786,0 days 00:00:00.871766,0.7214494003201425,,0.328505733153095,1503,1.9765310847225417e-06,0.9283010044203286,0.940824122839552,0.36800500750541687,COMPLETE
91,0.90128755364757,2025-12-20 12:46:57.052145,2025-12-20 12:46:57.658157,0 days 00:00:00.606012,6.026900739943695,,0.21042981677378236,1224,1.2759053279048776e-06,0.9453637454123047,0.9566426822935984,0.36781975626945496,COMPLETE
92,0.9039301310038673,2025-12-20 12:46:57.658458,2025-12-20 12:46:58.275671,0 days 00:00:00.617213,6.29221043618295,,0.23096543645321052,1244,1.3439422131612536e-06,0.9460397403209473,0.9572175654625028,0.39683079719543457,COMPLETE
93,0.896703296702797,2025-12-20 12:46:58.275968,2025-12-20 12:46:59.599442,0 days 00:00:01.323474,3.312951498941133,,0.24388902321357192,2354,1.540741311025555e-06,0.9429027969031799,0.9546398635116089,0.41615429520606995,COMPLETE
94,0.8908296943226448,2025-12-20 12:46:59.599668,2025-12-20 12:47:00.533030,0 days 00:00:00.933362,1.2631021730613727,,0.19621809732326073,1757,1.1626794056589989e-06,0.9367464632791764,0.9488724872042134,0.414915531873703,COMPLETE
95,0.8923076923071926,2025-12-20 12:47:00.533325,2025-12-20 12:47:01.501351,0 days 00:00:00.968026,1.9714111877054339,,0.22872728913380252,1939,1.9997240896269184e-06,0.9398314233366503,0.9520250723240115,0.4243457317352295,COMPLETE
96,0.8986784140964166,2025-12-20 12:47:01.501719,2025-12-20 12:47:02.242879,0 days 00:00:00.741160,7.410472846205068,,0.4492275924460759,1497,1.0039285478589206e-06,0.9449865978970494,0.9565870484385431,0.39639320969581604,COMPLETE
97,0.8973214285709287,2025-12-20 12:47:02.243107,2025-12-20 12:47:03.066552,0 days 00:00:00.823445,3.838895203343796,,0.019206367399600445,1638,2.5107068898038307e-06,0.9446286206185848,0.9558081744677694,0.43686285614967346,COMPLETE
98,0.9008620689650183,2025-12-20 12:47:03.066893,2025-12-20 12:47:04.135221,0 days 00:00:01.068328,5.850030900938562,,0.34378161858796663,2150,1.549882263656343e-06,0.9442213181640244,0.9558638083228247,0.36687153577804565,COMPLETE
99,0.8971553610498288,2025-12-20 12:47:04.135521,2025-12-20 12:47:04.823715,0 days 00:00:00.688194,2.5165129299640956,,0.053614095314522194,1364,1.6926115923734812e-06,0.9421124663384411,0.9542504265262222,0.40522971749305725,COMPLETE
100,0.8641425389750012,2025-12-20 12:47:04.823950,2025-12-20 12:47:04.851067,0 days 00:00:00.027117,0.46330386962810627,,0.4012578930670687,1846,0.008428089291516106,0.9158861200582138,0.9307729396929011,0.4598151445388794,COMPLETE
101,0.8963963963958964,2025-12-20 12:47:04.851271,2025-12-20 12:47:05.655680,0 days 00:00:00.804409,11.251341116128327,,0.17876230486944583,1597,1.3134608745794878e-06,0.9450166297265398,0.9566612269119502,0.46192267537117004,COMPLETE
102,0.9004329004324013,2025-12-20 12:47:05.655976,2025-12-20 12:47:06.252884,0 days 00:00:00.596908,6.682902237000812,,0.29048066134973927,1185,1.2435322016657868e-06,0.9452107043411466,0.9568837623321712,0.37681928277015686,COMPLETE
103,0.8995633187767932,2025-12-20 12:47:06.253106,2025-12-20 12:47:06.902798,0 days 00:00:00.649692,5.7732984479846685,,0.25960622737570205,1247,2.2696113703511047e-06,0.9445753225722925,0.9563459683999703,0.3998049795627594,COMPLETE
104,0.8957871396890789,2025-12-20 12:47:06.903037,2025-12-20 12:47:07.703537,0 days 00:00:00.800500,3.953908058436665,,0.22106460312087783,1447,1.917652902963755e-06,0.94377533319884,0.9554372821007343,0.42887982726097107,COMPLETE
105,0.8933333333328335,2025-12-20 12:47:07.703837,2025-12-20 12:47:08.752500,0 days 00:00:01.048663,1.5406590791397614,,0.2057994052800522,2041,2.881905112793428e-06,0.9381523814309278,0.9504673243824643,0.455933541059494,COMPLETE
106,0.9002217294895224,2025-12-20 12:47:08.752722,2025-12-20 12:47:09.249919,0 days 00:00:00.497197,10.99190817310324,,0.13493461111881108,982,1.5025267809863745e-06,0.9464845062968297,0.9581262517617387,0.41480594873428345,COMPLETE
107,0.8951965065497189,2025-12-20 12:47:09.250152,2025-12-20 12:47:10.059868,0 days 00:00:00.809716,4.92500547583016,balanced,0.5648022682999331,1693,0.00010104714609579499,0.9426587223381534,0.9547511312217194,0.3841741979122162,COMPLETE
108,0.8971553610498288,2025-12-20 12:47:10.060101,2025-12-20 12:47:10.724341,0 days 00:00:00.664240,2.136916412476405,balanced,0.09487960037029888,1280,1.1312340753692538e-06,0.9412964860302653,0.9532490171352274,0.40537911653518677,COMPLETE
109,0.8918918918913918,2025-12-20 12:47:10.724615,2025-12-20 12:47:11.530813,0 days 00:00:00.806198,22.574871142924582,,0.3046417305204209,1580,2.4604493680968346e-06,0.9429838472912174,0.9545100511831467,0.4592311978340149,COMPLETE
110,0.8884120171668832,2025-12-20 12:47:11.531111,2025-12-20 12:47:12.444884,0 days 00:00:00.913773,8.530983938845647,balanced,0.8910802250101223,1930,1.0115990014043194e-06,0.9406837495870969,0.9523959646910467,0.3288232982158661,COMPLETE
111,0.8999999999995008,2025-12-20 12:47:12.445107,2025-12-20 12:47:13.533203,0 days 00:00:01.088096,5.348183242387457,,0.3653764292938254,2154,1.5130045192138467e-06,0.9436475903958389,0.9556041836659002,0.3835345506668091,COMPLETE
112,0.8947368421047636,2025-12-20 12:47:13.533487,2025-12-20 12:47:14.414637,0 days 00:00:00.881150,2.820757604592005,,0.19021719876154214,1783,1.83061472815949e-06,0.941946946596814,0.9542133372895186,0.42080026865005493,COMPLETE
113,0.8965517241374322,2025-12-20 12:47:14.414931,2025-12-20 12:47:15.624275,0 days 00:00:01.209344,6.457478271936006,,0.2408883130928495,2504,1.3566137609245862e-06,0.9434285905648248,0.955622728284252,0.36402222514152527,COMPLETE
114,0.8937093275483078,2025-12-20 12:47:15.624586,2025-12-20 12:47:16.731928,0 days 00:00:01.107342,13.423962163933258,,0.1633058588615219,2236,3.1816591633783046e-06,0.9435207109257916,0.9554372821007344,0.36820846796035767,COMPLETE
115,0.898047722342234,2025-12-20 12:47:16.732276,2025-12-20 12:47:17.413576,0 days 00:00:00.681300,3.945074455096728,,0.26638849136544823,1375,1.6590095741794013e-06,0.9437870751294817,0.9552518359172167,0.3891727030277252,COMPLETE
116,0.9019607843132261,2025-12-20 12:47:17.413808,2025-12-20 12:47:18.175321,0 days 00:00:00.761513,6.443967819134961,balanced,0.06753436013230392,1485,2.3145098642002422e-06,0.9450997445198841,0.9571062977523922,0.3834589719772339,COMPLETE
117,0.8999999999995008,2025-12-20 12:47:18.175554,2025-12-20 12:47:18.931235,0 days 00:00:00.755681,9.232622875196684,balanced,0.06483429608362569,1503,2.2162020148513896e-06,0.9446140532189446,0.9567910392404124,0.381160169839859,COMPLETE
118,0.8951965065497189,2025-12-20 12:47:18.931464,2025-12-20 12:47:19.523492,0 days 00:00:00.592028,1.7137479618010079,balanced,0.03562333351082972,1123,5.023003450743989e-06,0.9403298782781269,0.9521363400341221,0.4082285165786743,COMPLETE
119,0.8951965065497189,2025-12-20 12:47:19.523801,2025-12-20 12:47:19.948354,0 days 00:00:00.424553,40.76179948335733,balanced,0.0020447413901354544,886,3.5543846286487336e-06,0.9433333871844474,0.9557525406127142,0.37495261430740356,COMPLETE
120,0.8942731277528042,2025-12-20 12:47:19.948630,2025-12-20 12:47:20.536519,0 days 00:00:00.587889,19.606234051498802,balanced,0.1117393513831092,1222,1.243877080782498e-06,0.9448753477874423,0.9564572361100809,0.40360963344573975,COMPLETE
121,0.9019607843132261,2025-12-20 12:47:20.536820,2025-12-20 12:47:21.410802,0 days 00:00:00.873982,6.221291411599971,balanced,0.33564103504690457,1703,1.941737166371869e-06,0.944102080522255,0.9562532453082117,0.37972187995910645,COMPLETE
122,0.8973214285709287,2025-12-20 12:47:21.411133,2025-12-20 12:47:22.304896,0 days 00:00:00.893763,3.4210340321642563,balanced,0.08400118027468631,1727,2.7604114064877355e-06,0.9443386649150258,0.9553631036273275,0.43307673931121826,COMPLETE
123,0.894854586129254,2025-12-20 12:47:22.305188,2025-12-20 12:47:23.055068,0 days 00:00:00.749880,13.128620931578297,balanced,0.4199071406800347,1441,1.923894556277814e-06,0.942238538512472,0.9543246049996291,0.42545250058174133,COMPLETE
124,0.8993576017125634,2025-12-20 12:47:23.055290,2025-12-20 12:47:23.865279,0 days 00:00:00.809989,6.907604456637379,balanced,0.1393526227215291,1559,2.3235893106522917e-06,0.9445841312425907,0.9565685038201914,0.3611999750137329,COMPLETE
125,0.8971553610498288,2025-12-20 12:47:23.865509,2025-12-20 12:47:24.558704,0 days 00:00:00.693195,2.548456148698304,balanced,0.05196970453948167,1341,1.4668148314204697e-06,0.9421411290039782,0.9540649803427045,0.39877086877822876,COMPLETE
126,0.90128755364757,2025-12-20 12:47:24.558953,2025-12-20 12:47:25.423859,0 days 00:00:00.864906,4.66815184291122,balanced,0.2072441433714063,1644,2.002108265304176e-06,0.9444013656793625,0.9561234329797493,0.36758336424827576,COMPLETE
127,0.8874458874453883,2025-12-20 12:47:25.424087,2025-12-20 12:47:26.459627,0 days 00:00:01.035540,0.841620325195331,balanced,0.021195759409419965,1878,4.002364083343163e-06,0.9355627476857182,0.9473332838810178,0.40632763504981995,COMPLETE
128,0.8929384965826436,2025-12-20 12:47:26.459869,2025-12-20 12:47:26.993650,0 days 00:00:00.533781,27.017223139757952,balanced,0.07313050589786954,1081,2.844115466060954e-06,0.9414904013318959,0.9539537126325941,0.5121734142303467,COMPLETE
129,0.8986784140964166,2025-12-20 12:47:26.994010,2025-12-20 12:47:27.980339,0 days 00:00:00.986329,8.515539510881977,balanced,0.15166313126859288,2005,1.0155004105828839e-06,0.945192763640664,0.9569208515688746,0.39486297965049744,COMPLETE
130,0.8977777777772779,2025-12-20 12:47:27.980636,2025-12-20 12:47:28.744873,0 days 00:00:00.764237,14.625241338385523,balanced,0.04578653966449805,1494,1.2046493529272162e-06,0.9441602336744374,0.95591944217788,0.40928545594215393,COMPLETE
131,0.898047722342234,2025-12-20 12:47:28.745165,2025-12-20 12:47:29.614559,0 days 00:00:00.869394,4.590738980903424,balanced,0.19999815205408628,1685,2.043067990951235e-06,0.9442191461821556,0.955771085231066,0.38117721676826477,COMPLETE
132,0.8984881209498249,2025-12-20 12:47:29.614883,2025-12-20 12:47:30.585036,0 days 00:00:00.970153,6.584160415778588,balanced,0.22508182908150842,1810,1.6887684256098321e-06,0.9448659871130057,0.9565314145834879,0.36651867628097534,COMPLETE
133,0.8982300884950754,2025-12-20 12:47:30.585261,2025-12-20 12:47:31.348745,0 days 00:00:00.763484,10.07672972336842,balanced,0.1738263587368546,1622,2.435348162257392e-06,0.9439622803002818,0.9564016022550256,0.4002191722393036,COMPLETE
134,0.894854586129254,2025-12-20 12:47:31.349014,2025-12-20 12:47:31.992994,0 days 00:00:00.643980,3.3308968127972953,balanced,0.10753089823207694,1289,1.364295677868955e-06,0.9432080432814562,0.954936577405237,0.438218891620636,COMPLETE
135,0.8959276018094547,2025-12-20 12:47:31.993211,2025-12-20 12:47:32.709602,0 days 00:00:00.716391,4.548255950158476,balanced,0.1320972104594087,1384,1.8643617257105694e-06,0.9441117750319372,0.9555670944291966,0.4687337875366211,COMPLETE
136,0.8947368421047636,2025-12-20 12:47:32.709939,2025-12-20 12:47:33.593624,0 days 00:00:00.883685,2.3033057779420307,balanced,0.2095571190324669,1666,3.0294379803688882e-06,0.9409483319626598,0.9532675617535791,0.4103758633136749,COMPLETE
137,0.8888888888883896,2025-12-20 12:47:33.593853,2025-12-20 12:47:34.243649,0 days 00:00:00.649796,1.3900514591214919,balanced,0.2755081180675474,1198,3.6735524793865574e-06,0.9365713520069466,0.948742674875751,0.39948979020118713,COMPLETE
138,0.8918918918913918,2025-12-20 12:47:34.243942,2025-12-20 12:47:34.731004,0 days 00:00:00.487062,5.5264627905007115,balanced,0.6662369132174296,982,2.114861403182404e-06,0.9431259298911359,0.955233291298865,0.47543179988861084,COMPLETE
139,0.9004329004324013,2025-12-20 12:47:34.731242,2025-12-20 12:47:35.509624,0 days 00:00:00.778382,11.152738036024587,balanced,0.09080655959385252,1526,6.601575832589939e-06,0.9452170036966332,0.9569579408055782,0.35383230447769165,COMPLETE
140,0.8914027149316266,2025-12-20 12:47:35.509848,2025-12-20 12:47:36.370032,0 days 00:00:00.860184,18.349254658794703,balanced,0.1668488248001746,1793,0.000775670964604143,0.9435111623102735,0.9554558267190861,0.47104692459106445,COMPLETE
141,0.8991228070170443,2025-12-20 12:47:36.370329,2025-12-20 12:47:37.377403,0 days 00:00:01.007074,6.415988938192207,,0.33797981235592295,1897,1.6231781035128866e-06,0.9448831491880312,0.9565685038201913,0.39562252163887024,COMPLETE
142,0.893905191873089,2025-12-20 12:47:37.377715,2025-12-20 12:47:38.424015,0 days 00:00:01.046300,4.0983163002804,,0.4781785680030479,2091,1.44305467434358e-06,0.9422730599584217,0.954250426526222,0.4645965099334717,COMPLETE
143,0.9028077753774708,2025-12-20 12:47:38.424258,2025-12-20 12:47:39.326389,0 days 00:00:00.902131,7.202848432887089,balanced,0.03088647283121372,1723,1.2253164024173642e-06,0.9455033497192964,0.9574030116460204,0.3728479743003845,COMPLETE
144,0.9008620689650183,2025-12-20 12:47:39.326679,2025-12-20 12:47:40.146602,0 days 00:00:00.819923,7.5877080328112765,balanced,0.027531975614826915,1619,1.1869882680330271e-06,0.9460214196114464,0.9575513685928343,0.37045663595199585,COMPLETE
145,0.8959276018094547,2025-12-20 12:47:40.146892,2025-12-20 12:47:40.870705,0 days 00:00:00.723813,3.086957402600274,balanced,0.011772851055900032,1413,1.861955388971444e-06,0.9437199504048848,0.9552889251539204,0.4726923406124115,COMPLETE
146,0.8957871396890789,2025-12-20 12:47:40.871034,2025-12-20 12:47:41.267445,0 days 00:00:00.396411,9.119868812326681,balanced,0.05481747523357585,790,2.5614983011594197e-06,0.9438461772466475,0.9563088791632668,0.4094459116458893,COMPLETE
147,0.8590604026840638,2025-12-20 12:47:41.267739,2025-12-20 12:47:41.590478,0 days 00:00:00.322739,0.07146108922159339,balanced,0.07470679297178529,1739,1.2588696945604771e-06,0.9121173817923032,0.9251724649506714,0.4583503007888794,COMPLETE
148,0.9004329004324013,2025-12-20 12:47:41.590800,2025-12-20 12:47:42.381258,0 days 00:00:00.790458,5.11401221208317,balanced,0.11800516941028949,1548,1.664982825919874e-06,0.9444631101783042,0.956383057636674,0.37994036078453064,COMPLETE
149,0.8933333333328335,2025-12-20 12:47:42.381556,2025-12-20 12:47:43.020545,0 days 00:00:00.638989,1.828018768135308,balanced,0.24535198375670564,1301,1.010717628942239e-06,0.9388548428811603,0.9511163860247757,0.44921839237213135,COMPLETE
150,0.8977777777772779,2025-12-20 12:47:43.020865,2025-12-20 12:47:43.701157,0 days 00:00:00.680292,12.979424550567117,balanced,0.04469577104704449,1411,2.159534628755655e-06,0.9454742960851901,0.9567910392404124,0.42153382301330566,COMPLETE
151,0.898047722342234,2025-12-20 12:47:43.701445,2025-12-20 12:47:44.689382,0 days 00:00:00.987937,6.445135945085314,,0.09491012690277696,1969,1.471724004232406e-06,0.9449435202135781,0.9566983161486536,0.3813307285308838,COMPLETE
152,0.8953229398658697,2025-12-20 12:47:44.689678,2025-12-20 12:47:45.585310,0 days 00:00:00.895632,3.7271760924243265,,0.18609936264350446,1738,1.5147579465099325e-06,0.9438832306444946,0.9553074697722721,0.42937546968460083,COMPLETE
153,0.8976034858382806,2025-12-20 12:47:45.585538,2025-12-20 12:47:46.464440,0 days 00:00:00.878902,5.122980443678322,balanced,0.34134042922275887,1840,1.1873288603599807e-06,0.9438822972673157,0.9557896298494176,0.3783456087112427,COMPLETE
154,0.898047722342234,2025-12-20 12:47:46.464734,2025-12-20 12:47:47.296201,0 days 00:00:00.831467,8.545029142822118,,0.23527263291432077,1661,1.8070375369251658e-06,0.9448221485095986,0.9565870484385431,0.3705919086933136,COMPLETE
155,0.892778993434949,2025-12-20 12:47:47.296465,2025-12-20 12:47:48.037102,0 days 00:00:00.740637,2.8088624058126643,balanced,0.29470754808225086,1495,3.16342266270726e-06,0.9413765980083147,0.9538053556857801,0.41111817955970764,COMPLETE
156,0.894854586129254,2025-12-20 12:47:48.037415,2025-12-20 12:47:49.044955,0 days 00:00:01.007540,12.169294610530576,balanced,0.06669023844911381,1999,2.4784410079333287e-06,0.9436360779971606,0.9560307098879905,0.4369552731513977,COMPLETE
157,0.8989247311822969,2025-12-20 12:47:49.045250,2025-12-20 12:47:50.017892,0 days 00:00:00.972642,6.5843241219792175,balanced,0.20965950740925132,1891,1.3830999940854511e-06,0.9448053290848395,0.9565685038201914,0.36193981766700745,COMPLETE
158,0.8412017167376987,2025-12-20 12:47:50.018122,2025-12-20 12:47:50.282550,0 days 00:00:00.264428,0.028264458259500674,,0.025919117970438915,1585,2.11560624653689e-06,0.9081793581751406,0.9196647133002003,0.41587987542152405,COMPLETE
159,0.8977777777772779,2025-12-20 12:47:50.282802,2025-12-20 12:47:51.340231,0 days 00:00:01.057429,3.876152031290892,balanced,0.5419403751771948,2170,1.732553326106539e-06,0.9415487554966667,0.9536013648839107,0.42384764552116394,COMPLETE
160,0.8919540229880059,2025-12-20 12:47:51.340464,2025-12-20 12:47:52.529193,0 days 00:00:01.188729,20.514520899942706,balanced,0.25921241303190534,2392,5.1289382784149534e-05,0.94132251606093,0.952896669386544,0.498598575592041,COMPLETE
161,0.8984881209498249,2025-12-20 12:47:52.529473,2025-12-20 12:47:53.373095,0 days 00:00:00.843622,7.922396028480565,balanced,0.02889810474089865,1628,1.2892446936386593e-06,0.944995517666071,0.9571062977523922,0.36731868982315063,COMPLETE
162,0.9023861171361602,2025-12-20 12:47:53.373393,2025-12-20 12:47:54.271662,0 days 00:00:00.898269,5.719244444191867,balanced,0.04311850332456193,1758,1.1515777735740637e-06,0.9450635960675242,0.956753950003709,0.37978214025497437,COMPLETE
163,0.8976034858382806,2025-12-20 12:47:54.271900,2025-12-20 12:47:55.167934,0 days 00:00:00.896034,5.434606140906825,balanced,0.4225509827732806,1789,1.0162866263283806e-06,0.9436790186704948,0.9555856390475485,0.3809043765068054,COMPLETE
164,0.8971553610498288,2025-12-20 12:47:55.168228,2025-12-20 12:47:55.906115,0 days 00:00:00.737887,2.6070968631991627,balanced,0.06818521744493072,1439,1.588609137608551e-06,0.9423477094981147,0.9542875157629256,0.40112343430519104,COMPLETE
165,0.8982300884950754,2025-12-20 12:47:55.906424,2025-12-20 12:47:56.755604,0 days 00:00:00.849180,10.433792651942365,balanced,0.004653407814466305,1715,1.2071265933888225e-06,0.9455184415885723,0.9573473777909651,0.4001791477203369,COMPLETE
166,0.8997772828502795,2025-12-20 12:47:56.755907,2025-12-20 12:47:57.381596,0 days 00:00:00.625689,4.065078464163667,,0.1520823432427341,1239,2.0521277930349754e-06,0.944470712103499,0.9558267190861213,0.43374305963516235,COMPLETE
167,0.644314868804228,2025-12-20 12:47:57.381858,2025-12-20 12:47:57.403642,0 days 00:00:00.021784,0.00016442326066507193,balanced,0.04461819364127883,2106,2.7095826902093776e-06,0.4752688172043011,0.5,0.5,COMPLETE
168,0.7412008281568534,2025-12-20 12:47:57.403845,2025-12-20 12:47:57.467631,0 days 00:00:00.063786,0.0013946444279618457,balanced,0.12291224549256619,1930,0.00011281633132303235,0.7830982272267499,0.7965469920629034,0.4940715730190277,COMPLETE
169,0.8991228070170443,2025-12-20 12:47:57.467898,2025-12-20 12:47:58.261467,0 days 00:00:00.793569,15.951548351349233,balanced,0.09313768999699631,1544,1.4769705452453084e-06,0.9452691714730503,0.9569393961872265,0.39230355620384216,COMPLETE
170,0.8984881209498249,2025-12-20 12:47:58.261741,2025-12-20 12:47:59.678286,0 days 00:00:01.416545,5.533904328846594,,0.0016509151965430624,2799,1.1501495631769165e-06,0.9449825404847312,0.9564201468733774,0.3779447078704834,COMPLETE
171,0.9006622516551295,2025-12-20 12:47:59.678587,2025-12-20 12:48:00.513232,0 days 00:00:00.834645,7.623951888628842,balanced,0.026003446846495595,1630,1.2288568109520075e-06,0.9452550311527231,0.9572731993175579,0.39735519886016846,COMPLETE
172,0.8989247311822969,2025-12-20 12:48:00.513456,2025-12-20 12:48:01.432592,0 days 00:00:00.919136,7.3905181718514035,balanced,0.052481628265766314,1803,1.7465172777061424e-06,0.9453279685617673,0.9570692085156887,0.3660838007926941,COMPLETE
173,0.8971553610498288,2025-12-20 12:48:01.432840,2025-12-20 12:48:02.188174,0 days 00:00:00.755334,10.755760491639565,balanced,0.03402258898084194,1487,1.0122875365224164e-06,0.9452368682880344,0.9572361100808545,0.3891877830028534,COMPLETE
174,0.8977777777772779,2025-12-20 12:48:02.188404,2025-12-20 12:48:02.887514,0 days 00:00:00.699110,3.271613261929723,balanced,0.06527576807327982,1349,1.4675070103985489e-06,0.9437548525659167,0.9551962020621615,0.4327373802661896,COMPLETE
175,0.8984881209498249,2025-12-20 12:48:02.887866,2025-12-20 12:48:03.747579,0 days 00:00:00.859713,5.05594096204897,balanced,0.08523549580037187,1651,1.8754843525252823e-06,0.9446945116997647,0.9563088791632668,0.3767262101173401,COMPLETE
176,0.90128755364757,2025-12-20 12:48:03.747874,2025-12-20 12:48:04.514239,0 days 00:00:00.766365,7.419571592790707,balanced,0.019340756794724183,1555,2.2842085446582405e-06,0.9451621095384714,0.9572546546992063,0.3679514229297638,COMPLETE
177,0.8971553610498288,2025-12-20 12:48:04.514544,2025-12-20 12:48:05.126455,0 days 00:00:00.611911,2.0364009813582222,balanced,0.017096203497339403,1171,2.302871384599089e-06,0.9413565982174319,0.9531933832801721,0.4148401916027069,COMPLETE
178,0.8957871396890789,2025-12-20 12:48:05.126676,2025-12-20 12:48:05.813610,0 days 00:00:00.686934,4.195530097297156,balanced,0.19326177490635277,1322,2.967231693564907e-06,0.9437924037639626,0.9554001928640309,0.4316454529762268,COMPLETE
179,0.8962472406176017,2025-12-20 12:48:05.813908,2025-12-20 12:48:06.556827,0 days 00:00:00.742919,13.497988718476671,,0.3145510102824717,1458,2.3313745414413487e-06,0.9449690771498294,0.9560863437430458,0.38854625821113586,COMPLETE
180,0.9008620689650183,2025-12-20 12:48:06.557115,2025-12-20 12:48:07.499887,0 days 00:00:00.942772,5.8530495705756636,balanced,0.22199594980792944,1735,4.688429250388354e-06,0.944757914516223,0.9562347006898598,0.3661034107208252,COMPLETE
181,0.8982300884950754,2025-12-20 12:48:07.500116,2025-12-20 12:48:08.313584,0 days 00:00:00.813468,8.230428510391476,balanced,0.040629757533616855,1567,1.2878475454536545e-06,0.94494302224694,0.9566797715303019,0.40778258442878723,COMPLETE
182,0.9006622516551295,2025-12-20 12:48:08.313823,2025-12-20 12:48:09.146541,0 days 00:00:00.832718,7.7994630943141905,balanced,0.034127765811657905,1593,1.603965552098465e-06,0.9456575766009253,0.9575142793561309,0.4068842828273773,COMPLETE
183,0.8997772828502795,2025-12-20 12:48:09.146773,2025-12-20 12:48:10.071079,0 days 00:00:00.924306,10.021196719606728,balanced,0.017599386764596252,1842,1.1833134850762885e-06,0.9441280493679669,0.9564572361100809,0.42723000049591064,COMPLETE
184,0.8959276018094547,2025-12-20 12:48:10.071302,2025-12-20 12:48:10.977371,0 days 00:00:00.906069,3.583458861581796,balanced,0.06578640193167973,1709,1.9093716475680987e-06,0.9441657694793444,0.9553445590089756,0.47426560521125793,COMPLETE
185,0.9028077753774708,2025-12-20 12:48:10.977601,2025-12-20 12:48:12.048779,0 days 00:00:01.071178,6.112850984832473,balanced,0.10590801219254081,2014,1.420240364727356e-06,0.9451447703370675,0.9568095838587642,0.3732004165649414,COMPLETE
186,0.8999999999995008,2025-12-20 12:48:12.049016,2025-12-20 12:48:13.230231,0 days 00:00:01.181215,4.808486303976945,balanced,0.10307215325177604,2289,1.4914080771523696e-06,0.9444728801830065,0.9560492545063424,0.38553231954574585,COMPLETE
187,0.8947368421047636,2025-12-20 12:48:13.230457,2025-12-20 12:48:14.262814,0 days 00:00:01.032357,3.072767541940642,balanced,0.14574832624080328,1935,2.1653457871858547e-06,0.9429368695940467,0.9546584081299607,0.41021427512168884,COMPLETE
188,0.8969957081540078,2025-12-20 12:48:14.263053,2025-12-20 12:48:15.322073,0 days 00:00:01.059020,6.046539411616184,,0.3816725916063662,2056,3.582564325907222e-06,0.9437228685149934,0.9555670944291966,0.35634490847587585,COMPLETE
189,0.8962472406176017,2025-12-20 12:48:15.322299,2025-12-20 12:48:16.243435,0 days 00:00:00.921136,15.836025844977119,balanced,0.1722003809081436,1836,2.6406508327713856e-06,0.944035660222362,0.9555300051924931,0.39911672472953796,COMPLETE
190,0.8951965065497189,2025-12-20 12:48:16.243721,2025-12-20 12:48:17.264480,0 days 00:00:01.020759,2.2740771193028717,balanced,0.12871712696187104,2028,1.7728636331484172e-06,0.9412129419379222,0.9533973740820414,0.398994505405426,COMPLETE
191,0.8991228070170443,2025-12-20 12:48:17.264773,2025-12-20 12:48:18.028459,0 days 00:00:00.763686,7.436526649020973,balanced,0.052233246291774955,1490,0.0017393456857692524,0.9451229616951401,0.9570692085156888,0.3850865960121155,COMPLETE
192,0.8991228070170443,2025-12-20 12:48:18.028688,2025-12-20 12:48:18.849630,0 days 00:00:00.820942,9.452912784462164,balanced,0.08187734868704816,1644,1.325236145176859e-06,0.9442000535943679,0.9566426822935984,0.383587509393692,COMPLETE
193,0.898047722342234,2025-12-20 12:48:18.849883,2025-12-20 12:48:19.759104,0 days 00:00:00.909221,4.253727139859107,balanced,9.795443179788296e-05,1746,1.1528649545541175e-06,0.9448407962578053,0.9560863437430458,0.38441506028175354,COMPLETE
194,0.9023861171361602,2025-12-20 12:48:19.759401,2025-12-20 12:48:20.483816,0 days 00:00:00.724415,6.234274872572102,balanced,0.10495188148067004,1396,1.5075232759250684e-06,0.9457756220853357,0.9573659224093168,0.38285863399505615,COMPLETE
195,0.9023861171361602,2025-12-20 12:48:20.484045,2025-12-20 12:48:21.178813,0 days 00:00:00.694768,5.2842463919563984,balanced,0.11987208970603118,1350,1.5752490573740992e-06,0.9451892371503103,0.9566983161486536,0.3840692937374115,COMPLETE
196,0.8989247311822969,2025-12-20 12:48:21.179039,2025-12-20 12:48:21.738249,0 days 00:00:00.559210,5.290040524870315,balanced,0.11875898597610209,1064,1.920834957136083e-06,0.9450054483894355,0.9570321192789852,0.3633347451686859,COMPLETE
197,0.9015317286647083,2025-12-20 12:48:21.738474,2025-12-20 12:48:22.433562,0 days 00:00:00.695088,11.145855939796123,balanced,0.10245837099382929,1354,1.4722558021630115e-06,0.9452209944380167,0.9571804762257993,0.38101091980934143,COMPLETE
198,0.8986784140964166,2025-12-20 12:48:22.433796,2025-12-20 12:48:23.121489,0 days 00:00:00.687693,10.648868619987937,balanced,0.13481017194782344,1279,1.4568539989756403e-06,0.9447269359845701,0.9571062977523922,0.40044116973876953,COMPLETE
199,0.8959276018094547,2025-12-20 12:48:23.121708,2025-12-20 12:48:23.862960,0 days 00:00:00.741252,3.366427312452398,balanced,0.10671696580173837,1386,1.0110123971827811e-06,0.9436576967697765,0.9554001928640309,0.4677298665046692,COMPLETE
