number,value,datetime_start,datetime_complete,duration,params_alpha,params_colsample_bytree,params_early_stopping_rounds,params_gamma,params_lambda,params_learning_rate,params_max_depth,params_min_child_weight,params_num_boost_round,params_subsample,user_attrs_mae,user_attrs_r2,user_attrs_rmse,user_attrs_spearman_rho,state
0,0.39600690315293274,2025-12-22 01:19:23.378019,2025-12-22 01:19:25.127514,0 days 00:00:01.749495,0.06095433687067153,0.8017882919973174,180,3.612169395674777,2.0738634442403135e-08,0.21682147593517548,5,0.7970253633035344,1433,0.6232691302679988,0.9214914441108704,0.1458907127380371,1.3784645795822144,0.39600690315293274,COMPLETE
1,0.3914399494484175,2025-12-22 01:19:25.127710,2025-12-22 01:19:25.367180,0 days 00:00:00.239470,0.0006589442331695551,0.7080833049631696,132,3.4853745752514587,0.008545304151666145,0.025009517027268172,4,0.8507808265438087,1240,0.5306919644859354,0.9344691634178162,0.14548230171203613,1.3787940740585327,0.3914399494484175,COMPLETE
2,0.2076590577973949,2025-12-22 01:19:25.367314,2025-12-22 01:19:25.840732,0 days 00:00:00.473418,1.6620565119639486e-05,0.31751197260033265,168,7.335532651810166,2.4322662840887935e-10,0.0016367831689942764,13,0.21728483323027736,1747,0.7588588080175466,1.066121220588684,0.020395994186401367,1.4762643575668335,0.2076590577973949,COMPLETE
3,0.0,2025-12-22 01:19:25.840852,2025-12-22 01:19:25.978618,0 days 00:00:00.137766,0.000357195250149106,0.499315101270254,182,5.650370464732887,0.04298470671853412,0.1352607585121167,11,290.57192581948215,1279,0.5782969533781479,1.1208627223968506,-0.0202486515045166,1.5065789222717285,0.0,COMPLETE
4,0.44168710477920786,2025-12-22 01:19:25.978730,2025-12-22 01:19:27.912491,0 days 00:00:01.933761,0.008059716883710082,0.9592919756222935,108,0.8573032205764863,9.351343489691912e-08,0.002339160746783549,7,0.03841163965115605,1394,0.6743849544087557,0.9033547043800354,0.17631655931472778,1.353689432144165,0.44168710477920786,COMPLETE
5,0.41128165931887756,2025-12-22 01:19:27.912726,2025-12-22 01:19:28.754487,0 days 00:00:00.841761,9.112571658521739e-06,0.8969703031928804,86,4.1756248161959615,28.03727773024698,0.006862514144523088,6,60.86121293334072,1246,0.9615680437923673,0.9607623219490051,0.15280908346176147,1.3728703260421753,0.41128165931887756,COMPLETE
6,0.22326815627527105,2025-12-22 01:19:28.754621,2025-12-22 01:19:28.997405,0 days 00:00:00.242784,0.12016435173015108,0.401492025160085,183,9.639387232567364,0.00010128371436518545,0.005287591928195256,3,0.12837913762961461,1730,0.9174106822437795,1.0576343536376953,0.02803516387939453,1.4704970121383667,0.22326815627527105,COMPLETE
7,0.34005907656214357,2025-12-22 01:19:28.997520,2025-12-22 01:19:30.187130,0 days 00:00:01.189610,3.52015777754587e-07,0.6579475056408894,147,2.255134244956707,2.8817282521752245,0.003496556555166391,10,0.01580256767120501,1395,0.7966282698947404,0.9387890696525574,0.10126703977584839,1.4140156507492065,0.34005907656214357,COMPLETE
8,0.2652304126012329,2025-12-22 01:19:30.187334,2025-12-22 01:19:30.749113,0 days 00:00:00.561779,0.00014403532006014818,0.9426723463969118,197,5.907042156752653,20.170050763665074,0.006073420099802334,10,22.763353373026423,830,0.5507374161802938,1.0343488454818726,0.0553322434425354,1.449700951576233,0.2652304126012329,COMPLETE
9,0.32472134998562163,2025-12-22 01:19:30.749261,2025-12-22 01:19:30.826363,0 days 00:00:00.077102,0.00968248206246131,0.8663346599688875,68,6.387698738853747,34.17057561531981,0.08255616775293159,9,137.0850889062337,1600,0.90427346327337,1.0380929708480835,0.05571013689041138,1.4494109153747559,0.32472134998562163,COMPLETE
10,0.13365485653344572,2025-12-22 01:19:30.826472,2025-12-22 01:19:30.877765,0 days 00:00:00.051293,41.345162941541176,0.9867240197331614,26,0.02247548450242398,3.5221897267959586e-07,0.001122361413256743,16,0.005044156025802264,107,0.6505120796893675,1.1220667362213135,-0.02068614959716797,1.5069018602371216,0.13365485653344572,COMPLETE
11,0.5226470983769174,2025-12-22 01:19:30.877878,2025-12-22 01:19:31.345273,0 days 00:00:00.467395,2.4697921121087713e-10,0.8063212212040267,89,0.05394407897902487,2.59438267203002e-06,0.015830300779165016,7,9.470213159101451,817,0.9955533531226803,0.8399197459220886,0.18547183275222778,1.3461452722549438,0.5226470983769174,COMPLETE
12,0.3627202064758325,2025-12-22 01:19:31.345383,2025-12-22 01:19:31.665118,0 days 00:00:00.319735,2.9847474621921324e-10,0.7739401289564146,101,0.2037777114607877,2.9959148714872932e-06,0.028423188676428138,6,6.7107794054121666,661,0.7018274655793959,0.9242939352989197,0.08002418279647827,1.4306291341781616,0.3627202064758325,COMPLETE
13,0.3545395914617747,2025-12-22 01:19:31.665232,2025-12-22 01:19:32.037347,0 days 00:00:00.372115,1.5101538265023685e-10,0.5600550666458107,54,1.4811547423776392,3.9571024721514616e-09,0.01328545403975694,8,0.001058227341348754,443,0.8313476796589231,0.9385790228843689,0.09408724308013916,1.4196525812149048,0.3545395914617747,COMPLETE
14,0.3422908069140361,2025-12-22 01:19:32.037452,2025-12-22 01:19:32.142388,0 days 00:00:00.104936,2.982822292935753e-08,0.810901520666118,114,1.786504080135906,2.353728733471735e-05,0.06018801657059134,2,3.785732073207598,915,0.9952749392407387,0.9480504989624023,0.08560365438461304,1.4262843132019043,0.3422908069140361,COMPLETE
15,0.3084405863704358,2025-12-22 01:19:32.142490,2025-12-22 01:19:33.352958,0 days 00:00:01.210468,14.014061924537488,0.9803626332519149,76,0.7855031117176052,0.00046353866453415735,0.002171197842436828,7,0.04829881052210113,1916,0.7140326259483272,1.0281438827514648,0.05597490072250366,1.4492077827453613,0.3084405863704358,COMPLETE
16,0.3323808669954138,2025-12-22 01:19:33.353070,2025-12-22 01:19:33.817738,0 days 00:00:00.464668,2.7898262774437863e-08,0.7093964724974997,117,2.6091517623619325,8.437909164864523e-08,0.012946263969107549,8,3.5926575234550535,554,0.8223942341031241,0.9496584534645081,0.09743160009384155,1.417029619216919,0.3323808669954138,COMPLETE
17,0.431952999237228,2025-12-22 01:19:33.817862,2025-12-22 01:19:33.970497,0 days 00:00:00.152635,1.0345753421653563,0.8635892229114239,45,1.1387282451676348,1.1567103824851051e-06,0.046246163063848,12,0.012118032061739876,1122,0.6531872790165345,0.9097495079040527,0.16257083415985107,1.3649379014968872,0.431952999237228,COMPLETE
18,0.5635865317361576,2025-12-22 01:19:33.970596,2025-12-22 01:19:34.434467,0 days 00:00:00.463871,2.141743056211819e-07,0.5759305024880269,145,2.7963117667553155,0.002456265989954199,0.0029630227343546986,14,16.486731352419124,340,0.8766785836275921,0.916779637336731,0.14866387844085693,1.3762248754501343,0.5635865317361576,COMPLETE
19,0.5645615949398533,2025-12-22 01:19:34.434573,2025-12-22 01:19:34.724622,0 days 00:00:00.290049,3.2324677251999943e-09,0.5655295799410373,147,2.796921240602051,0.006610732377332415,0.009462545334732498,15,23.35492453420052,243,0.8839258104968927,0.8478999733924866,0.20681357383728027,1.3283928632736206,0.5645615949398533,COMPLETE
20,0.46395159881342735,2025-12-22 01:19:34.724725,2025-12-22 01:19:34.802725,0 days 00:00:00.078000,5.81626913194919e-09,0.5619276886059811,145,4.7406642939112364,0.09590770055551667,0.00977165283048364,16,37.219895951621176,61,0.8728509185649914,1.050036072731018,0.04820537567138672,1.4551591873168945,0.46395159881342735,COMPLETE
21,0.44588152920459745,2025-12-22 01:19:34.802823,2025-12-22 01:19:35.048935,0 days 00:00:00.246112,3.087948876729098e-09,0.5588691528421155,156,2.4871012189483905,0.0011886908149073496,0.02086464251053602,14,11.621463095886307,286,0.946075586056488,0.8832928538322449,0.1552361249923706,1.370902419090271,0.44588152920459745,COMPLETE
22,0.4651933917642468,2025-12-22 01:19:35.049041,2025-12-22 01:19:35.287095,0 days 00:00:00.238054,6.651719991208155e-07,0.49582805826412474,136,2.980969387677648,0.34505159858138806,0.004291018018317384,14,111.26936663201239,266,0.9866479331533378,1.0237081050872803,0.06400793790817261,1.4430286884307861,0.4651933917642468,COMPLETE
23,0.2771162677893346,2025-12-22 01:19:35.287204,2025-12-22 01:19:35.527509,0 days 00:00:00.240305,1.3428437613411099e-09,0.6380476894206591,92,4.648214033510941,0.003642821990639855,0.007948395221501127,15,2.221999572869907,796,0.8733817066476505,1.0021315813064575,0.053539276123046875,1.4510760307312012,0.2771162677893346,COMPLETE
24,0.5109802371809516,2025-12-22 01:19:35.527622,2025-12-22 01:19:35.847611,0 days 00:00:00.319989,3.055680445178335e-07,0.4534386276157425,122,7.831746386669254,1.8207855837407498e-05,0.0030996056616518883,12,18.060806767156063,368,0.8753899094256328,0.9866247177124023,0.09606915712356567,1.4180986881256104,0.5109802371809516,COMPLETE
25,0.5193583258763164,2025-12-22 01:19:35.847719,2025-12-22 01:19:36.116543,0 days 00:00:00.268824,7.872540548759103e-08,0.6157144699800697,163,1.9096744954012852,0.00010745755767084799,0.039773119715210165,14,10.390582341301846,626,0.9260086854765366,0.844333291053772,0.19806307554244995,1.3357001543045044,0.5193583258763164,COMPLETE
26,0.0,2025-12-22 01:19:36.116657,2025-12-22 01:19:36.230259,0 days 00:00:00.113602,5.213640898299582e-06,0.7235108913813861,129,3.386115440089068,0.01702115610737499,0.014859736537996831,12,258.11337567085997,170,0.7765077871634112,1.1214306354522705,-0.020476698875427246,1.5067473649978638,0.0,COMPLETE
27,0.5122651542318041,2025-12-22 01:19:36.230362,2025-12-22 01:19:36.619758,0 days 00:00:00.389396,6.931247145151372e-10,0.5993073006256648,147,4.214837659778478,0.303508616122527,0.00975402724770582,15,53.665160601601094,483,0.829515142701079,0.9161045551300049,0.19864332675933838,1.3352168798446655,0.5122651542318041,COMPLETE
28,0.40976122178091134,2025-12-22 01:19:36.619868,2025-12-22 01:19:38.071070,0 days 00:00:01.451202,6.130926073084538e-09,0.3898672341142621,93,0.6382188530629813,0.0005917565056169214,0.0010672742471549187,10,1.6875832432589504,715,0.9630469093352237,0.9705167412757874,0.10853695869445801,1.4082849025726318,0.40976122178091134,COMPLETE
29,0.2957284064334394,2025-12-22 01:19:38.071192,2025-12-22 01:19:38.900091,0 days 00:00:00.828899,1.0114745697591081e-10,0.6708608922200021,169,3.9645189447568305,8.525559366779294e-06,0.0038358835829280036,5,0.5090738647050039,1033,0.880785054464379,0.9792554974555969,0.06673592329025269,1.4409242868423462,0.2957284064334394,COMPLETE
30,0.29146787602813823,2025-12-22 01:19:38.900364,2025-12-22 01:19:39.090881,0 days 00:00:00.190517,2.7473495286239825e-06,0.7677585928258093,74,2.96175234029261,2.9710478864098532e-09,0.020132464182897297,13,0.6879091783502428,227,0.8408017866478553,0.9869023561477661,0.05039012432098389,1.4534879922866821,0.29146787602813823,COMPLETE
31,0.4468863400992535,2025-12-22 01:19:39.090989,2025-12-22 01:19:39.309855,0 days 00:00:00.218866,5.5776285460988196e-08,0.6028130138553027,164,1.9939784985595166,9.825946639501877e-05,0.03774798551668752,14,8.841824726203306,606,0.9260358061990538,0.895285964012146,0.1613970398902893,1.3658941984176636,0.4468863400992535,COMPLETE
32,0.5146317483126386,2025-12-22 01:19:39.309956,2025-12-22 01:19:39.434083,0 days 00:00:00.124127,1.0647728089872769e-07,0.5318482402863727,138,1.5587299429826966,0.00012365896794906963,0.2267025167617891,15,26.324678553305446,407,0.9335588687875921,0.8113278150558472,0.16974198818206787,1.3590811491012573,0.5146317483126386,COMPLETE
33,0.41651794111257634,2025-12-22 01:19:39.434192,2025-12-22 01:19:39.613624,0 days 00:00:00.179432,1.2676747528076448e-08,0.6150208216759304,159,3.3986843669495066,0.002987584348032817,0.030819489388285763,13,11.329610141470551,549,0.9997939249333188,0.9323116540908813,0.09146332740783691,1.421707034111023,0.41651794111257634,COMPLETE
34,0.5851965765692524,2025-12-22 01:19:39.613728,2025-12-22 01:19:39.827038,0 days 00:00:00.213310,8.251973373300275e-10,0.6816058037169627,198,1.4775929636229135,0.018399712190100382,0.1284663427095461,16,90.52092826882352,874,0.9052232716090902,0.8552262187004089,0.22677350044250488,1.3115723133087158,0.5851965765692524,COMPLETE
35,0.0,2025-12-22 01:19:39.827156,2025-12-22 01:19:39.999539,0 days 00:00:00.172383,9.293896998408424e-10,0.6986520970821686,190,1.1582459265102554,0.028586246535808997,0.1450940569727782,16,384.1943053195227,958,0.8903831836336962,1.1216654777526855,-0.020568251609802246,1.5068148374557495,0.0,COMPLETE
36,0.5160365003857597,2025-12-22 01:19:39.999634,2025-12-22 01:19:40.816745,0 days 00:00:00.817111,4.196207159222306e-05,0.7574978119373459,197,0.41771793540253466,1.190893454788415,0.0793771819893496,15,162.62445987491978,1145,0.9633606844510002,0.8624917268753052,0.16547322273254395,1.3625706434249878,0.5160365003857597,COMPLETE
37,0.45922832654874507,2025-12-22 01:19:40.816887,2025-12-22 01:19:41.030271,0 days 00:00:00.213384,1.3082923589505235e-09,0.47295005949473845,177,1.29227596899391,0.007165071070830745,0.28074993975437357,16,68.23289928057406,769,0.8516247754185198,0.8901020884513855,0.19178354740142822,1.3409194946289062,0.45922832654874507,COMPLETE
38,0.34970724433023836,2025-12-22 01:19:41.030373,2025-12-22 01:19:41.422269,0 days 00:00:00.391896,4.0700472315099376e-10,0.8251234366180832,103,2.8249873376485386,2.9918726796115047,0.001991290969689478,4,1.294080813250698,335,0.7888525358067683,1.0238620042800903,0.05858433246612549,1.4472033977508545,0.34970724433023836,COMPLETE
39,0.0,2025-12-22 01:19:41.422373,2025-12-22 01:19:41.532787,0 days 00:00:00.110414,1.1882226757908407e-06,0.6738158453738107,126,2.093883911399064,0.06862529010509805,0.13194301921007023,11,487.3627960194938,893,0.9023476340678125,1.122175693511963,-0.02076852321624756,1.5069626569747925,0.0,COMPLETE
40,0.42267502495663806,2025-12-22 01:19:41.532882,2025-12-22 01:19:42.423281,0 days 00:00:00.890399,3.031601054426423e-09,0.4413003894064266,174,3.817568548680165,0.0013205489210162571,0.0053079733617113645,13,0.34280287208530646,1077,0.507097510319966,0.9437243342399597,0.14461535215377808,1.3794933557510376,0.42267502495663806,COMPLETE
41,0.30082517748462206,2025-12-22 01:19:42.423396,2025-12-22 01:19:42.635556,0 days 00:00:00.212160,1.0513548706945067e-08,0.5273287899406193,154,1.978296615558182,8.52429267462715e-05,0.04808513586474041,14,3.5285042436592486,668,0.9401865413734922,1.0069620609283447,0.002772688865661621,1.4894843101501465,0.30082517748462206,COMPLETE
42,0.6321747911934152,2025-12-22 01:19:42.635684,2025-12-22 01:19:42.923419,0 days 00:00:00.287735,1.2349970898322474e-07,0.63307218072783,164,0.787365071288028,0.00027890813126360103,0.09957962413064442,15,77.84044463128446,550,0.9787970885114934,0.80106520652771,0.2759360074996948,1.2691919803619385,0.6321747911934152,COMPLETE
43,0.5681941185359946,2025-12-22 01:19:42.923531,2025-12-22 01:19:43.279693,0 days 00:00:00.356162,2.822915786857306e-07,0.727949357751828,187,0.8606905779230689,0.010088640507876893,0.09081313556775353,15,90.81508273214395,472,0.9790072231977488,0.8544748425483704,0.24854350090026855,1.292976975440979,0.5681941185359946,COMPLETE
44,0.5241774518118705,2025-12-22 01:19:43.279794,2025-12-22 01:19:43.635915,0 days 00:00:00.356121,2.1389006280422785e-07,0.6441042591056172,188,0.7915412575508634,0.009240861593113207,0.1578471970381428,15,97.38061910953074,495,0.9686189314651305,0.8659680485725403,0.19867724180221558,1.3351885080337524,0.5241774518118705,COMPLETE
45,0.4814366305000397,2025-12-22 01:19:43.636021,2025-12-22 01:19:43.924116,0 days 00:00:00.288095,1.8889829944926594e-05,0.7306285523425801,185,1.1204381335560958,0.17306413972268905,0.0931402166447118,16,211.7985730609978,366,0.911607718660671,0.8877615332603455,0.08233946561813354,1.4288278818130493,0.4814366305000397,COMPLETE
46,0.518631160097289,2025-12-22 01:19:43.924230,2025-12-22 01:19:44.082755,0 days 00:00:00.158525,0.00027717396965034713,0.6761451439749909,173,5.532592229329497,0.024391087922557435,0.11745107570700372,15,41.28292800157262,144,0.6026982122891849,0.8895521759986877,0.22332191467285156,1.314496397972107,0.518631160097289,COMPLETE
47,0.3842884234798353,2025-12-22 01:19:44.082858,2025-12-22 01:19:44.264976,0 days 00:00:00.182118,1.3111428885899163e-06,0.5812079271207937,196,9.672210210252238,0.00044082179212319396,0.19019708471611488,13,75.03833273188137,225,0.8064192058668078,1.0010093450546265,0.0848684310913086,1.4268577098846436,0.3842884234798353,COMPLETE
48,0.559706110715348,2025-12-22 01:19:44.265077,2025-12-22 01:19:44.584295,0 days 00:00:00.319218,0.0028957484817280117,0.6344238137834095,180,0.46122376535145104,1.1544331711110154,0.090424327025289,16,27.66645652542534,529,0.7321511545470726,0.8173441290855408,0.2661541700363159,1.2777365446090698,0.559706110715348,COMPLETE
49,0.5552373464733252,2025-12-22 01:19:44.584398,2025-12-22 01:19:45.315572,0 days 00:00:00.731174,2.327551822905483e-08,0.5358539069342559,200,2.485862987260873,0.004016234472315515,0.0013324523887198268,15,18.969082391277464,445,0.9745978922076136,0.9606865644454956,0.11366313695907593,1.4042301177978516,0.5552373464733252,COMPLETE
50,0.3620134706213936,2025-12-22 01:19:45.315790,2025-12-22 01:19:46.279622,0 days 00:00:00.963832,1.1655889557712928e-07,0.7449846131650438,150,8.531149705791604,9.441237015144052,0.0028539955639946134,14,139.04964174666176,1542,0.8525782576641091,1.0573809146881104,0.03834027051925659,1.4626808166503906,0.3620134706213936,COMPLETE
51,0.5792073747892634,2025-12-22 01:19:46.279748,2025-12-22 01:19:46.632626,0 days 00:00:00.352878,0.029152742482825157,0.6323195278706758,178,0.38209289706756555,0.456948703042329,0.06096372448887766,16,24.94233015020484,521,0.7325511604795595,0.8044015765190125,0.2768493890762329,1.2683912515640259,0.5792073747892634,COMPLETE
52,0.5904156436832715,2025-12-22 01:19:46.632738,2025-12-22 01:19:47.060521,0 days 00:00:00.427783,0.528179712148495,0.7013633770256813,191,0.006382958713031073,0.04121215926262231,0.06041330002232088,16,43.61873178830421,729,0.7702392209106348,0.8236861824989319,0.2710028886795044,1.2735083103179932,0.5904156436832715,COMPLETE
53,0.5676652706967019,2025-12-22 01:19:47.060620,2025-12-22 01:19:47.423501,0 days 00:00:00.362881,0.1635295183100158,0.7053636383167253,189,0.28862030051670606,0.5919434802790037,0.06998869018266805,16,42.83709451371331,716,0.6795840937366316,0.8455459475517273,0.277607798576355,1.267725944519043,0.5676652706967019,COMPLETE
54,0.5076476515349804,2025-12-22 01:19:47.423601,2025-12-22 01:19:47.933840,0 days 00:00:00.510239,0.10512662231264482,0.6953828456908072,191,0.09804709674388702,0.7531147966677728,0.06488465544808604,16,46.12402541716043,719,0.6738532586546933,0.8649283647537231,0.2588830590248108,1.2840508222579956,0.5076476515349804,COMPLETE
55,0.0,2025-12-22 01:19:47.933943,2025-12-22 01:19:48.122902,0 days 00:00:00.188959,2.291402136164279,0.7730839185097337,181,0.39218177829159706,6.3428436590057125,0.06245840608721113,16,215.5530691838404,877,0.7624735866009614,1.1222608089447021,-0.020801782608032227,1.50698721408844,0.0,COMPLETE
56,0.546094889451554,2025-12-22 01:19:48.122998,2025-12-22 01:19:48.414701,0 days 00:00:00.291703,0.019295470934527825,0.8362991143546361,191,0.9414457975359725,0.07784330579699317,0.11313280878039496,16,81.56399902361801,951,0.6994920221720667,0.8474266529083252,0.18816161155700684,1.3439207077026367,0.546094889451554,COMPLETE
57,0.35884639605301405,2025-12-22 01:19:48.414802,2025-12-22 01:19:48.874337,0 days 00:00:00.459535,0.37945400454334216,0.7027504224375826,172,0.0043117865368047514,0.4783410993654829,0.07508612411864656,15,5.777880970914669,749,0.7486529348367486,0.9547469615936279,0.062207698822021484,1.4444156885147095,0.35884639605301405,COMPLETE
58,0.5790090568495286,2025-12-22 01:19:48.874434,2025-12-22 01:19:49.189120,0 days 00:00:00.314686,0.002092382953916446,0.6577868212923969,185,1.5701525640484646,0.0412672903331475,0.10708886631479098,16,127.56780154613526,596,0.61792922404921,0.8391817808151245,0.13534599542617798,1.3869476318359375,0.5790090568495286,COMPLETE
59,0.0,2025-12-22 01:19:49.189232,2025-12-22 01:19:49.329808,0 days 00:00:00.140576,0.002058015136804659,0.66045408967445,164,1.398036578274299,50.27251660523148,0.10427953614089784,15,286.237721565863,586,0.5749996275277177,1.1221449375152588,-0.020756125450134277,1.5069535970687866,0.0,COMPLETE
60,0.478372618331138,2025-12-22 01:19:49.329904,2025-12-22 01:19:49.527228,0 days 00:00:00.197324,6.120924724682785,0.7996668531680896,183,1.6127421463444744,0.04679618257826438,0.1710699405976291,14,132.3151112544361,661,0.6294825004636457,0.8998181223869324,0.09068918228149414,1.422312617301941,0.478372618331138,COMPLETE
61,0.581934246460616,2025-12-22 01:19:49.527327,2025-12-22 01:19:49.947284,0 days 00:00:00.419957,0.021538808524963173,0.7398903250564162,200,0.7942801103483783,0.11703760098950439,0.046995578969265796,16,31.94060496376168,836,0.6804230250385516,0.8155824542045593,0.276832640171051,1.2684059143066406,0.581934246460616,COMPLETE
62,0.5264316657268552,2025-12-22 01:19:49.947387,2025-12-22 01:19:50.551582,0 days 00:00:00.604195,0.01900738899519918,0.7346931687194856,197,0.8281507052040546,0.1700772789367853,0.05240132279562021,16,91.25257783935037,825,0.6336193905965438,0.8429551720619202,0.13925212621688843,1.3838112354278564,0.5264316657268552,COMPLETE
63,0.5985632057073734,2025-12-22 01:19:50.551750,2025-12-22 01:19:50.974581,0 days 00:00:00.422831,0.00094442551167928,0.7936954840594953,182,0.5633168565754704,0.019003832566009474,0.036158793281034336,16,29.79358426379181,843,0.721684075236404,0.7863106727600098,0.2685757279396057,1.275626540184021,0.5985632057073734,COMPLETE
64,0.639962075626999,2025-12-22 01:19:50.974699,2025-12-22 01:19:51.414803,0 days 00:00:00.440104,0.0012271639887239203,0.7930291560884012,177,0.5315519012948866,2.331791953716664,0.034235310145365884,16,30.600314289381846,855,0.7249553157223052,0.7801374197006226,0.2834089398384094,1.2626254558563232,0.639962075626999,COMPLETE
65,0.5848594360717033,2025-12-22 01:19:51.414918,2025-12-22 01:19:52.202578,0 days 00:00:00.787660,0.000711034535972673,0.925509976261506,177,0.6300765557990295,15.471757149220894,0.03276198956110523,16,15.718309425747348,861,0.7185383763428371,0.7913249731063843,0.2493222951889038,1.2923067808151245,0.5848594360717033,COMPLETE
66,0.5466501796828114,2025-12-22 01:19:52.202701,2025-12-22 01:19:53.116363,0 days 00:00:00.913662,0.00045680285108996496,0.9112036166445054,168,0.6082887321823456,80.41515642938188,0.028261672303955633,15,15.571171154438446,994,0.6926198739855178,0.8186708092689514,0.20138448476791382,1.3329311609268188,0.5466501796828114,COMPLETE
67,0.31506238904469785,2025-12-22 01:19:53.116495,2025-12-22 01:19:53.441626,0 days 00:00:00.325131,0.0066863280558531486,0.8706291868434678,200,6.557304967412194,14.375292994160915,0.036101715616359456,14,4.557792055733441,1184,0.7279423384289013,1.015761375427246,0.0512959361076355,1.4527946710586548,0.31506238904469785,COMPLETE
68,0.6318376506958662,2025-12-22 01:19:53.441739,2025-12-22 01:19:54.205766,0 days 00:00:00.764027,0.00011506380553267873,0.9184458506261861,195,1.1418123814584609,7.150415494700831,0.02152317950156831,16,33.02876269848321,863,0.6578063210783949,0.795793354511261,0.2932198643684387,1.2539523839950562,0.6318376506958662,COMPLETE
69,0.5911857783492414,2025-12-22 01:19:54.205909,2025-12-22 01:19:55.056294,0 days 00:00:00.850385,5.5705773221939286e-05,0.9487934608577465,193,1.0924386379161564,4.86093345425294,0.018843946330758865,15,57.2591215919356,1265,0.6594056600564059,0.8263102769851685,0.27054363489151,1.273909330368042,0.5911857783492414,COMPLETE
70,0.5539218374730849,2025-12-22 01:19:55.056421,2025-12-22 01:19:55.638019,0 days 00:00:00.581598,4.7063551120150296e-05,0.9701316679792027,195,2.2461929115132593,2.535454179935569,0.02288210681566478,13,50.65435878354743,1386,0.7549103061738291,0.844848096370697,0.2571103572845459,1.285585641860962,0.5539218374730849,COMPLETE
71,0.5037507040191928,2025-12-22 01:19:55.638137,2025-12-22 01:19:56.266649,0 days 00:00:00.628512,0.0010506531276832732,0.9256019144421173,178,1.0086062635561261,21.212420884025253,0.017856257310348747,15,0.0980040578418049,1304,0.7120553925963922,0.838806688785553,0.19436508417129517,1.3387762308120728,0.5037507040191928,COMPLETE
72,0.609665705033523,2025-12-22 01:19:56.266766,2025-12-22 01:19:56.795345,0 days 00:00:00.528579,0.0001788560852729905,0.9975149321626735,168,1.2463781594420058,2.352115399497843,0.025266261688128337,16,59.95688253788397,1042,0.6576522718392315,0.829614520072937,0.25557005405426025,1.286917805671692,0.609665705033523,COMPLETE
73,0.5572370523656505,2025-12-22 01:19:56.795455,2025-12-22 01:19:57.101856,0 days 00:00:00.306401,5.316965957627041e-05,0.9931416866561461,22,1.7841205936568096,4.643149879923726,0.025112326265928856,15,63.47132992712714,1033,0.6563773691321496,0.8669437170028687,0.20088046789169312,1.333351731300354,0.5572370523656505,COMPLETE
74,0.6377937994858993,2025-12-22 01:19:57.101961,2025-12-22 01:19:57.999504,0 days 00:00:00.897543,0.00016871419486925806,0.87379338718119,192,1.2452216227543147,1.6154841749567364,0.01332606599270362,16,31.014344629667175,1223,0.6459230115214075,0.7881011366844177,0.2938377261161804,1.253404140472412,0.6377937994858993,COMPLETE
75,0.4453559866643005,2025-12-22 01:19:57.999621,2025-12-22 01:19:58.546153,0 days 00:00:00.546532,0.00019467419768265032,0.9498568017959864,167,1.2632333052189253,1.650519896818417,0.012690807133401847,14,7.363960521328582,1213,0.657770231016401,0.8582931756973267,0.17903727293014526,1.3514518737792969,0.4453559866643005,COMPLETE
76,0.6631090844930382,2025-12-22 01:19:58.546265,2025-12-22 01:19:59.758071,0 days 00:00:01.211806,1.6878982851436895e-05,0.8835563908811471,161,0.15714168660985894,3.5721226851096377,0.011714932784977148,9,29.27400296293322,1287,0.596327109322572,0.7696574926376343,0.29559648036956787,1.2518422603607178,0.6631090844930382,COMPLETE
77,0.5006139752723885,2025-12-22 01:19:59.758195,2025-12-22 01:20:00.902756,0 days 00:00:01.144561,0.00010559921317629784,0.8805021288864443,159,1.1267172341998553,97.46706966480771,0.01190181033582769,9,14.052905737909466,1314,0.5997883721500461,0.8713331818580627,0.16202032566070557,1.3653864860534668,0.5006139752723885,COMPLETE
78,0.6163258825096145,2025-12-22 01:20:00.902936,2025-12-22 01:20:01.622327,0 days 00:00:00.719391,1.1427607152002246e-05,0.8482398504901367,154,1.821505298996303,5.0510558479454435,0.017317107779162587,8,32.85766696967779,1516,0.5590494265500583,0.8070707321166992,0.29931342601776123,1.24853515625,0.6163258825096145,COMPLETE
79,0.49993969427729035,2025-12-22 01:20:01.622481,2025-12-22 01:20:02.905596,0 days 00:00:01.283115,1.3855725825708917e-05,0.8467002511977642,139,1.7808123643146128,26.4915412664304,0.00871438030964793,8,0.0016114816504930979,1547,0.5774777242438545,0.8529390096664429,0.17429518699645996,1.3553494215011597,0.49993969427729035,COMPLETE
80,0.6289289875797568,2025-12-22 01:20:02.905744,2025-12-22 01:20:03.589822,0 days 00:00:00.684078,4.031613004709401e-06,0.7904265145246497,153,2.3180172026786026,2.1140251429627894,0.016780392153483002,8,31.73834113088319,1658,0.5561682339291409,0.8061305284500122,0.29084378480911255,1.2560583353042603,0.6289289875797568,COMPLETE
81,0.649656517581032,2025-12-22 01:20:03.589956,2025-12-22 01:20:04.547949,0 days 00:00:00.957993,3.552221418492462e-06,0.8898010678834724,154,2.1841882128693175,1.9554995095849779,0.015806654102001126,7,30.98839394672862,1762,0.5369156230787463,0.7852017879486084,0.31671905517578125,1.232930302619934,0.649656517581032,COMPLETE
82,0.6326309224548051,2025-12-22 01:20:04.548077,2025-12-22 01:20:05.210632,0 days 00:00:00.662555,4.906344959723591e-06,0.8872284754874387,156,2.3046167469704755,2.5464977506207025,0.016227271080950578,7,20.771929941843897,1835,0.547891102514457,0.7856284976005554,0.2709730863571167,1.2735342979431152,0.6326309224548051,COMPLETE
83,0.5324704469917778,2025-12-22 01:20:05.210761,2025-12-22 01:20:05.869218,0 days 00:00:00.658457,5.639565098000138e-06,0.8944517566321628,151,2.440119897071648,6.713027186597934,0.014719119527910093,6,8.277933270299954,1796,0.5434636710296958,0.8325135707855225,0.20227491855621338,1.3321878910064697,0.5324704469917778,COMPLETE
84,0.5975319524207527,2025-12-22 01:20:05.869339,2025-12-22 01:20:06.547240,0 days 00:00:00.677901,3.0723725730073073e-06,0.853740409423162,141,2.1780183620980598,1.0153027595179276,0.011128585925442898,7,11.949291562122646,1689,0.5193218962165875,0.7943121194839478,0.2346164584159851,1.3049036264419556,0.5975319524207527,COMPLETE
85,0.6201930823344417,2025-12-22 01:20:06.547354,2025-12-22 01:20:08.133580,0 days 00:00:01.586226,2.2875992453084738e-05,0.8173440641352658,158,1.7398787379640641,9.300219132682669,0.007436117746334425,8,21.822299447526106,1957,0.5501238026413091,0.7932963371276855,0.2551162838935852,1.2873098850250244,0.6201930823344417,COMPLETE
86,0.46728334020097084,2025-12-22 01:20:08.133750,2025-12-22 01:20:09.498990,0 days 00:00:01.365240,8.869895093242229e-07,0.8208236931333494,158,3.070632718977099,35.73978977708076,0.007236977390948827,9,18.693191645094235,1993,0.5338799446058953,0.9115133285522461,0.1475655436515808,1.3771122694015503,0.46728334020097084,COMPLETE
87,0.43921804642951046,2025-12-22 01:20:09.499199,2025-12-22 01:20:10.823373,0 days 00:00:01.324174,2.2885436761528984e-05,0.8836795485502325,135,2.574165481715675,2.895543019556773e-10,0.006352790555102074,6,2.676938180455106,1799,0.5898885637915725,0.9048256874084473,0.17574059963226318,1.354162573814392,0.43921804642951046,COMPLETE
88,0.6183916943818513,2025-12-22 01:20:10.823518,2025-12-22 01:20:12.030661,0 days 00:00:01.207143,2.151373889040109e-06,0.9134977040567561,145,2.3101937423423746,12.685146856169398,0.015003505224298292,7,22.29805830932507,1882,0.5555639286056739,0.7989344596862793,0.2471686601638794,1.294159173965454,0.6183916943818513,COMPLETE
89,0.4183384726744385,2025-12-22 01:20:12.030937,2025-12-22 01:20:12.338546,0 days 00:00:00.307609,6.688936715660986e-06,0.7854766509363904,162,3.099256430890234,2.5927467075250096e-07,0.021153694685318955,5,5.2716880433261615,1625,0.5653812926555418,0.8939616680145264,0.15766024589538574,1.3689340353012085,0.4183384726744385,COMPLETE
90,0.6471081320554408,2025-12-22 01:20:12.338659,2025-12-22 01:20:13.085724,0 days 00:00:00.747065,5.38537295099276e-07,0.8255967236664389,172,1.4648737671332757,0.21115759178757465,0.009812794214657184,7,10.998244868198471,1855,0.5010055549908193,0.7704175710678101,0.2663843035697937,1.2775360345840454,0.6471081320554408,COMPLETE
91,0.6246816783704379,2025-12-22 01:20:13.085837,2025-12-22 01:20:13.916606,0 days 00:00:00.830769,3.1861271681086576e-05,0.8172158420108951,173,1.4493542109735897,0.299995917510024,0.010594231973003973,7,22.254486631990066,1890,0.5009487143953478,0.7850669026374817,0.2866870164871216,1.2597341537475586,0.6246816783704379,COMPLETE
92,0.6154235358838214,2025-12-22 01:20:13.916734,2025-12-22 01:20:14.597316,0 days 00:00:00.680582,3.7248660448979133e-07,0.8654627338623208,162,1.3672608121919176,1.867657356415384,0.010698687134943168,7,10.890449705632518,1906,0.5039760354109407,0.7842752933502197,0.2462559938430786,1.2949434518814087,0.6154235358838214,COMPLETE
93,0.6136089267352486,2025-12-22 01:20:14.597438,2025-12-22 01:20:16.116280,0 days 00:00:01.518842,3.294554395700217e-06,0.8358833376075664,171,1.4526882010037603,0.2401990945316013,0.008404688421397051,7,42.40402101726122,1846,0.5332348487129915,0.8231208920478821,0.28489500284194946,1.2613155841827393,0.6136089267352486,COMPLETE
94,0.6344521422013691,2025-12-22 01:20:16.116459,2025-12-22 01:20:17.124329,0 days 00:00:01.007870,5.200285136499344e-07,0.8950740990252581,174,1.9684585553713643,0.3248954591931435,0.013913356528958174,6,31.424066136338674,1700,0.5212565556423103,0.7975820302963257,0.3220304250717163,1.2281290292739868,0.6344521422013691,COMPLETE
95,0.589053860497093,2025-12-22 01:20:17.124486,2025-12-22 01:20:17.549097,0 days 00:00:00.424611,6.861194104498529e-07,0.8974897850404779,39,2.0342093806292976,3.0417650386077257,0.016166414028279057,6,35.436899822895626,1641,0.5219717054761251,0.8327570557594299,0.2671370506286621,1.2768805027008057,0.589053860497093,COMPLETE
96,0.6451943639370005,2025-12-22 01:20:17.549225,2025-12-22 01:20:18.627281,0 days 00:00:01.078056,1.6134189802834212e-06,0.9204472053984376,151,0.2112872430839139,0.8406206286115779,0.013558572715292821,9,15.049068118928183,1718,0.5142522968084406,0.7663714289665222,0.25907665491104126,1.2838832139968872,0.6451943639370005,COMPLETE
97,0.0,2025-12-22 01:20:18.627431,2025-12-22 01:20:18.832257,0 days 00:00:00.204826,1.7630612041836249e-06,0.932904745998539,166,0.2390334227592393,0.607574345646829,0.013720918118390331,10,194.30886771075444,1741,0.5133964400538404,1.1223052740097046,-0.020819425582885742,1.5070003271102905,0.0,COMPLETE
98,0.6341315281987979,2025-12-22 01:20:18.832357,2025-12-22 01:20:19.836526,0 days 00:00:01.004169,5.469146581085334e-07,0.9618738131047931,174,0.24492941359500287,1.508869829778533,0.009061421912057065,5,14.97161079007102,1800,0.541942191676548,0.7623715400695801,0.2530067563056946,1.28913152217865,0.6341315281987979,COMPLETE
99,0.5128468868550259,2025-12-22 01:20:19.836650,2025-12-22 01:20:21.168063,0 days 00:00:01.331413,4.2542224114376636e-08,0.9717625829160976,150,0.22699176533838705,0.8915727345989978,0.005343604991037724,5,7.874184157173972,1779,0.5265445884680725,0.8197084069252014,0.20995032787322998,1.3257635831832886,0.5128468868550259,COMPLETE
100,0.6330837484171994,2025-12-22 01:20:21.168194,2025-12-22 01:20:22.036947,0 days 00:00:00.868753,4.523144325610832e-07,0.8962407891360893,143,0.6727122848825562,0.1431666626333577,0.009566083873866501,4,13.918699628258858,1694,0.5415860412142863,0.7637779116630554,0.25529056787490845,1.2871593236923218,0.6330837484171994,COMPLETE
101,0.626132704629497,2025-12-22 01:20:22.037069,2025-12-22 01:20:22.805892,0 days 00:00:00.768823,1.3535061120830636e-07,0.9031059783800155,143,0.6624251818418155,0.2880641229796126,0.009832279344331556,4,12.713326277148381,1692,0.5405166938147865,0.7660775184631348,0.26160693168640137,1.2816890478134155,0.626132704629497,COMPLETE
102,0.6397439258932909,2025-12-22 01:20:22.806117,2025-12-22 01:20:23.453565,0 days 00:00:00.647448,5.03314013901376e-07,0.9362669802455255,175,0.3808066010988858,0.14311352428192514,0.01257176750742443,4,16.506801701240917,1842,0.5685943342964273,0.7696410417556763,0.264856219291687,1.278865933418274,0.6397439258932909,COMPLETE
103,0.6025097327080947,2025-12-22 01:20:23.453690,2025-12-22 01:20:24.170191,0 days 00:00:00.716501,4.78985137996802e-07,0.8831001337080119,174,0.4505389400097781,0.10359248308102453,0.012372540930665208,3,9.6515169190226,1839,0.5683947824837272,0.7850801944732666,0.24588215351104736,1.2952646017074585,0.6025097327080947,COMPLETE
104,0.6332820663569341,2025-12-22 01:20:24.170328,2025-12-22 01:20:25.227245,0 days 00:00:01.056917,1.4217137833930745e-06,0.9380328842523591,131,0.9028782434279139,0.1706381284779763,0.009223130442079003,3,15.879890220438245,1582,0.5942276345563017,0.7721878886222839,0.252824068069458,1.289289116859436,0.6332820663569341,COMPLETE
105,0.6427814956702279,2025-12-22 01:20:25.227372,2025-12-22 01:20:25.897335,0 days 00:00:00.669963,1.9636002015766228e-07,0.9608402119475202,116,0.26002924939272076,0.17333399403867977,0.008998477595582869,3,15.698089581034578,1583,0.5897847297924887,0.7751001715660095,0.2558595538139343,1.2866674661636353,0.6427814956702279,COMPLETE
106,0.46636446708019985,2025-12-22 01:20:25.897455,2025-12-22 01:20:26.971905,0 days 00:00:01.074450,1.1826393649544983e-06,0.9589146069161263,130,0.2213404381640528,1.175497793375066,0.00667515639570383,2,5.897850584948837,1505,0.5908158232803303,0.8572407960891724,0.17351394891738892,1.3559904098510742,0.46636446708019985,COMPLETE
107,0.41888054170971345,2025-12-22 01:20:26.972059,2025-12-22 01:20:28.188488,0 days 00:00:01.216429,1.9252305404581188e-07,0.9437576788734218,111,0.95454182715964,0.3699170777547019,0.0046697935453826195,3,3.5629510587735793,1439,0.6055326429081964,0.8940502405166626,0.15273654460906982,1.3729290962219238,0.41888054170971345,COMPLETE
108,0.6368253468801948,2025-12-22 01:20:28.188650,2025-12-22 01:20:29.011442,0 days 00:00:00.822792,9.602510742749958e-06,0.9767199563606778,100,0.015494291422979645,0.06981642185503342,0.007938289345016216,5,17.108148777641855,1602,0.5902780838119549,0.7691829204559326,0.2733699083328247,1.2714390754699707,0.6368253468801948,COMPLETE
109,0.649507779126231,2025-12-22 01:20:29.011593,2025-12-22 01:20:30.360733,0 days 00:00:01.349140,6.75848712984066e-08,0.9775342427605097,99,0.01586011489607775,0.647916286691668,0.005905264453655354,5,26.27982056363901,1728,0.614377955058315,0.7686818838119507,0.2830215096473694,1.2629667520523071,0.649507779126231,COMPLETE
110,0.6420906881801519,2025-12-22 01:20:30.360888,2025-12-22 01:20:31.547065,0 days 00:00:01.186177,6.033063476239262e-08,0.3369074693323459,102,0.032050141854103875,0.6656780322698461,0.00601244912590556,4,24.598063394173117,1727,0.6151698416955751,0.7813577055931091,0.269708514213562,1.274638295173645,0.6420906881801519,COMPLETE
111,0.6107366219080905,2025-12-22 01:20:31.547215,2025-12-22 01:20:32.683812,0 days 00:00:01.136597,2.041503475426156e-08,0.9772265120100097,103,0.07647440778831013,0.0778035614327006,0.008087729712916018,4,23.580199218332197,1752,0.6253968237851824,0.7750944495201111,0.27209317684173584,1.2725555896759033,0.6107366219080905,COMPLETE
112,0.6516529181743617,2025-12-22 01:20:32.683940,2025-12-22 01:20:33.852297,0 days 00:00:01.168357,4.0242061533546054e-08,0.32767533250357306,83,0.48227966503677944,0.6287807788260017,0.005707342948235866,4,27.860345761269496,1589,0.6401463186666244,0.7863295078277588,0.27306050062179565,1.2717097997665405,0.6516529181743617,COMPLETE
113,0.6114869247800869,2025-12-22 01:20:33.852440,2025-12-22 01:20:35.189777,0 days 00:00:01.337337,4.4228271601062846e-08,0.3309977566228445,83,0.4288214794332057,0.48882449143035095,0.005692657177625192,4,50.40539944783479,1427,0.6414030681452698,0.832314133644104,0.25073498487472534,1.2910902500152588,0.6114869247800869,COMPLETE
114,0.5842115974685699,2025-12-22 01:20:35.189899,2025-12-22 01:20:36.942531,0 days 00:00:01.752632,6.76329835475123e-08,0.3376957667818139,97,0.0200488152251308,0.8802150379423976,0.004556522018464387,5,9.495525789360721,1598,0.6127419292393503,0.796862781047821,0.2459549903869629,1.2952020168304443,0.5842115974685699,COMPLETE
115,0.6440903940724771,2025-12-22 01:20:36.942651,2025-12-22 01:20:38.369605,0 days 00:00:01.426954,1.668823522396023e-08,0.3042037180354818,117,0.4905634206525994,0.05102337484648496,0.004196208597685167,3,26.263286730024245,1730,0.6399743784635283,0.7915258407592773,0.27005380392074585,1.2743369340896606,0.6440903940724771,COMPLETE
116,0.5917741215704544,2025-12-22 01:20:38.369740,2025-12-22 01:20:39.592832,0 days 00:00:01.223092,7.354140649875332e-09,0.3107506150336812,68,0.5124219384825663,4.137128477382163,0.006095940787559006,2,39.660984298699766,1733,0.6102452531010312,0.8344568610191345,0.2710620164871216,1.2734566926956177,0.5917741215704544,COMPLETE
117,0.6437235058839679,2025-12-22 01:20:39.592969,2025-12-22 01:20:41.076391,0 days 00:00:01.483422,1.6407016369797e-08,0.36965680500478787,120,0.6623277564286961,0.6464419066502332,0.0037534329666169246,3,25.93695797442598,1763,0.6409170039412257,0.7844395041465759,0.2692933678627014,1.2750005722045898,0.6437235058839679,COMPLETE
118,0.5986160904913026,2025-12-22 01:20:41.076511,2025-12-22 01:20:42.694533,0 days 00:00:01.618022,1.9643105625349896e-08,0.36248819827776274,118,0.33589134177536906,0.1681359668991482,0.003881068032237289,3,71.31826346333948,1942,0.6354493544434655,0.8700239062309265,0.18000048398971558,1.350658893585205,0.5986160904913026,COMPLETE
119,0.6502085025132937,2025-12-22 01:20:42.694682,2025-12-22 01:20:44.223731,0 days 00:00:01.529049,7.097171420639935e-08,0.361129801580172,107,0.6894414557158637,0.03921006182094876,0.0026887138006145388,3,25.9895010243866,1762,0.6232919699262762,0.7996281385421753,0.2598031163215637,1.28325355052948,0.6502085025132937,COMPLETE
120,0.6392811840339099,2025-12-22 01:20:44.223883,2025-12-22 01:20:45.702820,0 days 00:00:01.478937,3.144139285794813e-09,0.38699785904342093,108,0.687092982166145,0.6363619047080415,0.002454026713553063,3,26.52443923007809,1749,0.6698011057196085,0.8130427002906799,0.24010151624679565,1.3002194166183472,0.6392811840339099,COMPLETE
121,0.565011115603252,2025-12-22 01:20:45.702980,2025-12-22 01:20:47.014091,0 days 00:00:01.311111,1.2187140324485908e-08,0.30248253300230066,115,0.5045605958801228,0.04682002777212129,0.003802276391707854,2,51.85125197899371,1861,0.5849227705629753,0.8697258234024048,0.2088208794593811,1.326710820198059,0.565011115603252,COMPLETE
122,0.6102176899657846,2025-12-22 01:20:47.014259,2025-12-22 01:20:49.674257,0 days 00:00:02.659998,7.196035643078747e-08,0.36252237980694235,92,0.2435280716656018,0.028379930685175567,0.0034332996878291672,11,18.31628965663975,1665,0.6198863261835159,0.7893392443656921,0.24698257446289062,1.2943191528320312,0.6102176899657846,COMPLETE
123,0.6267177425517144,2025-12-22 01:20:49.674397,2025-12-22 01:20:51.417926,0 days 00:00:01.743529,3.3534149006196277e-08,0.3469227817530407,107,0.8806470186251731,0.010398889040765719,0.0027870415810141848,4,11.723138604646298,1812,0.6231658495600787,0.782863974571228,0.247883141040802,1.2935450077056885,0.6267177425517144,COMPLETE
124,0.5103183331234081,2025-12-22 01:20:51.418068,2025-12-22 01:20:52.865784,0 days 00:00:01.447716,2.1308405545570674e-07,0.4079663160531416,125,0.5555403670382371,0.2121689171136821,0.0015849338036020642,3,39.377861406891796,1757,0.5694990307870718,0.928428590297699,0.1609792709350586,1.3662344217300415,0.5103183331234081,COMPLETE
125,0.5122089641488792,2025-12-22 01:20:52.865926,2025-12-22 01:20:54.282764,0 days 00:00:01.416838,6.853331709168357e-08,0.32416559250597105,120,0.3431630856098363,0.7322645442542915,0.0042738428145192445,3,7.02439893924966,1696,0.6432984710336838,0.8325870037078857,0.20004010200500488,1.3340526819229126,0.5122089641488792,COMPLETE
126,0.6502580819982273,2025-12-22 01:20:54.282907,2025-12-22 01:20:55.470607,0 days 00:00:01.187700,1.3830286564851665e-07,0.35429023851965463,88,0.8170051815071857,0.10123125811899751,0.00493519206663769,4,26.159561128167216,1929,0.6115650589243748,0.7887188792228699,0.28073859214782715,1.264975905418396,0.6502580819982273,COMPLETE
127,0.6217267410683903,2025-12-22 01:20:55.470746,2025-12-22 01:20:56.844643,0 days 00:00:01.373897,5.2901121027637815e-09,0.36030058643104845,81,0.9981833860365692,0.014630549599367569,0.005400704754138832,9,22.883449997463856,1923,0.6012718095471232,0.7856813669204712,0.2578583359718323,1.2849383354187012,0.6217267410683903,COMPLETE
128,0.6617043324199171,2025-12-22 01:20:56.844776,2025-12-22 01:20:59.195427,0 days 00:00:02.350651,1.6611780007802523e-08,0.41313128833141766,95,0.7325238097269539,0.4294023841461675,0.003298700196632916,9,28.58455904517405,1998,0.6122472674493054,0.7833796143531799,0.28370940685272217,1.2623608112335205,0.6617043324199171,COMPLETE
129,0.562280938632904,2025-12-22 01:20:59.195588,2025-12-22 01:21:00.981740,0 days 00:00:01.786152,1.865632861733035e-09,0.39936463254158844,88,0.7969093955007311,0.0684920024653958,0.0033496372757429436,9,60.617933636697344,1948,0.6336237034101034,0.8754413723945618,0.19186580181121826,1.3408513069152832,0.562280938632904,COMPLETE
130,0.26410512436774686,2025-12-22 01:21:00.981924,2025-12-22 01:21:01.213231,0 days 00:00:00.231307,1.6901037033327413e-08,0.38237437876462343,96,8.813559619094482,0.4322209928542432,0.004749737890017802,2,0.018473109520203167,1974,0.6108295480446104,1.0707533359527588,0.027187466621398926,1.4711381196975708,0.26410512436774686,COMPLETE
131,0.6476799487816758,2025-12-22 01:21:01.213374,2025-12-22 01:21:02.992066,0 days 00:00:01.778692,1.3003738682289384e-07,0.34541817387727225,112,0.1385110634100153,1.250078393145958,0.003865965132335013,4,27.326464290977714,1890,0.5820581800676095,0.7888898253440857,0.2795591950416565,1.2660125494003296,0.6476799487816758,COMPLETE
132,0.65929476945214,2025-12-22 01:21:02.992237,2025-12-22 01:21:04.877608,0 days 00:00:01.885371,1.2067784003314212e-07,0.3451798299234372,111,0.1515281366034097,1.2336128067428969,0.0024029325717226,4,26.222851780584943,1997,0.584646239161728,0.7986581325531006,0.2649562954902649,1.2787789106369019,0.65929476945214,COMPLETE
133,0.45997532412174585,2025-12-22 01:21:04.877917,2025-12-22 01:21:07.587613,0 days 00:00:02.709696,1.9360537488814925e-07,0.4323760006770054,112,0.7074116708027007,1.390291483367051,0.002493541285765374,10,1.0737127941556022,1890,0.5860831888846895,0.8781945109367371,0.17725056409835815,1.352921724319458,0.45997532412174585,COMPLETE
134,0.5447793804513137,2025-12-22 01:21:07.587810,2025-12-22 01:21:09.238446,0 days 00:00:01.650636,3.418850339136498e-08,0.34681921545371036,108,0.2423594180741962,0.22708147511460228,0.002066129250500574,3,42.62353272997568,1994,0.5994993277882892,0.8894891142845154,0.20104366540908813,1.333215594291687,0.5447793804513137,COMPLETE
135,0.652066080548809,2025-12-22 01:21:09.238645,2025-12-22 01:21:11.045263,0 days 00:00:01.806618,9.65700955341416e-08,0.31618686068725976,76,1.118008849991163,3.3326393607907683,0.0031685187253143892,4,27.540077479511364,1911,0.580045218862982,0.8040186166763306,0.2624053955078125,1.2809958457946777,0.652066080548809,COMPLETE
136,0.6591129780073832,2025-12-22 01:21:11.045453,2025-12-22 01:21:12.892175,0 days 00:00:01.846722,1.577893986369446e-07,0.3157023025990637,72,1.0459315298828211,3.2596769040176845,0.003034175307492939,4,25.931528409782217,1919,0.5802857910882362,0.7925719618797302,0.2644761800765991,1.2791963815689087,0.6591129780073832,COMPLETE
137,0.2961547900038691,2025-12-22 01:21:12.892358,2025-12-22 01:21:14.241711,0 days 00:00:01.349353,1.1553477672306964e-07,0.3178079029219308,68,5.202560546039074,11.850713151415132,0.001790441122956549,4,84.33173648479831,1930,0.576864035761579,1.0487337112426758,0.037454843521118164,1.4633541107177734,0.2961547900038691,COMPLETE
138,0.5692154559256284,2025-12-22 01:21:14.241920,2025-12-22 01:21:16.086032,0 days 00:00:01.844112,8.25964902402882e-09,0.3001128304836217,75,1.1086912721511735,3.58606538291783,0.0030458917369597933,5,35.633401779800714,1880,0.5114084480613946,0.8620388507843018,0.2250325083732605,1.313048005104065,0.5692154559256284,COMPLETE
139,0.6344389210053868,2025-12-22 01:21:16.086294,2025-12-22 01:21:17.967735,0 days 00:00:01.881441,1.4229043152496176e-07,0.3485195343043537,61,0.9298862008363837,7.118394375430272,0.0027852409273094398,4,19.90442397934259,1999,0.5792856251763173,0.8019916415214539,0.23711806535720825,1.3027693033218384,0.6344389210053868,COMPLETE
140,0.5149193093252539,2025-12-22 01:21:17.967911,2025-12-22 01:21:19.647300,0 days 00:00:01.679389,3.2416085021257533e-07,0.320515735133155,81,1.3120614421894394,3.5236194575892594,0.0022540762192273392,9,58.76597163302296,1918,0.5608739215849251,0.9252794981002808,0.1416475772857666,1.3818843364715576,0.5149193093252539,COMPLETE
141,0.6519933639709062,2025-12-22 01:21:19.647476,2025-12-22 01:21:21.357619,0 days 00:00:01.710143,3.400156412114731e-08,0.37440175671523657,86,0.6430873712740364,1.1356549220402348,0.0032577658246168498,4,25.512977435088654,1815,0.6246781253060422,0.7820163369178772,0.27260684967041016,1.2721065282821655,0.6519933639709062,COMPLETE
142,0.6544062322376789,2025-12-22 01:21:21.357785,2025-12-22 01:21:23.307557,0 days 00:00:01.949772,9.493601732241391e-08,0.42048452930908264,86,0.5194341375639948,1.270678069763368,0.003279458662241007,5,27.289343565079772,1822,0.6298010688854637,0.781146228313446,0.2767336964607239,1.2684926986694336,0.6544062322376789,COMPLETE
143,0.5714696698406132,2025-12-22 01:21:23.307726,2025-12-22 01:21:25.148215,0 days 00:00:01.840489,9.580933938057268e-08,0.41134618657467137,85,0.7306267114248834,1.169913963430811,0.0033361108300032456,5,46.29556242247832,1820,0.6050488583440989,0.8537595868110657,0.23004162311553955,1.3087975978851318,0.5714696698406132,COMPLETE
144,0.3599569765155285,2025-12-22 01:21:25.148367,2025-12-22 01:21:26.453512,0 days 00:00:01.305145,3.335070143309767e-08,0.3736281084548462,89,1.5984766034315352,1.9587405904648685,0.0027912477451219712,4,108.70581683893371,1862,0.6191700868456812,0.9979413747787476,0.06417155265808105,1.4429025650024414,0.3599569765155285,COMPLETE
145,0.6123231654259683,2025-12-22 01:21:26.453679,2025-12-22 01:21:28.583912,0 days 00:00:02.130233,9.098316577646207e-08,0.43138683399122996,77,1.0542188365208984,1.1683853872105867,0.0025339274337697493,5,12.121556527897793,1955,0.622894418132764,0.7824238538742065,0.24858814477920532,1.2929385900497437,0.6123231654259683,COMPLETE
146,0.5881283767783309,2025-12-22 01:21:28.584047,2025-12-22 01:21:29.967298,0 days 00:00:01.383251,5.20327680275604e-08,0.46695884370289453,94,4.517510597473805,4.065204088015741,0.003082435420705579,4,31.28255237944042,1905,0.5975507880460227,0.9045636057853699,0.18901997804641724,1.3432101011276245,0.5881283767783309,COMPLETE
147,0.6251510308278101,2025-12-22 01:21:29.967453,2025-12-22 01:21:31.690108,0 days 00:00:01.722655,8.627609604975901e-07,0.3547308475035287,77,0.1414625809233011,0.3814036189805917,0.004823785294432385,8,19.361302991649886,1794,0.5806245523004953,0.7884601354598999,0.24956297874450684,1.2920995950698853,0.6251510308278101,COMPLETE
148,0.48413375448043205,2025-12-22 01:21:31.690264,2025-12-22 01:21:32.916490,0 days 00:00:01.226226,1.3529491284041425e-07,0.3795193847430074,70,6.5330988577556255,1.8784107419038474,0.003999913120496507,4,35.890030682810334,1860,0.6255772898887263,0.957966148853302,0.1470954418182373,1.3774919509887695,0.48413375448043205,COMPLETE
149,0.5833918833176663,2025-12-22 01:21:32.916672,2025-12-22 01:21:35.358262,0 days 00:00:02.441590,2.6885627825328933e-08,0.3337635824436445,88,0.8691342837786118,7.262213979128465,0.0017909313170231065,10,13.43168385012115,1822,0.5336497088781817,0.8520992398262024,0.19914251565933228,1.3348008394241333,0.5833918833176663,COMPLETE
150,0.5614975827709517,2025-12-22 01:21:35.358437,2025-12-22 01:21:36.656131,0 days 00:00:01.297694,3.051682840548257e-07,0.4195828531510871,72,7.024680469546801,1.016717907159449,0.0033415828024490083,5,28.167832613607466,1967,0.6104221139681258,0.9467114210128784,0.14773356914520264,1.3769766092300415,0.5614975827709517,COMPLETE
151,0.6522710090865349,2025-12-22 01:21:36.656315,2025-12-22 01:21:38.440239,0 days 00:00:01.783924,4.8963852380480814e-08,0.31191158919983275,100,0.49284999705199783,0.3954331828710516,0.0035125807254864872,4,25.364774261915716,1886,0.6455833950225629,0.7805300354957581,0.27474260330200195,1.2702375650405884,0.6522710090865349,COMPLETE
152,0.6022981935723777,2025-12-22 01:21:38.440384,2025-12-22 01:21:40.697988,0 days 00:00:02.257604,2.748155086369201e-07,0.325375045247067,98,0.4640765296371584,0.3897043858324688,0.0034647162397169642,6,22.4960120430928,1911,0.6662156647874053,0.7892307639122009,0.2547997832298279,1.287583351135254,0.6022981935723777,COMPLETE
153,0.5376234081258854,2025-12-22 01:21:40.698137,2025-12-22 01:21:42.501318,0 days 00:00:01.803181,5.16371530366832e-08,0.3961598175480704,85,0.5863508293361525,2.9444365815257303,0.0022579133138509507,4,47.729631752364234,1870,0.6295076473896848,0.8902442455291748,0.19409841299057007,1.3389978408813477,0.5376234081258854,COMPLETE
154,0.5846908658229287,2025-12-22 01:21:42.501463,2025-12-22 01:21:44.421242,0 days 00:00:01.919779,1.9699702720797625e-06,0.3484815872865477,91,0.004193217422962338,19.191028802015893,0.002949993818386929,4,18.394703871158445,1953,0.6513889442136652,0.8291992545127869,0.21235287189483643,1.3237462043762207,0.5846908658229287,COMPLETE
155,0.5954496140535381,2025-12-22 01:21:44.421384,2025-12-22 01:21:46.074183,0 days 00:00:01.652799,8.924203994588874e-08,0.33334205760928853,106,1.2632394327318273,0.5828291807050884,0.0026421667580077326,5,9.659233605940658,1825,0.5968012465415943,0.8060933947563171,0.2297564148902893,1.3090399503707886,0.5954496140535381,COMPLETE
156,0.616431652077473,2025-12-22 01:21:46.074350,2025-12-22 01:21:47.796257,0 days 00:00:01.721907,3.296793288659626e-08,0.37166930611262855,65,0.3998746197363133,0.11044856280741612,0.004767275896269704,4,37.7440984820173,1907,0.61226555487476,0.8163594007492065,0.2819409966468811,1.263918161392212,0.616431652077473,COMPLETE
157,0.6585147188891836,2025-12-22 01:21:47.796439,2025-12-22 01:21:50.002101,0 days 00:00:02.205662,1.0712968921238434e-08,0.3174252188565446,80,0.7731314786195962,1.4238684867239262,0.003719103844788892,9,25.315542661870502,1993,0.5006433680675568,0.7947290539741516,0.2779806852340698,1.267398715019226,0.6585147188891836,COMPLETE
158,0.6448340863464824,2025-12-22 01:21:50.002297,2025-12-22 01:21:51.855918,0 days 00:00:01.853621,9.19614678676858e-09,0.31939212748686446,80,1.010878543742849,1.8854048379572632,0.003731490417862947,4,28.60901851796444,2000,0.5730041500734641,0.8024364709854126,0.2729957699775696,1.2717664241790771,0.6448340863464824,COMPLETE
159,0.4571426828825348,2025-12-22 01:21:51.856078,2025-12-22 01:21:53.303531,0 days 00:00:01.447453,5.3612380625184595e-08,0.3131968587053392,62,0.8002273575383997,5.542353183101473,0.0019451686091277642,5,69.12494094365886,1779,0.5540325326421642,0.9700155854225159,0.09761399030685425,1.4168864488601685,0.4571426828825348,COMPLETE
160,0.6595162244848438,2025-12-22 01:21:53.303705,2025-12-22 01:21:54.983343,0 days 00:00:01.679638,6.139627235051636e-09,0.3397095302045188,94,1.180704983569998,0.2856121375279273,0.004319362287602553,6,20.700494621977448,1938,0.5025728757875894,0.7768750190734863,0.2854909300804138,1.2607899904251099,0.6595162244848438,COMPLETE
161,0.6567728263185134,2025-12-22 01:21:54.983510,2025-12-22 01:21:56.744482,0 days 00:00:01.760972,1.234286074286976e-08,0.3377164091074588,95,1.125787434844786,0.4365089148427291,0.0041294369573197385,6,25.282427142478475,1939,0.5010314244353863,0.7967292666435242,0.2815759778022766,1.2642393112182617,0.6567728263185134,COMPLETE
162,0.6561745672003136,2025-12-22 01:21:56.744670,2025-12-22 01:21:58.661011,0 days 00:00:01.916341,5.174109744411165e-09,0.3394130420659955,94,1.1666681441159716,0.34342529898206114,0.004126119775391554,6,20.36760827949911,1945,0.511593883036245,0.7755171060562134,0.2831094264984131,1.2628893852233887,0.6561745672003136,COMPLETE
163,0.6643584875133669,2025-12-22 01:21:58.661188,2025-12-22 01:22:00.636350,0 days 00:00:01.975162,4.47182536756805e-09,0.3307690581735281,94,1.1758639847547314,0.3156430194291667,0.0043646683692257935,6,21.95160794897617,1949,0.5008330608783129,0.7757216691970825,0.2862664461135864,1.2601054906845093,0.6643584875133669,COMPLETE
164,0.6529254582876596,2025-12-22 01:22:00.636516,2025-12-22 01:22:02.159371,0 days 00:00:01.522855,1.9374028911575944e-09,0.3349646486467172,94,1.6281085423775798,0.27530913953923636,0.005062307659233242,6,19.94114366530132,1943,0.5128096961352094,0.7811951041221619,0.27562379837036133,1.2694655656814575,0.6529254582876596,COMPLETE
165,0.5203994950599237,2025-12-22 01:22:02.159548,2025-12-22 01:22:03.805528,0 days 00:00:01.645980,3.971641923243437e-10,0.35952165215531895,94,1.1757672253241127,0.2569248045492819,0.004307016266945208,6,0.20362240200921,1947,0.5165753998511068,0.8549066781997681,0.2180640697479248,1.3189382553100586,0.5203994950599237,COMPLETE
166,0.6563828010370352,2025-12-22 01:22:03.805715,2025-12-22 01:22:05.360814,0 days 00:00:01.555099,1.8860100870627776e-09,0.32949870685767496,90,1.4024163455581844,0.34525415784686964,0.005188344254141418,6,18.56905242495992,1973,0.501334916537217,0.772824764251709,0.27729105949401855,1.2680039405822754,0.6563828010370352,COMPLETE
167,0.6775334093097444,2025-12-22 01:22:05.360976,2025-12-22 01:22:06.825040,0 days 00:00:01.464064,1.6277577761049771e-09,0.33244586290286915,91,1.7505645262358933,0.3486277246320571,0.005274064669586765,6,18.76598880265753,1963,0.5056309327112477,0.7651498913764954,0.29218989610671997,1.2548656463623047,0.6775334093097444,COMPLETE
168,0.6604053499146546,2025-12-22 01:22:06.825196,2025-12-22 01:22:08.341531,0 days 00:00:01.516335,2.146037958878325e-09,0.3337284806524514,90,1.5829748290934822,0.5222799264642817,0.005154581762146033,6,17.118107059427007,1997,0.502250646872199,0.7710576057434082,0.27337461709976196,1.271435022354126,0.6604053499146546,COMPLETE
169,0.6396612934184015,2025-12-22 01:22:08.341687,2025-12-22 01:22:09.897436,0 days 00:00:01.555749,2.224629681597956e-09,0.3119084311140763,93,1.6347448399231883,0.3495296988263328,0.004260121114999464,6,16.996546604846205,2000,0.5010154909016815,0.7891355156898499,0.25441741943359375,1.2879136800765991,0.6396612934184015,COMPLETE
170,0.6584254758163028,2025-12-22 01:22:09.897590,2025-12-22 01:22:11.374011,0 days 00:00:01.476421,9.515519035676621e-10,0.33260245122516624,96,1.8295780942816524,0.31743081860987327,0.005240145525285892,6,18.98683171473458,1976,0.5117438204018687,0.7743757963180542,0.27324193716049194,1.2715510129928589,0.6584254758163028,COMPLETE
171,0.649484642033262,2025-12-22 01:22:11.374175,2025-12-22 01:22:12.945411,0 days 00:00:01.571236,7.239444469856962e-10,0.33806775683877305,97,1.8237606338502348,0.34735746163073855,0.004970267715660976,6,20.7426520488398,1953,0.5247740809246918,0.7840362787246704,0.2665712237358093,1.2773733139038086,0.649484642033262,COMPLETE
172,0.6382036565613511,2025-12-22 01:22:12.945556,2025-12-22 01:22:14.911283,0 days 00:00:01.965727,2.160813741395848e-10,0.30025179037854893,91,1.4920907238003787,0.25369703820297046,0.0031547008749639315,6,14.761909808073332,1972,0.5116032659630592,0.7883285284042358,0.25245487689971924,1.2896076440811157,0.6382036565613511,COMPLETE
173,0.6661764019609354,2025-12-22 01:22:14.911428,2025-12-22 01:22:16.120112,0 days 00:00:01.208684,1.2819310956608155e-09,0.3256426504712683,101,1.3296573178291606,1.2572957774588941e-08,0.006707575655523566,6,19.485211196168283,1929,0.5069056415839805,0.7749828696250916,0.2779219150543213,1.2674503326416016,0.6661764019609354,COMPLETE
174,0.6656343329256603,2025-12-22 01:22:16.120253,2025-12-22 01:22:17.501458,0 days 00:00:01.381205,1.192904670411197e-09,0.3215386865653428,103,1.436880002441295,9.726309382347314e-09,0.006942515156186227,6,11.898189070266135,1971,0.5092808870062475,0.7686546444892883,0.27338147163391113,1.2714289426803589,0.6656343329256603,COMPLETE
175,0.6259872714736916,2025-12-22 01:22:17.501613,2025-12-22 01:22:18.149185,0 days 00:00:00.647572,4.2107074097428234e-09,0.33291322231691195,102,1.6813758351771333,2.018886559282589e-08,0.006947656644856814,6,8.835971431316917,2000,0.5079624095149367,0.8082988262176514,0.2377544641494751,1.3022258281707764,0.6259872714736916,COMPLETE
176,0.6399554650290079,2025-12-22 01:22:18.149310,2025-12-22 01:22:18.976772,0 days 00:00:00.827462,1.4432134305187068e-09,0.3396619836009368,100,1.3921254738233535,7.430833715137604e-09,0.006450479038571017,6,12.37373748835939,1961,0.5003161828844981,0.7922096848487854,0.23620790243148804,1.3035463094711304,0.6399554650290079,COMPLETE
177,0.6371062972948189,2025-12-22 01:22:18.976895,2025-12-22 01:22:20.357069,0 days 00:00:01.380174,9.54332971252551e-10,0.32645594552882434,95,1.8838405946621313,1.3755655465143408e-09,0.0054187449920500095,6,16.68302910984391,1931,0.5239440710441597,0.7887839078903198,0.25411534309387207,1.2881745100021362,0.6371062972948189,COMPLETE
178,0.6550507655418167,2025-12-22 01:22:20.357214,2025-12-22 01:22:21.942386,0 days 00:00:01.585172,2.440519793151139e-09,0.31208507388188433,105,1.3237929320837263,1.9076206164892322e-08,0.005194682206903588,6,19.3193124819094,1971,0.5128316914788532,0.7760022282600403,0.2832394242286682,1.2627748250961304,0.6550507655418167,COMPLETE
179,0.6277192481473749,2025-12-22 01:22:21.942500,2025-12-22 01:22:22.821213,0 days 00:00:00.878713,2.5813294111897553e-09,0.32582160890340983,103,1.363111660380891,1.6996398763442617e-08,0.005194414545397399,6,12.455879530434926,1969,0.5134503709058952,0.7954645156860352,0.24299132823944092,1.2977447509765625,0.6277192481473749,COMPLETE
180,0.6338043035982356,2025-12-22 01:22:22.821329,2025-12-22 01:22:24.297131,0 days 00:00:01.475802,5.120306402995818e-10,0.35187637212323236,91,1.5749444059953375,8.024809781901928e-09,0.00635417464133089,6,18.42918607997808,1998,0.5245419257606533,0.782941997051239,0.2690209150314331,1.275238275527954,0.6338043035982356,COMPLETE
181,0.6488136663371593,2025-12-22 01:22:24.297298,2025-12-22 01:22:25.991324,0 days 00:00:01.694026,4.766777657712297e-09,0.3129862736266514,98,1.2963693807502659,1.3009751080478978e-08,0.00431804370395051,6,20.31697105031897,1935,0.5087161633289311,0.7875787615776062,0.2728087306022644,1.2719299793243408,0.6488136663371593,COMPLETE
182,0.5869153320469535,2025-12-22 01:22:25.991461,2025-12-22 01:22:27.672477,0 days 00:00:01.681016,1.2133510664158839e-09,0.31206859960627786,105,1.6586566122608164,3.9883074574166414e-09,0.003763632160043655,7,35.94961739142129,1889,0.5005651001884212,0.8489922881126404,0.2417687177658081,1.2987923622131348,0.5869153320469535,COMPLETE
183,0.6554374855242996,2025-12-22 01:22:27.672619,2025-12-22 01:22:28.392715,0 days 00:00:00.720096,1.975812608781963e-09,0.5129413150600941,94,2.022372278550907,2.142142649178094e-06,0.007345400038444147,6,13.799079741417927,1962,0.5191610652113601,0.7935181260108948,0.24614137411117554,1.2950419187545776,0.6554374855242996,COMPLETE
184,0.5510230902539621,2025-12-22 01:22:28.392844,2025-12-22 01:22:29.201924,0 days 00:00:00.809080,1.962068827679835e-09,0.5421512985087664,94,2.0661720867184714,7.580236950796868e-08,0.0071010531364853365,6,9.929752131721564,1962,0.5307734723217348,0.8188827037811279,0.21789437532424927,1.3190813064575195,0.5510230902539621,COMPLETE
185,0.596133810945623,2025-12-22 01:22:29.202039,2025-12-22 01:22:30.359339,0 days 00:00:01.157300,3.5244405658280663e-09,0.3349966548527675,89,1.9081193315449492,5.949215499178666e-06,0.00566139655816321,6,7.704059909597525,1921,0.5189368996300655,0.8083995580673218,0.23429298400878906,1.3051793575286865,0.596133810945623,COMPLETE
186,0.6429368447230202,2025-12-22 01:22:30.359471,2025-12-22 01:22:31.170786,0 days 00:00:00.811315,7.06254953757328e-10,0.3433780804180689,84,1.4759284810160567,1.246266614381398e-06,0.007544423037892017,7,16.456486625928516,1969,0.5111683953129188,0.7900586128234863,0.25315719842910767,1.289001703262329,0.6429368447230202,COMPLETE
187,0.6486616225833627,2025-12-22 01:22:31.170914,2025-12-22 01:22:32.655951,0 days 00:00:01.485037,6.128762342850187e-09,0.4632566254918012,91,1.783006399152411,4.127795432817869e-08,0.00439506226076503,7,13.874312648240512,1932,0.5298590753226308,0.7803457975387573,0.25045889616012573,1.2913280725479126,0.6486616225833627,COMPLETE
188,0.645700074683324,2025-12-22 01:22:32.656258,2025-12-22 01:22:34.192375,0 days 00:00:01.536117,2.9827024544363816e-10,0.4967086653099579,97,1.1880654842842295,1.6760266078280677e-05,0.005498375379065212,6,20.229938148921633,1999,0.5001582165945986,0.7831419706344604,0.2799072265625,1.2657067775726318,0.645700074683324,COMPLETE
189,0.6242850424909684,2025-12-22 01:22:34.192556,2025-12-22 01:22:35.367401,0 days 00:00:01.174845,1.1382064121695724e-09,0.4863957877624283,80,1.552066256627593,1.39741593017756e-09,0.004777360198332965,6,10.607910154879496,1870,0.516536478083116,0.7929304242134094,0.24910098314285278,1.2924972772598267,0.6242850424909684,COMPLETE
190,0.4763530806448393,2025-12-22 01:22:35.367550,2025-12-22 01:22:36.025817,0 days 00:00:00.658267,1.5332227259699498e-10,0.3680245191615128,87,1.262982195912248,2.234490445004107e-09,0.005997037679883411,6,4.809056770449381,1935,0.5085364689048139,0.8795471787452698,0.18163728713989258,1.3493101596832275,0.4763530806448393,COMPLETE
191,0.6548656687980643,2025-12-22 01:22:36.025949,2025-12-22 01:22:37.806785,0 days 00:00:01.780836,8.102670289232797e-09,0.3044939147113772,101,1.0384216312970158,8.100833766052652e-09,0.004058274652637979,6,21.604236792347304,1893,0.521273970174847,0.7840902805328369,0.276167094707489,1.2689895629882812,0.6548656687980643,COMPLETE
192,0.6518743732070654,2025-12-22 01:22:37.806938,2025-12-22 01:22:39.595391,0 days 00:00:01.788453,3.6878745275155164e-09,0.5118649428869348,104,1.0209425630200128,3.02550077319195e-08,0.004095938276314635,6,20.467439903814704,1963,0.520901092113289,0.7719948291778564,0.284915030002594,1.2612979412078857,0.6518743732070654,COMPLETE
193,0.6477989395455166,2025-12-22 01:22:39.595583,2025-12-22 01:22:41.073577,0 days 00:00:01.477994,1.0349687946570356e-08,0.3217062165642504,96,1.4424313428787825,2.302385968742937e-07,0.0049007530133389245,7,13.968065901002312,1914,0.5328018226989698,0.7770231366157532,0.25921982526779175,1.2837591171264648,0.6477989395455166,COMPLETE
194,0.6148913827455332,2025-12-22 01:22:41.073782,2025-12-22 01:22:42.894433,0 days 00:00:01.820651,2.162561664383453e-09,0.30252189157073517,100,1.0977703752875954,6.568116405140601e-08,0.004463549438249421,6,41.292975739271775,1893,0.5099193646801035,0.8322122097015381,0.24577093124389648,1.2953600883483887,0.6148913827455332,COMPLETE
195,0.6593939284220074,2025-12-22 01:22:42.894613,2025-12-22 01:22:43.754718,0 days 00:00:00.860105,6.409677742374896e-09,0.3439207547354404,94,1.7125407677363456,1.247122051993258e-06,0.0068315716864695685,5,20.61961966549393,1999,0.5201383774094661,0.7902236580848694,0.26256418228149414,1.280858039855957,0.6593939284220074,COMPLETE
196,0.6091831313801684,2025-12-22 01:22:43.754865,2025-12-22 01:22:45.035973,0 days 00:00:01.281108,5.026811401792346e-09,0.3503446778852872,90,2.010898921130331,8.699936335042252e-09,0.0064961470367731165,5,33.14667754786951,1998,0.5446463541537716,0.8389018774032593,0.26484763622283936,1.2788734436035156,0.6091831313801684,COMPLETE
197,0.6565117076978626,2025-12-22 01:22:45.036143,2025-12-22 01:22:46.495721,0 days 00:00:01.459578,7.76166268170855e-09,0.3864192283876593,102,1.3178655411852975,4.719996874452409e-09,0.007874863934486106,5,14.727765953693412,1963,0.5226560542309929,0.7647073268890381,0.2754676342010498,1.2696024179458618,0.6565117076978626,COMPLETE
198,0.527469529611467,2025-12-22 01:22:46.495874,2025-12-22 01:22:47.139065,0 days 00:00:00.643191,1.1363507951229388e-08,0.38580413209470066,103,1.3558317403331448,2.5064917515596253e-09,0.007463631470519408,5,6.545563124967315,1963,0.5251183498222944,0.8355796933174133,0.2035977840423584,1.3310829401016235,0.527469529611467,COMPLETE
199,0.6561580407053358,2025-12-22 01:22:47.139212,2025-12-22 01:22:47.899047,0 days 00:00:00.759835,6.5258142145332535e-09,0.3283298012457321,100,1.7491293172482512,4.240445998852764e-09,0.008494862061743587,7,14.0477683146268,1972,0.5006534602868328,0.7848600745201111,0.25879186391830444,1.2841298580169678,0.6561580407053358,COMPLETE
