number,value,datetime_start,datetime_complete,duration,params_alpha,params_l1_ratio,params_max_iter,params_selection,params_tol,user_attrs_mae,user_attrs_r2,user_attrs_rmse,user_attrs_spearman_rho,state
0,0.4103296538743209,2025-12-22 11:15:59.163003,2025-12-22 11:16:03.598030,0 days 00:00:04.435027,2.284617913350997e-06,0.7539455336972533,1630,random,0.003835148213588381,0.8070406913757324,-0.03288102149963379,1.1390217542648315,0.4103296538743209,COMPLETE
1,0.0,2025-12-22 11:16:03.598281,2025-12-22 11:16:03.619484,0 days 00:00:00.021203,9.425607102366223,0.6626993176187067,17694,random,0.0005427437264182731,0.8447152972221375,-0.04399573802947998,1.1451337337493896,0.0,COMPLETE
2,0.0,2025-12-22 11:16:03.619606,2025-12-22 11:16:03.639806,0 days 00:00:00.020200,1.218471908914609,0.9480476275430798,8391,cyclic,0.002935426978545943,0.8447152972221375,-0.04399573802947998,1.1451337337493896,0.0,COMPLETE
3,0.28875384573333024,2025-12-22 11:16:03.639918,2025-12-22 11:16:04.263390,0 days 00:00:00.623472,0.11303919253164209,0.5015483175381976,14047,random,6.049478210341124e-05,0.7930715680122375,0.04839015007019043,1.0932923555374146,0.28875384573333024,COMPLETE
4,0.3646567211438726,2025-12-22 11:16:04.263497,2025-12-22 11:17:18.357807,0 days 00:01:14.094310,7.562361033003313e-06,0.3712964769295307,4386,cyclic,9.237560585331417e-06,0.9790422916412354,-0.5563490390777588,1.3981711864471436,0.3646567211438726,COMPLETE
5,0.0,2025-12-22 11:17:18.358132,2025-12-22 11:17:18.382472,0 days 00:00:00.024340,5.276352000238959,0.7252849098186717,7284,cyclic,0.0004619673749674722,0.8447152972221375,-0.04399573802947998,1.1451337337493896,0.0,COMPLETE
6,0.42455160481766874,2025-12-22 11:17:18.382591,2025-12-22 11:17:19.993160,0 days 00:00:01.610569,7.150815929893408e-05,0.9533333294979169,2669,random,0.006279222463716709,0.787616491317749,0.011306226253509521,1.1143914461135864,0.42455160481766874,COMPLETE
7,0.42157132027109134,2025-12-22 11:17:19.993283,2025-12-22 11:17:21.604311,0 days 00:00:01.611028,2.364599439843339e-05,0.047507806828346655,11650,random,0.007056345144521316,0.7913674712181091,0.003748178482055664,1.118642807006836,0.42157132027109134,COMPLETE
8,0.4415139057714707,2025-12-22 11:17:21.604536,2025-12-22 11:20:27.127937,0 days 00:03:05.523401,0.012861076413735592,0.07883236626430479,11250,cyclic,3.7506021529376e-05,0.7557694911956787,0.0650988221168518,1.0836516618728638,0.4415139057714707,COMPLETE
9,0.36248108178404687,2025-12-22 11:20:27.128159,2025-12-22 11:20:28.032392,0 days 00:00:00.904233,0.1315368379294768,0.11725958915798984,11552,random,3.150472851661079e-05,0.7672470808029175,0.05602729320526123,1.08889639377594,0.36248108178404687,COMPLETE
10,0.3573404005976999,2025-12-22 11:20:28.032600,2025-12-22 11:25:34.045244,0 days 00:05:06.012644,1.5616622355431173e-08,0.2673932986224049,19439,cyclic,1.3864081882118125e-06,1.034027099609375,-0.8624415397644043,1.529495358467102,0.3573404005976999,COMPLETE
11,0.4216786127168725,2025-12-22 11:25:34.045507,2025-12-22 11:25:49.910709,0 days 00:00:15.865202,0.0027693474521511513,0.9932251487866757,1084,cyclic,0.00026063612313167675,0.7688853740692139,0.04123103618621826,1.0973970890045166,0.4216786127168725,COMPLETE
12,0.43503460925412313,2025-12-22 11:25:49.911029,2025-12-22 11:26:25.863812,0 days 00:00:35.952783,0.001508485625873354,0.5064656995456548,14704,random,1.0700027050598204e-05,0.7702881693840027,0.03477883338928223,1.101083517074585,0.43503460925412313,COMPLETE
13,0.43492349485604875,2025-12-22 11:26:25.864143,2025-12-22 11:30:29.655777,0 days 00:04:03.791634,0.0035019252175567312,0.4777808361516309,14982,cyclic,5.399449867752723e-06,0.7639296054840088,0.04596489667892456,1.0946846008300781,0.43492349485604875,COMPLETE
14,0.4302985466570793,2025-12-22 11:30:29.656107,2025-12-22 11:31:00.284402,0 days 00:00:30.628295,0.0018843383726420955,0.21205342135482796,15096,random,1.5814765496758905e-05,0.7809982299804688,0.018704712390899658,1.1102139949798584,0.4302985466570793,COMPLETE
15,0.35250609685145,2025-12-22 11:31:00.284697,2025-12-22 11:31:03.861968,0 days 00:00:03.577271,0.04017954930659989,0.5761268979483769,8992,cyclic,1.6421613198528155e-06,0.7749401926994324,0.05286121368408203,1.0907210111618042,0.35250609685145,COMPLETE
16,0.36227930430079314,2025-12-22 11:31:03.862142,2025-12-22 11:32:07.408235,0 days 00:01:03.546093,5.757790198415768e-07,0.36601618534818803,17090,random,0.00012657457675369614,0.9493046402931213,-0.49354422092437744,1.369669795036316,0.36227930430079314,COMPLETE
17,0.3928653360366761,2025-12-22 11:32:07.408556,2025-12-22 11:35:48.674213,0 days 00:03:41.265657,0.0004630490403960789,0.1781042068660955,12838,cyclic,4.212064486556143e-06,0.8501793742179871,-0.1692817211151123,1.2118990421295166,0.3928653360366761,COMPLETE
18,0.43943632440397523,2025-12-22 11:35:48.674521,2025-12-22 11:35:55.803566,0 days 00:00:07.129045,0.013644038285988366,0.008109995462424954,5796,random,2.6617219264244744e-05,0.7622648477554321,0.05447578430175781,1.089790940284729,0.43943632440397523,COMPLETE
19,0.4452760275761884,2025-12-22 11:35:55.803829,2025-12-22 11:37:25.151973,0 days 00:01:29.348144,0.010870448661784098,0.04178626986957067,5749,cyclic,2.877158953974566e-05,0.7576788067817688,0.06469845771789551,1.0838836431503296,0.4452760275761884,COMPLETE
20,0.23375059453931796,2025-12-22 11:37:25.152293,2025-12-22 11:37:25.949999,0 days 00:00:00.797706,0.36844606820415526,0.31416893604673035,9766,cyclic,9.183103937760389e-05,0.8093429803848267,0.0304376482963562,1.1035568714141846,0.23375059453931796,COMPLETE
21,0.4448947327445629,2025-12-22 11:37:25.950138,2025-12-22 11:39:12.418922,0 days 00:01:46.468784,0.016628926950795805,0.03975652919063316,6423,cyclic,3.180085677638258e-05,0.7537068128585815,0.06858742237091064,1.0816279649734497,0.4448947327445629,COMPLETE
22,0.37745661231127303,2025-12-22 11:39:12.419240,2025-12-22 11:40:59.437334,0 days 00:01:47.018094,0.0001913701613939462,0.10438002722964182,6192,cyclic,4.4112302880464e-05,0.9274978041648865,-0.41174042224884033,1.331632137298584,0.37745661231127303,COMPLETE
23,0.42057343853331336,2025-12-22 11:40:59.437654,2025-12-22 11:42:01.860839,0 days 00:01:02.423185,0.018106763639895544,0.11349289936519999,4420,cyclic,0.00017723377641386032,0.7608994245529175,0.04347509145736694,1.0961121320724487,0.42057343853331336,COMPLETE
24,0.4362796008722554,2025-12-22 11:42:01.861162,2025-12-22 11:44:01.081697,0 days 00:01:59.220535,0.011129344645725741,0.0034601730501011563,6916,cyclic,2.267824349766518e-05,0.7673794627189636,0.04555994272232056,1.0949169397354126,0.4362796008722554,COMPLETE
25,0.19973783698135555,2025-12-22 11:44:01.082023,2025-12-22 11:44:01.661879,0 days 00:00:00.579856,0.9797118156296738,0.19425496515865168,10499,cyclic,3.6786576932740674e-06,0.8217422366142273,0.012214958667755127,1.1138790845870972,0.19973783698135555,COMPLETE
26,0.3865403896631827,2025-12-22 11:44:01.662006,2025-12-22 11:44:23.308223,0 days 00:00:21.646217,0.08629121040995225,0.08863895586280274,4036,cyclic,5.734865054522224e-05,0.7609452605247498,0.05452227592468262,1.08976411819458,0.3865403896631827,COMPLETE
27,0.4218581864876011,2025-12-22 11:44:23.308400,2025-12-22 11:44:31.624419,0 days 00:00:08.316019,0.0005021075843655768,0.26422568026149096,8170,cyclic,0.0009442080669229621,0.8087791800498962,-0.043807268142700195,1.1450303792953491,0.4218581864876011,COMPLETE
28,0.4397150386454607,2025-12-22 11:44:31.624603,2025-12-22 11:45:55.029640,0 days 00:01:23.405037,0.007933485432089013,0.15612389788765796,5612,cyclic,1.100394250685741e-05,0.7581946849822998,0.06169426441192627,1.085623025894165,0.4397150386454607,COMPLETE
29,0.3463684503479408,2025-12-22 11:45:55.029972,2025-12-22 11:46:01.328384,0 days 00:00:06.298412,0.3965931454908612,0.042908651627542184,2645,cyclic,6.0863489225179895e-05,0.7680479288101196,0.058335304260253906,1.087564468383789,0.3463684503479408,COMPLETE
30,0.3652111911274007,2025-12-22 11:46:01.328541,2025-12-22 11:46:49.273858,0 days 00:00:47.945317,5.396516918808461e-07,0.25985938511406836,12018,cyclic,0.0002237094395253175,0.9625164270401001,-0.49027979373931885,1.3681721687316895,0.3652111911274007,COMPLETE
31,0.4404177481874644,2025-12-22 11:46:49.274182,2025-12-22 11:48:16.639706,0 days 00:01:27.365524,0.007270341204831249,0.1636259649258304,5309,cyclic,1.2899483691910597e-05,0.7592759132385254,0.05929619073867798,1.0870094299316406,0.4404177481874644,COMPLETE
32,0.42478305477524925,2025-12-22 11:48:16.640040,2025-12-22 11:50:14.468862,0 days 00:01:57.828822,0.02603259142941631,0.06853316323215689,7094,cyclic,1.7442933296006006e-05,0.75734543800354,0.052944839000701904,1.0906728506088257,0.42478305477524925,COMPLETE
33,0.3949436617792205,2025-12-22 11:50:14.469193,2025-12-22 11:51:08.493030,0 days 00:00:54.023837,0.0006950740575238372,0.1589661852908379,3452,cyclic,5.771128411774126e-06,0.8408979773521423,-0.1421273946762085,1.197744369506836,0.3949436617792205,COMPLETE
34,0.4285302152239107,2025-12-22 11:51:08.493354,2025-12-22 11:53:33.622002,0 days 00:02:25.128648,0.005939498856811858,0.0015070673678554136,9221,cyclic,2.8070582636410075e-06,0.7801167368888855,0.020589590072631836,1.109147310256958,0.4285302152239107,COMPLETE
35,0.3738641728248703,2025-12-22 11:53:33.622225,2025-12-22 11:55:03.139828,0 days 00:01:29.517603,0.00010256568067791973,0.22222689436920237,5688,cyclic,3.6938796539406466e-05,0.9444642066955566,-0.4650670289993286,1.3565493822097778,0.3738641728248703,COMPLETE
36,0.3438974255647123,2025-12-22 11:55:03.140111,2025-12-22 11:55:05.425960,0 days 00:00:02.285849,0.06680792098134919,0.37687176457193067,7861,cyclic,7.872133373253475e-05,0.7770240902900696,0.05071526765823364,1.0919559001922607,0.3438974255647123,COMPLETE
37,0.1780590400069999,2025-12-22 11:55:05.426123,2025-12-22 11:55:05.674685,0 days 00:00:00.248562,0.33251208516857034,0.8456298562505167,4713,cyclic,0.001762477589297039,0.8312830328941345,-0.010523200035095215,1.1266266107559204,0.1780590400069999,COMPLETE
38,0.0,2025-12-22 11:55:05.674804,2025-12-22 11:55:05.700512,0 days 00:00:00.025708,5.420284488799042,0.14133273346583136,2661,cyclic,1.2094717551154186e-05,0.8447152972221375,-0.04399573802947998,1.1451337337493896,0.0,COMPLETE
39,0.3617805207250724,2025-12-22 11:55:05.700608,2025-12-22 11:58:26.663628,0 days 00:03:20.963020,3.853273436513604e-05,0.08488799170451396,12767,cyclic,7.279831741091494e-06,1.011551856994629,-0.7679393291473389,1.490186095237732,0.3617805207250724,COMPLETE
40,0.0,2025-12-22 11:58:26.663954,2025-12-22 11:58:26.693538,0 days 00:00:00.029584,1.9775341604592602,0.3067859079415616,10175,cyclic,0.00012754651854535764,0.8447152972221375,-0.04399573802947998,1.1451337337493896,0.0,COMPLETE
41,0.44358379763525946,2025-12-22 11:58:26.693640,2025-12-22 11:59:50.554476,0 days 00:01:23.860836,0.007241661877309267,0.15153846557401443,5086,cyclic,1.786645601439934e-05,0.7578941583633423,0.062188923358917236,1.0853368043899536,0.44358379763525946,COMPLETE
42,0.4331677012671987,2025-12-22 11:59:50.554793,2025-12-22 12:01:33.025185,0 days 00:01:42.470392,0.03122673134333943,0.03583335410058596,6647,cyclic,2.106138477919929e-05,0.7531403303146362,0.06221848726272583,1.0853196382522583,0.4331677012671987,COMPLETE
43,0.40497267186959507,2025-12-22 12:01:33.025508,2025-12-22 12:03:36.774523,0 days 00:02:03.749015,0.001094470801461161,0.06461277313322324,7883,cyclic,3.6801387613456843e-05,0.8222214579582214,-0.0848006010055542,1.1672981977462769,0.40497267186959507,COMPLETE
44,0.44362906401421875,2025-12-22 12:03:36.774853,2025-12-22 12:04:54.356147,0 days 00:01:17.581294,0.0046495406570033265,0.12271012529749017,5023,cyclic,1.4252779656406762e-05,0.7634416222572327,0.05503249168395996,1.0894700288772583,0.44362906401421875,COMPLETE
45,0.4259403767629492,2025-12-22 12:04:54.356471,2025-12-22 12:05:18.422402,0 days 00:00:24.065931,0.0031802112427074987,0.12109575217539907,1420,cyclic,8.039705439608144e-06,0.7832192778587341,0.01265949010848999,1.1136285066604614,0.4259403767629492,COMPLETE
46,0.316883438859834,2025-12-22 12:05:18.422633,2025-12-22 12:05:19.000194,0 days 00:00:00.577561,0.1836607243260478,0.19932136748860563,3567,random,5.219559518604284e-05,0.7834078073501587,0.049874186515808105,1.0924395322799683,0.316883438859834,COMPLETE
47,0.361330366182804,2025-12-22 12:05:19.000318,2025-12-22 12:05:21.437179,0 days 00:00:02.436861,0.04300157938899501,0.42738300029715603,4802,cyclic,0.000410333499874257,0.7719143629074097,0.05160742998123169,1.091442584991455,0.361330366182804,COMPLETE
48,0.4394832764146786,2025-12-22 12:05:21.437312,2025-12-22 12:07:48.571570,0 days 00:02:27.134258,0.0018317164195652087,0.623260159238261,8877,cyclic,1.8622516378874565e-05,0.7639285326004028,0.04563957452774048,1.0948712825775146,0.4394832764146786,COMPLETE
49,0.3836548837654437,2025-12-22 12:07:48.571893,2025-12-22 12:08:25.468228,0 days 00:00:36.896335,0.00023301523801897445,0.24174702577993584,2340,random,2.291428145084387e-06,0.8724660873413086,-0.22664165496826172,1.2412683963775635,0.3836548837654437,COMPLETE
50,0.22759998754137714,2025-12-22 12:08:25.468544,2025-12-22 12:08:26.096811,0 days 00:00:00.628267,0.14367524326401718,0.77219223498036,3298,cyclic,3.0890315554702035e-05,0.8107510209083557,0.026926875114440918,1.1055530309677124,0.22759998754137714,COMPLETE
51,0.44086267439833404,2025-12-22 12:08:26.096940,2025-12-22 12:09:45.272473,0 days 00:01:19.175533,0.008084996196780938,0.14342524784899213,5167,cyclic,1.3736537469262676e-05,0.7585481405258179,0.06046944856643677,1.0863312482833862,0.44086267439833404,COMPLETE
52,0.4308442683646945,2025-12-22 12:09:45.272789,2025-12-22 12:11:37.774180,0 days 00:01:52.501391,0.0032606097426117124,0.06571739652309855,6580,cyclic,1.561871667457168e-05,0.7830321788787842,0.018019020557403564,1.1106019020080566,0.4308442683646945,COMPLETE
53,0.423849933873202,2025-12-22 12:11:37.774494,2025-12-22 12:13:01.962186,0 days 00:01:24.187692,0.015190176958821749,0.1281310190643272,5146,cyclic,2.732639687837508e-05,0.7608996033668518,0.04762625694274902,1.0937310457229614,0.423849933873202,COMPLETE
54,0.43390064116824684,2025-12-22 12:13:01.962509,2025-12-22 12:14:03.460871,0 days 00:01:01.498362,0.00518361919933809,0.30384459295710364,4033,cyclic,7.691314547716305e-06,0.7625749111175537,0.05012977123260498,1.0922925472259521,0.43390064116824684,COMPLETE
55,0.3956328445663261,2025-12-22 12:14:03.461192,2025-12-22 12:16:13.442612,0 days 00:02:09.981420,0.0010076248770424154,0.02684317721001215,7490,cyclic,7.835356124016063e-05,0.8396966457366943,-0.13219058513641357,1.1925225257873535,0.3956328445663261,COMPLETE
56,0.38980169028286493,2025-12-22 12:16:13.442934,2025-12-22 12:16:39.337918,0 days 00:00:25.894984,0.06901296369772515,0.09797208085316209,1807,cyclic,4.5890441792714624e-05,0.7618764638900757,0.05222928524017334,1.0910847187042236,0.38980169028286493,COMPLETE
57,0.40861393469277557,2025-12-22 12:16:39.338121,2025-12-22 12:16:44.127251,0 days 00:00:04.789130,0.020348927009486092,0.20232180621192192,11190,random,5.061322777681299e-06,0.7631942629814148,0.04939866065979004,1.0927128791809082,0.40861393469277557,COMPLETE
58,0.41586184890273137,2025-12-22 12:16:44.127422,2025-12-22 12:20:59.911378,0 days 00:04:15.783956,0.0019867339421642915,0.04330451220798848,16327,cyclic,1.057790084405499e-06,0.8040362596511841,-0.034483909606933594,1.1399050951004028,0.41586184890273137,COMPLETE
59,0.4372559565773402,2025-12-22 12:20:59.911696,2025-12-22 12:22:14.393190,0 days 00:01:14.481494,0.009705493839194848,0.13869546921599285,6212,cyclic,0.0001243592841479833,0.7580459713935852,0.060269057750701904,1.0864471197128296,0.4372559565773402,COMPLETE
60,0.36361472329868827,2025-12-22 12:22:14.393520,2025-12-22 12:24:28.850512,0 days 00:02:14.456992,7.359466477380474e-06,0.18042476148120656,8543,cyclic,2.53095316613469e-05,1.0154449939727783,-0.7378817796707153,1.477464199066162,0.36361472329868827,COMPLETE
61,0.4412946761051773,2025-12-22 12:24:28.850840,2025-12-22 12:25:54.552990,0 days 00:01:25.702150,0.004641085678483304,0.1667601410309087,5158,cyclic,1.3367733504208479e-05,0.7624933123588562,0.0567743182182312,1.0884654521942139,0.4412946761051773,COMPLETE
62,0.4376622286388197,2025-12-22 12:25:54.553317,2025-12-22 12:31:32.823273,0 days 00:05:38.269956,0.004212708101958997,0.08507660949687601,19936,cyclic,1.4780816017306961e-05,0.7697480320930481,0.04392218589782715,1.095855951309204,0.4376622286388197,COMPLETE
63,0.385904798303765,2025-12-22 12:31:32.823604,2025-12-22 12:32:45.153901,0 days 00:01:12.330297,0.0003444470333446626,0.11550923945663057,4183,cyclic,9.56689115789622e-06,0.8850682973861694,-0.26747822761535645,1.2617610692977905,0.385904798303765,COMPLETE
64,0.4358731877095516,2025-12-22 12:32:45.154221,2025-12-22 12:34:31.158635,0 days 00:01:46.004414,0.03528325391030199,0.024247912392860095,6272,cyclic,2.2174246004157672e-05,0.7519362568855286,0.06534099578857422,1.0835113525390625,0.4358731877095516,COMPLETE
65,0.363497167473683,2025-12-22 12:34:31.158964,2025-12-22 12:35:57.332692,0 days 00:01:26.173728,2.0200109169553636e-08,0.17222017244705604,5475,cyclic,3.943762288734089e-05,0.9956182837486267,-0.6230531930923462,1.4278192520141602,0.363497167473683,COMPLETE
66,0.41482894630368383,2025-12-22 12:35:57.333018,2025-12-22 12:38:10.204892,0 days 00:02:12.871874,0.015212776505678961,0.22023323520400725,13919,cyclic,1.1010196023280298e-05,0.762873649597168,0.0485692024230957,1.0931894779205322,0.41482894630368383,COMPLETE
67,0.39471941954975864,2025-12-22 12:38:10.205217,2025-12-22 12:38:49.161562,0 days 00:00:38.956345,0.0006854191111004864,0.0621995804296637,4907,random,6.434010046519073e-05,0.8431535363197327,-0.14147496223449707,1.1974021196365356,0.39471941954975864,COMPLETE
68,0.42037703719462033,2025-12-22 12:38:49.161849,2025-12-22 12:39:38.831633,0 days 00:00:49.669784,0.007942881279431133,0.34420933547075616,3273,cyclic,5.748158876212283e-06,0.764687716960907,0.04344797134399414,1.0961276292800903,0.42037703719462033,COMPLETE
69,0.35724616117174335,2025-12-22 12:39:38.831965,2025-12-22 12:39:42.453585,0 days 00:00:03.621620,0.06774648834822866,0.2809997355135557,9625,cyclic,3.103623583271721e-05,0.7722803950309753,0.05176788568496704,1.0913503170013428,0.35724616117174335,COMPLETE
70,0.4140603124191318,2025-12-22 12:39:42.453731,2025-12-22 12:41:48.398085,0 days 00:02:05.944354,0.25680165437751096,0.0002775283145853291,7285,cyclic,1.7009242247152794e-05,0.7470144033432007,0.0703895092010498,1.0805810689926147,0.4140603124191318,COMPLETE
71,0.44861723517597646,2025-12-22 12:41:48.398405,2025-12-22 12:43:18.344383,0 days 00:01:29.945978,0.006335767116218631,0.15169636727491326,5443,cyclic,1.224418744377553e-05,0.7555943727493286,0.06885135173797607,1.0814746618270874,0.44861723517597646,COMPLETE
72,0.4266147452844438,2025-12-22 12:43:18.344712,2025-12-22 12:44:46.727366,0 days 00:01:28.382654,0.0019055710302880165,0.14487845218527362,5756,cyclic,1.306242949863861e-05,0.786500096321106,0.009521245956420898,1.1153968572616577,0.4266147452844438,COMPLETE
73,0.42072840401788625,2025-12-22 12:44:46.727699,2025-12-22 12:45:52.563819,0 days 00:01:05.836120,0.010734755099390248,0.2423784330008229,4405,cyclic,9.247594116962598e-06,0.76348876953125,0.0450628399848938,1.095202088356018,0.42072840401788625,COMPLETE
74,0.44279175546981,2025-12-22 12:45:52.564157,2025-12-22 12:49:00.345158,0 days 00:03:07.781001,0.005238305254594952,0.11791392705668158,11187,cyclic,2.0910970848560417e-05,0.7619948983192444,0.05579739809036255,1.0890289545059204,0.44279175546981,COMPLETE
75,0.3671787089135932,2025-12-22 12:49:00.345484,2025-12-22 12:51:53.835249,0 days 00:02:53.489765,0.00011182192394232175,0.09268150855629603,11024,cyclic,3.885952937102305e-06,0.9699071645736694,-0.5957270860671997,1.4157485961914062,0.3671787089135932,COMPLETE
76,0.4360673036710363,2025-12-22 12:51:53.835576,2025-12-22 12:55:18.051643,0 days 00:03:24.216067,0.004187442052287856,0.05630196222906381,12361,cyclic,2.164033854846907e-05,0.7739422917366028,0.038169264793395996,1.0991480350494385,0.4360673036710363,COMPLETE
77,0.373836118401487,2025-12-22 12:55:18.051970,2025-12-22 12:55:26.293340,0 days 00:00:08.241370,0.026997991059500098,0.5396360588224177,13639,cyclic,6.842005467460842e-06,0.7671237587928772,0.05312705039978027,1.090567946434021,0.373836118401487,COMPLETE
78,0.4098971300456983,2025-12-22 12:55:26.293504,2025-12-22 12:58:41.319996,0 days 00:03:15.026492,0.001007436499221096,0.10845642162309853,11708,cyclic,4.040624076389086e-05,0.8134608268737793,-0.06351566314697266,1.1557896137237549,0.4098971300456983,COMPLETE
79,0.383560103509541,2025-12-22 12:58:41.320323,2025-12-22 12:58:57.956029,0 days 00:00:16.635706,0.0565366584830657,0.17758386821479916,10595,cyclic,2.925977817010612e-05,0.7623392343521118,0.054436445236206055,1.0898135900497437,0.383560103509541,COMPLETE
80,0.44421466879250826,2025-12-22 12:58:57.956243,2025-12-22 12:59:02.723785,0 days 00:00:04.767542,0.019325238808260224,0.02440173242726168,13231,random,1.799385733891117e-05,0.7542132139205933,0.06649899482727051,1.082839846611023,0.44421466879250826,COMPLETE
81,0.4225935246215674,2025-12-22 12:59:02.723949,2025-12-22 12:59:26.730923,0 days 00:00:24.006974,0.002691043594051097,0.02786385175955043,13255,random,1.943474275348176e-05,0.7936726808547974,-0.0052945613861083984,1.1237081289291382,0.4225935246215674,COMPLETE
82,0.42739027925018264,2025-12-22 12:59:26.731232,2025-12-22 12:59:31.376483,0 days 00:00:04.645251,0.019695237720947688,0.08233093714789333,12749,random,2.5289736238355147e-05,0.758179783821106,0.05198556184768677,1.091225028038025,0.42739027925018264,COMPLETE
83,0.3152033743385006,2025-12-22 12:59:31.376641,2025-12-22 12:59:31.707599,0 days 00:00:00.330958,0.6476299505616349,0.048544136417916064,5959,random,5.315034327998685e-05,0.7812260389328003,0.052384912967681885,1.090995192527771,0.3152033743385006,COMPLETE
84,0.4448346976432822,2025-12-22 12:59:31.707716,2025-12-22 12:59:44.610710,0 days 00:00:12.902994,0.00577208889600543,0.12368581858560061,14756,random,1.7203278274584153e-05,0.7593943476676941,0.06114602088928223,1.0859401226043701,0.4448346976432822,COMPLETE
85,0.36666097151110605,2025-12-22 12:59:44.611014,2025-12-22 12:59:45.570300,0 days 00:00:00.959286,0.1159715865919057,0.12316910921587718,14620,random,3.334535214102267e-05,0.7660900950431824,0.05567532777786255,1.089099407196045,0.36666097151110605,COMPLETE
86,0.4057750821488801,2025-12-22 12:59:45.570419,2025-12-22 12:59:48.272669,0 days 00:00:02.702250,0.041279297603481986,0.09139737662732733,16328,random,1.8086856086255666e-05,0.7611138224601746,0.048484086990356445,1.093238353729248,0.4057750821488801,COMPLETE
87,0.4444039664941499,2025-12-22 12:59:48.272798,2025-12-22 12:59:53.116585,0 days 00:00:04.843787,0.01541748790461913,0.027380856111961713,15556,random,7.176635051286686e-05,0.7560966610908508,0.06454384326934814,1.0839732885360718,0.4444039664941499,COMPLETE
88,0.4395815083113453,2025-12-22 12:59:53.116721,2025-12-22 12:59:59.351784,0 days 00:00:06.235063,0.012057784841189897,0.014521045436877312,15264,random,0.00010340257605479723,0.7627395391464233,0.05414646863937378,1.0899807214736938,0.4395815083113453,COMPLETE
89,0.4385719799397172,2025-12-22 12:59:59.351949,2025-12-22 13:00:01.076173,0 days 00:00:01.724224,0.005912335320902906,0.05139464153992036,18255,random,0.004148143916684857,0.7667539119720459,0.048112452030181885,1.0934518575668335,0.4385719799397172,COMPLETE
90,0.41697769357724396,2025-12-22 13:00:01.076321,2025-12-22 13:00:27.323387,0 days 00:00:26.247066,0.0013495681215473028,0.11214242165353343,15760,random,7.187597202944893e-05,0.8014907240867615,-0.028445005416870117,1.136573076248169,0.41697769357724396,COMPLETE
91,0.4346330328563411,2025-12-22 13:00:27.323659,2025-12-22 13:00:31.783508,0 days 00:00:04.459849,0.017563332675697593,0.07209796035197902,14247,random,5.039710652199483e-05,0.7565474510192871,0.05898928642272949,1.0871866941452026,0.4346330328563411,COMPLETE
92,0.44099660092519605,2025-12-22 13:00:31.783662,2025-12-22 13:00:35.857639,0 days 00:00:04.073977,0.025894102125051086,0.029041808601462896,17524,random,1.0442423013677181e-05,0.7522992491722107,0.06758540868759155,1.082209587097168,0.44099660092519605,COMPLETE
93,0.4367484941197513,2025-12-22 13:00:35.857793,2025-12-22 13:00:45.519306,0 days 00:00:09.661513,0.002834996497559985,0.14981466166294094,15266,random,0.00018620893751554926,0.7723934054374695,0.03819316625595093,1.0991343259811401,0.4367484941197513,COMPLETE
94,0.43095960126713173,2025-12-22 13:00:45.519496,2025-12-22 13:00:58.325292,0 days 00:00:12.805796,0.006199599706595751,0.005922312105919342,11925,random,2.2282226081044525e-05,0.7770282030105591,0.029405951499938965,1.1041438579559326,0.43095960126713173,COMPLETE
95,0.39072213751919915,2025-12-22 13:00:58.325469,2025-12-22 13:01:00.116972,0 days 00:00:01.791503,0.04232519671313241,0.19325199987798866,13119,random,4.41589377110672e-05,0.762058675289154,0.05447268486022949,1.0897926092147827,0.39072213751919915,COMPLETE
96,0.4417612631572514,2025-12-22 13:01:00.117111,2025-12-22 13:01:04.969103,0 days 00:00:04.851992,0.013544493625820624,0.07264315697189881,12280,random,9.113655163211225e-05,0.7554395198822021,0.0653076171875,1.0835306644439697,0.4417612631572514,COMPLETE
97,0.4450199427327083,2025-12-22 13:01:04.969344,2025-12-22 13:01:11.737433,0 days 00:00:06.768089,0.008476464379590367,0.0687102466016806,14235,random,9.161180140518803e-05,0.7581515312194824,0.06311380863189697,1.0848015546798706,0.4450199427327083,COMPLETE
98,0.3714322585252842,2025-12-22 13:01:11.737593,2025-12-22 13:01:12.592485,0 days 00:00:00.854892,0.1031158770927117,0.12562978680579565,14508,random,0.0001522547924493602,0.764728307723999,0.05551236867904663,1.089193344116211,0.3714322585252842,COMPLETE
99,0.3890387795438126,2025-12-22 13:01:12.592616,2025-12-22 13:02:23.778542,0 days 00:01:11.185926,0.0005530962179987973,0.038521020765061906,13491,random,1.595804725657385e-05,0.8589617013931274,-0.18992352485656738,1.222549319267273,0.3890387795438126,COMPLETE
100,0.42759125365642714,2025-12-22 13:02:23.778699,2025-12-22 13:02:53.093297,0 days 00:00:29.314598,0.0022452119324643666,0.09674639921153914,3704,random,8.251808364457616e-06,0.7867437601089478,0.009780168533325195,1.115251064300537,0.42759125365642714,COMPLETE
101,0.4454255509244926,2025-12-22 13:02:53.093459,2025-12-22 13:02:58.772646,0 days 00:00:05.679187,0.010806820584721964,0.07212212678934932,15740,random,9.49575377369487e-05,0.7554666996002197,0.0676451325416565,1.0821750164031982,0.4454255509244926,COMPLETE
102,0.4427656568816422,2025-12-22 13:02:58.772803,2025-12-22 13:03:04.166455,0 days 00:00:05.393652,0.008010741433480219,0.058266303864589225,16407,random,0.00021316855828889725,0.7609477639198303,0.05863368511199951,1.0873920917510986,0.4427656568816422,COMPLETE
103,0.42741187236378564,2025-12-22 13:03:04.166607,2025-12-22 13:03:16.371321,0 days 00:00:12.204714,0.004022462972530011,0.017340042690860685,15841,random,9.218908699022421e-05,0.7848392724990845,0.014928221702575684,1.1123483180999756,0.42741187236378564,COMPLETE
104,0.41617598186467647,2025-12-22 13:03:16.371479,2025-12-22 13:03:19.746107,0 days 00:00:03.374628,0.023965567191360657,0.10275439236608269,17052,random,6.487430651733455e-05,0.7616169452667236,0.04270225763320923,1.0965548753738403,0.41617598186467647,COMPLETE
105,0.4385876838120526,2025-12-22 13:03:19.746257,2025-12-22 13:03:25.575929,0 days 00:00:05.829672,0.008834956016259193,0.14243664052028154,15488,random,0.00013192173193304638,0.758904218673706,0.05868065357208252,1.087364912033081,0.4385876838120526,COMPLETE
106,0.41436375407190995,2025-12-22 13:03:25.576087,2025-12-22 13:03:55.206198,0 days 00:00:29.630111,0.0014835638496728492,0.07507950114388871,14046,random,3.391023165205518e-05,0.8048905730247498,-0.03736424446105957,1.1414909362792969,0.41436375407190995,COMPLETE
107,0.31992404764954535,2025-12-22 13:03:55.206358,2025-12-22 13:03:55.821126,0 days 00:00:00.614768,0.05094009861302568,0.7109175063249047,14966,random,0.00026376533588388316,0.7840921878814697,0.047455787658691406,1.0938289165496826,0.31992404764954535,COMPLETE
108,0.44408927375357693,2025-12-22 13:03:55.821244,2025-12-22 13:03:59.656281,0 days 00:00:03.835037,0.012700072668154623,0.032507264422492396,17034,random,0.0003207644000031942,0.757813572883606,0.06261664628982544,1.0850892066955566,0.44408927375357693,COMPLETE
109,0.4451953338677745,2025-12-22 13:03:59.656418,2025-12-22 13:04:02.903315,0 days 00:00:03.246897,0.014123675396381957,0.04408389820867534,17138,random,0.0003669113886705106,0.7548469305038452,0.06727701425552368,1.0823885202407837,0.4451953338677745,COMPLETE
110,0.43790743018294226,2025-12-22 13:04:02.903465,2025-12-22 13:04:06.313299,0 days 00:00:03.409834,0.013874436124966425,5.7106097002108946e-05,16884,random,0.0006852944550219092,0.7642642855644226,0.05103975534439087,1.0917692184448242,0.43790743018294226,COMPLETE
111,0.4417559498865555,2025-12-22 13:04:06.313448,2025-12-22 13:04:09.072105,0 days 00:00:02.758657,0.020823082773751257,0.040227782664913524,16724,random,0.00033296950810585054,0.7530577182769775,0.06744581460952759,1.0822906494140625,0.4417559498865555,COMPLETE
112,0.4250880161576083,2025-12-22 13:04:09.072245,2025-12-22 13:04:10.711526,0 days 00:00:01.639281,0.036019782450154296,0.044647835020151884,6735,random,0.0006496538236312194,0.7547503709793091,0.05644714832305908,1.0886542797088623,0.4250880161576083,COMPLETE
113,0.3882143547104466,2025-12-22 13:04:10.711667,2025-12-22 13:04:11.260896,0 days 00:00:00.549229,0.192575828969494,0.022197400789958258,18464,random,0.0003995729346682717,0.7570458054542542,0.054621994495391846,1.0897066593170166,0.3882143547104466,COMPLETE
114,0.4455062816430638,2025-12-22 13:04:11.261010,2025-12-22 13:04:16.056819,0 days 00:00:04.795809,0.011191171370923063,0.06116724010057155,17984,random,0.00011224737218552612,0.7555854916572571,0.06713676452636719,1.0824699401855469,0.4455062816430638,COMPLETE
115,0.39350522963497286,2025-12-22 13:04:16.056962,2025-12-22 13:04:17.094872,0 days 00:00:01.037910,0.08002655426175341,0.06386895723576926,18138,random,0.0002900112973188023,0.7608315348625183,0.05069994926452637,1.0919647216796875,0.39350522963497286,COMPLETE
116,0.44186692304088276,2025-12-22 13:04:17.094992,2025-12-22 13:04:19.808595,0 days 00:00:02.713603,0.011221707003113294,0.08857227702997317,18818,random,0.0012862689822783443,0.7564183473587036,0.06451284885406494,1.0839911699295044,0.44186692304088276,COMPLETE
117,0.42375547238630223,2025-12-22 13:04:19.808743,2025-12-22 13:04:27.057519,0 days 00:00:07.248776,0.0030881705388397396,0.9119559940833921,17373,random,0.00015383549727230304,0.7667732238769531,0.045178890228271484,1.0951354503631592,0.42375547238630223,COMPLETE
118,0.37738894386506566,2025-12-22 13:04:27.057677,2025-12-22 13:04:28.920286,0 days 00:00:01.862609,0.029410500229496216,0.4525950013496526,17866,random,0.00010297739344992439,0.7655572295188904,0.0544893741607666,1.0897830724716187,0.37738894386506566,COMPLETE
119,0.4344789225616764,2025-12-22 13:04:28.920426,2025-12-22 13:04:34.541845,0 days 00:00:05.621419,0.005653562074050992,0.03414963563522554,15907,random,0.00046147621822177246,0.7720600962638855,0.03990817070007324,1.0981539487838745,0.4344789225616764,COMPLETE
120,0.4419697645042207,2025-12-22 13:04:34.541987,2025-12-22 13:04:38.500938,0 days 00:00:03.958951,0.015974362459332144,0.059019156710049245,14866,random,7.994793619842904e-05,0.7544291615486145,0.06621366739273071,1.0830053091049194,0.4419697645042207,COMPLETE
121,0.4457113195861144,2025-12-22 13:04:38.501093,2025-12-22 13:04:46.452617,0 days 00:00:07.951524,0.00888080462922934,0.0769221093597738,19067,random,2.6355761859591948e-05,0.7566190958023071,0.06562590599060059,1.0833461284637451,0.4457113195861144,COMPLETE
122,0.4455799809470949,2025-12-22 13:04:46.452780,2025-12-22 13:04:52.245342,0 days 00:00:05.792562,0.008868063877605312,0.07823445266322475,19820,random,0.00011356830221354132,0.7565961480140686,0.06570285558700562,1.0833015441894531,0.4455799809470949,COMPLETE
123,0.44552026454308846,2025-12-22 13:04:52.245499,2025-12-22 13:04:57.126444,0 days 00:00:04.880945,0.009801378743147746,0.07396974194677042,19570,random,0.0002163024043981759,0.7560688853263855,0.06658607721328735,1.082789421081543,0.44552026454308846,COMPLETE
124,0.4437097901065203,2025-12-22 13:04:57.126596,2025-12-22 13:05:02.029996,0 days 00:00:04.903400,0.009129005862279684,0.1066427045012994,19222,random,0.00021638871628414886,0.7566707134246826,0.06521481275558472,1.0835844278335571,0.4437097901065203,COMPLETE
125,0.42293533192857385,2025-12-22 13:05:02.030151,2025-12-22 13:05:05.126294,0 days 00:00:03.096143,0.021890778034476747,0.08709079241832818,19695,random,0.00012401152523522526,0.7592407464981079,0.04829668998718262,1.0933459997177124,0.42293533192857385,COMPLETE
126,0.4445515768799527,2025-12-22 13:05:05.126436,2025-12-22 13:05:13.414625,0 days 00:00:08.288189,0.007619632051383028,0.07162685643389265,19044,random,5.5807371081605124e-05,0.7595248818397522,0.06121116876602173,1.085902452468872,0.4445515768799527,COMPLETE
127,0.43530744813315,2025-12-22 13:05:13.414787,2025-12-22 13:05:27.332067,0 days 00:00:13.917280,0.0036927731487403116,0.07545639086946491,19444,random,6.0404532094130705e-05,0.7747474312782288,0.03552025556564331,1.1006605625152588,0.43530744813315,COMPLETE
128,0.4450650326698765,2025-12-22 13:05:27.332233,2025-12-22 13:05:33.635714,0 days 00:00:06.303481,0.007032834992018981,0.1308366336825439,18777,random,0.00010520418289953131,0.7573814392089844,0.06464684009552002,1.0839135646820068,0.4450650326698765,COMPLETE
129,0.4450924757014552,2025-12-22 13:05:33.635879,2025-12-22 13:05:40.201565,0 days 00:00:06.565686,0.006837656731730049,0.13578890155362347,18989,random,0.00013842602969119214,0.7575145363807678,0.06440222263336182,1.0840553045272827,0.4450924757014552,COMPLETE
130,0.4276617695716057,2025-12-22 13:05:40.201722,2025-12-22 13:05:56.201398,0 days 00:00:15.999676,0.001792778857196032,0.15750505507570065,18766,random,0.00015194030472502078,0.7860174179077148,0.010247349739074707,1.1149879693984985,0.4276617695716057,COMPLETE
131,0.4431034827715358,2025-12-22 13:05:56.201557,2025-12-22 13:06:01.667909,0 days 00:00:05.466352,0.008158860984106767,0.1275870975143665,18990,random,0.00018168328537968538,0.7573796510696411,0.06379014253616333,1.0844098329544067,0.4431034827715358,COMPLETE
132,0.44455805134433146,2025-12-22 13:06:01.668066,2025-12-22 13:06:09.595092,0 days 00:00:07.927026,0.0054780477747463875,0.13202418593931137,19867,random,0.0001463498416326916,0.7596811056137085,0.060743629932403564,1.0861728191375732,0.44455805134433146,COMPLETE
133,0.4439750389470903,2025-12-22 13:06:09.595267,2025-12-22 13:06:19.044885,0 days 00:00:09.449618,0.004893661182842022,0.17267508098493956,19424,random,0.0001104147019935931,0.7597581744194031,0.05961567163467407,1.0868247747421265,0.4439750389470903,COMPLETE
134,0.43852697725227957,2025-12-22 13:06:19.045043,2025-12-22 13:06:27.932172,0 days 00:00:08.887129,0.003353645530395548,0.12982294378678522,19750,random,0.00023550766634064803,0.7698173522949219,0.04363042116165161,1.0960232019424438,0.43852697725227957,COMPLETE
135,0.43023506961117713,2025-12-22 13:06:27.932331,2025-12-22 13:06:40.642688,0 days 00:00:12.710357,0.0024006890541659353,0.11016181425875829,18037,random,0.00017559917724495588,0.7820929288864136,0.019649088382720947,1.1096796989440918,0.43023506961117713,COMPLETE
136,0.40562665753961835,2025-12-22 13:06:40.642857,2025-12-22 13:07:06.399936,0 days 00:00:25.757079,0.0009895074118409092,0.09303489591030026,18357,random,0.00011359748325378068,0.8194704651832581,-0.07670938968658447,1.162936806678772,0.40562665753961835,COMPLETE
137,0.44189957242791783,2025-12-22 13:07:06.400097,2025-12-22 13:07:14.966280,0 days 00:00:08.566183,0.0061363974101938425,0.19123686760329126,18760,random,8.170734291092822e-05,0.7592839002609253,0.060138165950775146,1.0865228176116943,0.44189957242791783,COMPLETE
138,0.41961725105077874,2025-12-22 13:07:14.966439,2025-12-22 13:07:18.650576,0 days 00:00:03.684137,0.011592026485497581,0.21946847806365452,19973,random,0.00013712049049845572,0.7636324167251587,0.04231464862823486,1.0967768430709839,0.41961725105077874,COMPLETE
139,0.39430481095036535,2025-12-22 13:07:18.650715,2025-12-22 13:07:20.133862,0 days 00:00:01.483147,0.042560317980803196,0.14268330020834885,19378,random,0.0001899096990151749,0.7631029486656189,0.05018883943557739,1.0922586917877197,0.39430481095036535,COMPLETE
140,0.4275366428563141,2025-12-22 13:07:20.133984,2025-12-22 13:07:22.929845,0 days 00:00:02.795861,0.02775768721598098,0.054873520762051715,17756,random,9.51005486695126e-05,0.7558140754699707,0.05576431751251221,1.089048147201538,0.4275366428563141,COMPLETE
141,0.4449355086852802,2025-12-22 13:07:22.929988,2025-12-22 13:07:30.901772,0 days 00:00:07.971784,0.007837531634184599,0.07232783866840431,19104,random,4.858126743252985e-05,0.7589365243911743,0.06204783916473389,1.085418462753296,0.4449355086852802,COMPLETE
142,0.44476050153059515,2025-12-22 13:07:30.901935,2025-12-22 13:07:40.809529,0 days 00:00:09.907594,0.005970222092960954,0.1024435434433826,18495,random,3.7317749066625095e-05,0.7603034973144531,0.060224294662475586,1.086472988128662,0.44476050153059515,COMPLETE
143,0.4455939587055182,2025-12-22 13:07:40.809691,2025-12-22 13:07:49.051666,0 days 00:00:08.241975,0.008185240570159782,0.10065406179675512,18677,random,4.401404414220702e-05,0.7567089796066284,0.06588560342788696,1.0831955671310425,0.4455939587055182,COMPLETE
144,0.4457843643987417,2025-12-22 13:07:49.051832,2025-12-22 13:07:55.843601,0 days 00:00:06.791769,0.009850552300506927,0.07442181120688984,18616,random,4.3857868187028735e-05,0.755864143371582,0.06700283288955688,1.082547664642334,0.4457843643987417,COMPLETE
145,0.44424469328255317,2025-12-22 13:07:55.843790,2025-12-22 13:08:03.154098,0 days 00:00:07.310308,0.009597826298042596,0.05129486863853421,17347,random,4.57907931257063e-05,0.7587289810180664,0.06218463182449341,1.0853393077850342,0.44424469328255317,COMPLETE
146,0.431274518381783,2025-12-22 13:08:03.154266,2025-12-22 13:08:08.225127,0 days 00:00:05.070861,0.017175333341768215,0.08371454004788104,18827,random,2.6507046561100003e-05,0.7577581405639648,0.05507552623748779,1.0894452333450317,0.431274518381783,COMPLETE
147,0.44561064334702005,2025-12-22 13:08:08.225302,2025-12-22 13:08:14.729976,0 days 00:00:06.504674,0.01023214420828093,0.06741627274794028,19221,random,6.554376076352687e-05,0.7559412717819214,0.06663095951080322,1.0827633142471313,0.44561064334702005,COMPLETE
148,0.4327029901674688,2025-12-22 13:08:14.730237,2025-12-22 13:08:28.793489,0 days 00:00:14.063252,0.003401655952120663,0.06812243320717361,18507,random,7.257447038056627e-05,0.7784320712089539,0.02795964479446411,1.104966163635254,0.4327029901674688,COMPLETE
149,0.4409171169862962,2025-12-22 13:08:28.793658,2025-12-22 13:08:35.267425,0 days 00:00:06.473767,0.010626708794572217,0.10464653445930988,19494,random,5.215455589124018e-05,0.7570289969444275,0.06279563903808594,1.084985613822937,0.4409171169862962,COMPLETE
150,0.4246167797045333,2025-12-22 13:08:35.267634,2025-12-22 13:08:52.315541,0 days 00:00:17.047907,0.0024186301729194164,0.0495687172782046,19144,random,8.722117606347258e-05,0.7916892170906067,-0.0004991292953491211,1.12102472782135,0.4246167797045333,COMPLETE
151,0.4194644407378865,2025-12-22 13:08:52.315724,2025-12-22 13:08:55.606289,0 days 00:00:03.290565,0.027144162847555036,0.078774348399062,18599,random,4.4090228228706265e-05,0.7593416571617126,0.04674959182739258,1.0942343473434448,0.4194644407378865,COMPLETE
152,0.43896812047065753,2025-12-22 13:08:55.606497,2025-12-22 13:09:01.384439,0 days 00:00:05.777942,0.013997478259802937,0.004466009193708792,18014,random,5.9072914705095114e-05,0.7627623677253723,0.05365663766860962,1.0902628898620605,0.43896812047065753,COMPLETE
153,0.44021454854551695,2025-12-22 13:09:01.384587,2025-12-22 13:09:10.520488,0 days 00:00:09.135901,0.008006265554116987,0.04004158927268559,19215,random,3.4229717988437774e-05,0.7638663649559021,0.05396085977554321,1.0900875329971313,0.44021454854551695,COMPLETE
154,0.43424621888502013,2025-12-22 13:09:10.520660,2025-12-22 13:09:14.497657,0 days 00:00:03.976997,0.019433540325456876,0.06424972027314524,17566,random,6.994696220432835e-05,0.7560005187988281,0.059486985206604004,1.0868991613388062,0.43424621888502013,COMPLETE
155,0.3955113837121683,2025-12-22 13:09:14.497830,2025-12-22 13:09:15.901931,0 days 00:00:01.404101,0.056146253243512606,0.09358149782803155,18196,random,0.00010257200193686088,0.7621443271636963,0.050290584564208984,1.0922001600265503,0.3955113837121683,COMPLETE
156,0.4302932495783272,2025-12-22 13:09:15.902098,2025-12-22 13:09:22.497732,0 days 00:00:06.595634,0.010522397736260427,0.15528678805456997,18960,random,4.02971484169604e-05,0.7605447173118591,0.05051463842391968,1.092071294784546,0.4302932495783272,COMPLETE
157,0.4264031327711334,2025-12-22 13:09:22.497908,2025-12-22 13:09:34.464220,0 days 00:00:11.966312,0.0036231443293615498,0.019392454622145956,19586,random,0.00011572109814731288,0.7871660590171814,0.010145783424377441,1.115045189857483,0.4264031327711334,COMPLETE
158,0.40565549307836246,2025-12-22 13:09:34.464385,2025-12-22 13:09:36.812128,0 days 00:00:02.347743,0.035068124724323614,0.11206770124786,17813,random,2.7384710339882886e-05,0.7618475556373596,0.0487750768661499,1.0930712223052979,0.40565549307836246,COMPLETE
159,0.4452983285090483,2025-12-22 13:09:36.812261,2025-12-22 13:09:41.735480,0 days 00:00:04.923219,0.015062540755069725,0.046922133572738466,19172,random,5.055494690388864e-05,0.7538619041442871,0.06886380910873413,1.0814675092697144,0.4452983285090483,COMPLETE
160,0.4403142208778547,2025-12-22 13:09:41.735607,2025-12-22 13:09:50.349853,0 days 00:00:08.614246,0.007004175859369052,0.050776981125559735,19962,random,6.492825886408525e-05,0.7643836736679077,0.05324733257293701,1.0904985666275024,0.4403142208778547,COMPLETE
161,0.43867332300272516,2025-12-22 13:09:50.350013,2025-12-22 13:09:55.332382,0 days 00:00:04.982369,0.014924988183607065,0.07424298594568662,19199,random,5.162419490708976e-05,0.7561061978340149,0.06226414442062378,1.0852932929992676,0.43867332300272516,COMPLETE
162,0.44106856717591064,2025-12-22 13:09:55.332544,2025-12-22 13:09:58.894491,0 days 00:00:03.561947,0.02210038442266211,0.03921113196724017,18539,random,7.939760584129864e-05,0.7528818249702454,0.06728917360305786,1.0823814868927002,0.44106856717591064,COMPLETE
163,0.43905724786864814,2025-12-22 13:09:58.894632,2025-12-22 13:10:11.126996,0 days 00:00:12.232364,0.004287861943852791,0.08727453410413376,18940,random,3.928934753801277e-05,0.7687743306159973,0.0464896559715271,1.0943835973739624,0.43905724786864814,COMPLETE
164,0.4402037184482604,2025-12-22 13:10:11.127163,2025-12-22 13:10:18.061992,0 days 00:00:06.934829,0.011576249044208469,0.01849968875203931,18191,random,3.188050895808393e-05,0.762326717376709,0.05523836612701416,1.0893514156341553,0.4402037184482604,COMPLETE
165,0.4429859737215588,2025-12-22 13:10:18.062183,2025-12-22 13:10:25.831547,0 days 00:00:07.769364,0.0074522398139693176,0.061698415305453475,19557,random,6.00600690507247e-05,0.7614561319351196,0.05795466899871826,1.0877841711044312,0.4429859737215588,COMPLETE
166,0.4229540225471339,2025-12-22 13:10:25.831709,2025-12-22 13:10:29.476015,0 days 00:00:03.644306,0.01756940280090071,0.1092871523950992,18648,random,9.621417681308572e-05,0.7603502869606018,0.04655557870864868,1.0943456888198853,0.4229540225471339,COMPLETE
167,0.42537786169584485,2025-12-22 13:10:29.476172,2025-12-22 13:10:43.037644,0 days 00:00:13.561472,0.004722445654975442,0.0003494882691218171,19215,random,4.6659305176257035e-05,0.7853474617004395,0.011815488338470459,1.1141043901443481,0.42537786169584485,COMPLETE
168,0.36205741684258436,2025-12-22 13:10:43.037802,2025-12-22 13:11:50.817549,0 days 00:01:07.779747,1.1704450948380188e-06,0.07421613299318337,17645,random,0.00012535222542076822,0.9521346688270569,-0.503987193107605,1.3744499683380127,0.36205741684258436,COMPLETE
169,0.43499648879218644,2025-12-22 13:11:50.817715,2025-12-22 13:11:53.625683,0 days 00:00:02.807968,0.029247123539948825,0.03632676648947373,19542,random,8.276186308954374e-05,0.7528547048568726,0.06365692615509033,1.084486961364746,0.43499648879218644,COMPLETE
170,0.4425288075553003,2025-12-22 13:11:53.625844,2025-12-22 13:11:58.023922,0 days 00:00:04.398078,0.010574814009489581,0.09627328965279386,6271,random,0.0001561636726492575,0.7565126419067383,0.06456565856933594,1.0839606523513794,0.4425288075553003,COMPLETE
171,0.3599367834097026,2025-12-22 13:11:58.024051,2025-12-22 13:15:15.684667,0 days 00:03:17.660616,1.5240210198757984e-07,0.12678968152228065,16558,random,2.978733921651063e-05,0.980674147605896,-0.619346022605896,1.4261876344680786,0.3599367834097026,COMPLETE
172,0.44488836699752105,2025-12-22 13:15:15.684981,2025-12-22 13:15:27.058514,0 days 00:00:11.373533,0.0059631147697228265,0.12053906957874684,5557,random,2.4251294254166333e-05,0.7591038942337036,0.061600446701049805,1.0856772661209106,0.44488836699752105,COMPLETE
173,0.44124703709343055,2025-12-22 13:15:27.058780,2025-12-22 13:15:35.728995,0 days 00:00:08.670215,0.007155382369022831,0.054124152612033315,5739,random,3.6649183673779915e-05,0.7635068297386169,0.05461776256561279,1.0897090435028076,0.44124703709343055,COMPLETE
174,0.4342593389857546,2025-12-22 13:15:35.729158,2025-12-22 13:15:40.655775,0 days 00:00:04.926617,0.015469446087481657,0.08457389663415416,5235,random,2.5346132865992118e-05,0.7574270963668823,0.05768918991088867,1.0879374742507935,0.4342593389857546,COMPLETE
175,0.442382917496875,2025-12-22 13:15:40.655938,2025-12-22 13:15:53.325322,0 days 00:00:12.669384,0.004157314767881943,0.14383498107560522,18888,random,5.34763410140821e-05,0.76446133852005,0.052577853202819824,1.0908840894699097,0.442382917496875,COMPLETE
176,0.441169464314128,2025-12-22 13:15:53.325516,2025-12-22 13:16:15.125804,0 days 00:00:21.800288,0.002535318805042415,0.3946398471291662,4657,random,2.3831839971508496e-05,0.7626968026161194,0.05020320415496826,1.0922503471374512,0.441169464314128,COMPLETE
177,0.44505045529420145,2025-12-22 13:16:15.126052,2025-12-22 13:16:22.010635,0 days 00:00:06.884583,0.008777919941233092,0.10245659686057029,6002,random,7.040994273602116e-05,0.7564237713813782,0.06629258394241333,1.0829596519470215,0.44505045529420145,COMPLETE
178,0.3626654035134528,2025-12-22 13:16:22.010796,2025-12-22 13:18:04.896643,0 days 00:01:42.885847,1.8647290734541245e-05,0.59705315650351,6032,random,6.703583493596573e-05,0.9539294838905334,-0.5140396356582642,1.3790355920791626,0.3626654035134528,COMPLETE
179,0.4455465648860631,2025-12-22 13:18:04.896929,2025-12-22 13:18:10.411433,0 days 00:00:05.514504,0.011167662106835622,0.0634424146300341,19997,random,0.00010209279602779827,0.7554882168769836,0.06736636161804199,1.082336664199829,0.4455465648860631,COMPLETE
180,0.44526357134514905,2025-12-22 13:18:10.411585,2025-12-22 13:18:16.056729,0 days 00:00:05.645144,0.009648167076420213,0.06487477047688373,19742,random,9.495539818932524e-05,0.7568190693855286,0.06509488821029663,1.0836539268493652,0.44526357134514905,COMPLETE
181,0.4454885098281936,2025-12-22 13:18:16.056890,2025-12-22 13:18:21.764141,0 days 00:00:05.707251,0.009971784013276213,0.06714100466166081,19931,random,0.0001081952312546427,0.756287693977356,0.06598770618438721,1.0831364393234253,0.4454885098281936,COMPLETE
182,0.4412871468513178,2025-12-22 13:18:21.764307,2025-12-22 13:18:26.777939,0 days 00:00:05.013632,0.010963746030321849,0.0981729220930061,19997,random,0.00010625791929531561,0.7567334175109863,0.06355684995651245,1.0845448970794678,0.4412871468513178,COMPLETE
183,0.44418114915574103,2025-12-22 13:18:26.778096,2025-12-22 13:18:31.178053,0 days 00:00:04.399957,0.01501265750772835,0.054672526619762,19580,random,8.96781710976403e-05,0.7540953755378723,0.06812769174575806,1.081894874572754,0.44418114915574103,COMPLETE
184,0.44358452627273054,2025-12-22 13:18:31.178210,2025-12-22 13:18:34.444756,0 days 00:00:03.266546,0.02090456723383637,0.03191573796757359,19748,random,0.00013849550341474273,0.7528219819068909,0.06859999895095825,1.0816205739974976,0.44358452627273054,COMPLETE
185,0.44565320502782324,2025-12-22 13:18:34.444916,2025-12-22 13:18:40.053359,0 days 00:00:05.608443,0.010068879153450455,0.07799702984888449,19350,random,0.00011146618961578167,0.7557660937309265,0.06731408834457397,1.082366943359375,0.44565320502782324,COMPLETE
186,0.4426109654780593,2025-12-22 13:18:40.053516,2025-12-22 13:18:45.226369,0 days 00:00:05.172853,0.011471394037616116,0.08481179344193329,19426,random,0.00011426086028711559,0.7560127377510071,0.0654788613319397,1.083431363105774,0.4426109654780593,COMPLETE
187,0.4437964447633816,2025-12-22 13:18:45.226531,2025-12-22 13:18:52.603588,0 days 00:00:07.377057,0.005213061806092397,0.10926865182364034,18399,random,0.00017324945795843945,0.7624221444129944,0.05683475732803345,1.088430643081665,0.4437964447633816,COMPLETE
188,0.4252398600719507,2025-12-22 13:18:52.603755,2025-12-22 13:18:54.713156,0 days 00:00:02.109401,0.02916937060534438,0.05659553730843179,19033,random,0.00021187669058904095,0.7564038038253784,0.053764939308166504,1.0902005434036255,0.4252398600719507,COMPLETE
189,0.411679518399206,2025-12-22 13:18:54.713325,2025-12-22 13:18:58.706644,0 days 00:00:03.993319,0.008584043225893139,0.5092440912411202,19934,random,0.00012514335952404552,0.7646963000297546,0.04956960678100586,1.0926146507263184,0.411679518399206,COMPLETE
190,0.423233407108555,2025-12-22 13:18:58.706801,2025-12-22 13:19:02.361514,0 days 00:00:03.654713,0.020736199946319714,0.09086347872873982,19377,random,7.810373473534945e-05,0.7594079375267029,0.04814642667770386,1.0934323072433472,0.423233407108555,COMPLETE
191,0.4455716762777369,2025-12-22 13:19:02.361655,2025-12-22 13:19:08.079960,0 days 00:00:05.718305,0.009494181642422318,0.07186262969049849,18614,random,9.328204505205863e-05,0.7563621401786804,0.06599414348602295,1.0831326246261597,0.4455716762777369,COMPLETE
192,0.44468399922248636,2025-12-22 13:19:08.080113,2025-12-22 13:19:13.205132,0 days 00:00:05.125019,0.012104060697695764,0.03809595098355568,18610,random,0.00010402868402546503,0.7572986483573914,0.0639532208442688,1.0843154191970825,0.44468399922248636,COMPLETE
193,0.4439886269441516,2025-12-22 13:19:13.205288,2025-12-22 13:19:20.695147,0 days 00:00:07.489859,0.007233081742408247,0.07230576126273495,19205,random,6.918967385887466e-05,0.7603450417518616,0.05997943878173828,1.0866144895553589,0.4439886269441516,COMPLETE
194,0.44318487967293696,2025-12-22 13:19:20.695307,2025-12-22 13:19:30.135003,0 days 00:00:09.439696,0.004554874455800322,0.1309067289498816,19978,random,0.0001317985445045321,0.763342559337616,0.054978787899017334,1.0895010232925415,0.44318487967293696,COMPLETE
195,0.4418693513214128,2025-12-22 13:19:30.135169,2025-12-22 13:19:34.888859,0 days 00:00:04.753690,0.013354324243088694,0.018520370846866616,18800,random,8.996993940162419e-05,0.7598536610603333,0.058755576610565186,1.0873217582702637,0.4418693513214128,COMPLETE
196,0.4364847366080524,2025-12-22 13:19:34.889023,2025-12-22 13:19:45.381145,0 days 00:00:10.492122,0.0033148014022109703,0.10749098708250811,18206,random,0.00016079543905573332,0.7730788588523865,0.03823930025100708,1.0991079807281494,0.4364847366080524,COMPLETE
197,0.44375648998552764,2025-12-22 13:19:45.381312,2025-12-22 13:19:52.160426,0 days 00:00:06.779114,0.00920767727478213,0.051204890197068434,19582,random,7.499580068739338e-05,0.759526252746582,0.06099987030029297,1.0860246419906616,0.44375648998552764,COMPLETE
198,0.4082345828944041,2025-12-22 13:19:52.160591,2025-12-22 13:19:54.132629,0 days 00:00:01.972038,0.04421769185245364,0.07435892124750342,17994,random,0.00011052094583463283,0.7600015997886658,0.04766362905502319,1.0937095880508423,0.4082345828944041,COMPLETE
199,0.44459736769697333,2025-12-22 13:19:54.132783,2025-12-22 13:20:03.832893,0 days 00:00:09.700110,0.006128993082329626,0.09670527721683655,19123,random,6.056667106157092e-05,0.7604042887687683,0.06011766195297241,1.0865347385406494,0.44459736769697333,COMPLETE
