sequence,y_true,y_prob,y_pred
MIIFAIAASHKK,1,0.9620422562173856,1
KIAKLKAKIQKLKQKIAKLK,1,0.9621116319964672,1
INLKKLAKLAKKIL,1,0.9620432619276975,1
DRDRDRDRDR,1,0.9621062732706438,1
DFDMLRCMLGRVYYPCWQV,0,0.013724966730910847,0
NYQRRCKNQN,1,0.9620699317273991,1
VNWKKVLGKIIKVAK,0,0.0346502554850721,0
RGGRLCYCRGWICFCVGR,0,0.03467512489413554,0
AAVALLPAVLLALLAPRKKRRQRRRPPQ,1,0.9821749668223528,1
GCCGSYPNAACHPCSCKDRPSYCGQ,0,0.023952757853833467,0
FAKLLAKALKKAL,0,0.03465486554118037,0
KLALKALKALKAALKLA,1,0.9620792807965524,1
EEEESRPRKLCGRHLLIEVIKLCGQSDWS,0,0.01276587735298846,0
GKKALKLAAKLLKKC,1,0.9620821350181432,1
GMWSKILGHLKR,0,0.030005061680002564,0
AIIYRDLIS,1,0.9084410236108558,1
WLNALLHHGLNCAKGVLA,0,0.03470047773633363,0
KHELKQG,0,0.02195385201247771,0
VFHLKGGILQYLEDIPQDQSTWNGACFVFD,0,0.033018832195951565,0
GWTNLSAGYLLGPPPGFSPFR,0,0.02997986608677042,0
LLKKRKVVRLIKFLLK,1,0.9620278801025586,1
GFLSALKKYLPIVLKHV,0,0.017667689837504958,0
DQETIMRAATGGNRMFQH,0,0.034704540075561376,0
PGYKSWYDGADVQTL,0,0.0333968686633621,0
LLGKINLKALQALAKKIL,0,0.03466648091633187,0
GPFHFYQFLFPPV,1,0.9620663525203488,1
PYHRKWFLCYFLGGGAGWCWPQ,0,0.034674929055783954,0
KLKLLKLLKLLKLLK,0,0.034663830526083676,0
KETWWETWWTEWSQPKKRKV,1,0.9620597913547166,1
GLVSSIGRALGGLLADVVKSKGQPA,0,0.010259075089574653,0
MLHGENHANIRWCYT,0,0.034696407175203954,0
HQHKPPPLTNNW,1,0.9620981760062307,1
GQFIWKANPAIVEKLSEVGALMHTETISHSYMHCWRHKTP,0,0.006213454075390473,0
SNPWDSLLSVST,1,0.9620797292975998,1
LCLRPVG,1,0.962035300873268,1
TVVRRRGRSPRRRTPSPRRRRSQSPRRRR,0,0.03461635372657506,0
AAVACRICMRNFSTRQARRNHRRRHRR,1,0.9621063803087039,1
SFHQFARATLAS,1,0.920635014023207,1
RKKAAA,1,0.9620596207381287,1
MPKKKPTPIQLNP,1,0.9620159944902793,1
VAARHPGLEE,0,0.014465129180203457,0
VPMIK,1,0.9620980500056915,1
SWWTPWHVHSES,1,0.9620700949842607,1
GLPVCGETCVGGTCNTPGCTCSWPVCTRN,1,0.20044371761289465,0
FIGAIARLLSKIFGKR,0,0.03469483004653177,0
RRRRRRRRGC,1,0.9701508621424185,1
RRRQRRKRGGDIMGEWGNEIFGAIAGFLG,1,0.9620563709201387,1
SRRHHCRAKAKRSRHH,1,0.9810792540038514,1
KNRGTPKDE,0,0.03537722320816914,0
SAETVESCLAKSH,1,0.6770312820665859,1
LPRHIRTHTGEKPYECNICKVRFTRQDKLKVH,0,0.03471202830263259,0
GCPWDPWC,0,0.03467154471941333,0
LWQNTWCCRDHLRCC,0,0.03472442798812621,0
RRRRRRRRRK,1,0.9636798932096948,1
KKKKKKKKKKKKKKKKKKK,1,0.9620692416559706,1
GLFDIIKNIFSGL,0,0.026261873475684882,0
MIIFKIAASHKK,1,0.9631793088567059,1
KGPHTLPKCMYPIYGSSLYKGEHYHAWFPPQLY,0,0.03462855304331825,0
ELKRLKIEAVKPDLILALEKKEEL,0,0.03462783955713187,0
HEHEHEHEHEHEHEHEEFGGGGGYGRRRRRRGGGGGG,1,0.962059212694588,1
MHKRPTTPSRKM,1,0.9620315182015696,1
ITGAYVLISLFQSSQSCALEGTRGCYEVRDPMDLALLAAILTG,0,0.0346727025444694,0
PVPSLNVLNGGKH,0,0.03470910122194176,0
TSHTDAPPARSP,1,0.9620506672197762,1
REVRNFLISNALFWMRYFHIDG,0,0.012681361722007256,0
RQLRIAGRRLRGRSR,1,0.9918274794727986,1
YKALAK,0,0.0346981203631006,0
HKHLNSYPQDRGFRYNCKSC,0,0.03466604700119691,0
GGRRARRRRRR,1,0.9621147242668888,1
RRLLRRLRR,1,0.9620520836639306,1
LLGKSFIGSLELFSLVNHLFNFFR,0,0.03471613303058599,0
PQNVTLYQIIWLFMQKTT,0,0.03463319481068916,0
CTTCECCCSCS,0,0.03465653071119205,0
RGGRLSSYSRRRFSTSTGR,1,0.9620872984463164,1
PSKVVPLEERMKIASQLFLSGFEDSYRNY,0,0.01282765734596307,0
VDATGDIDIDFHHTVEDIGIVLGQALKEALG,0,0.03464824393340463,0
MWITNGGVANWYFVLAR,0,0.02084208874844463,0
GCVMDVKGKCLMWTTTYDWWSFGDEAKCGSCE,0,0.03463523650349948,0
GCCSDPRCFYDHPEIC,0,0.026499481061622508,0
RSKRTLGLGSLYGENDLLGL,0,0.013485771282883753,0
ETCRYDSEVPSCNMS,0,0.03464247573492677,0
VGGSAYDAHGVAISDADMEKALAADA,0,0.03467702205615863,0
MANLGYWLLALFVTMWTDVGLCKKRPKP,1,0.9620575591044856,1
GCCSRPDCAWRC,0,0.03467424743312398,0
LPKMSTKLRVPYRRGTKDYH,0,0.06804315070447577,0
RKKRRQRRRRKKRRQRRR,1,0.962011221744573,1
LIRLWSHLIHIWFQNRRLKWKKKGGC,1,0.9620327965083486,1
LSTAADMQGVVTDGMASGLDKDYLKPDD,1,0.6953557760892848,1
RLWMRWYSPTTRRYA,1,0.9823723890420387,1
RRWWCRH,0,0.034655275649384365,0
HRHIRRQSLIML,1,0.9620992424922494,1
ACSGRGRGCGSGSGSCG,1,0.9620597168133654,1
TCTWLKYH,1,0.9620921641969202,1
RRRRRRRRRRR,1,0.9620132119810269,1
MVGFPYWKAYDLVMWGLMRH,0,0.02711782838967571,0
SLAFLRY,0,0.03467194411662709,0
RGRGRGRGRGPEGPLA,1,0.9620391731662357,1
CNGRC,1,0.9620416021308563,1
GRWKRWRKKWKKLWKKLS,0,0.03467351429745225,0
VVLDAGRVAQVGKPLELYHYPADRFVAGFIGSPKMNFLPVKVTATAI,0,0.03466658700272043,0
FGCKNFFWKTFTSC,0,0.034677408950734526,0
GLPVCGETCFGGTCNTPGCSCTDPICTRD,0,0.03468948879456231,0
ELPVM,1,0.9620626951603231,1
GLLGPLLKIAAKVGKNLL,0,0.01755145243992581,0
TVDNPASTTNKDKLFAVRK,1,0.9620168007409684,1
AGYLLGKINLKKLAKLLLIL,1,0.9620666360611672,1
LLLRR,1,0.9620828269498026,1
RRARRPRRLRPAPGR,1,0.9620668418964063,1
RKLTTIFPLNWKYRKALSLG,1,0.7219821774514175,1
SWAQHLSLPPVL,1,0.9620396943175576,1
GCCSHPACSVNAPELC,0,0.03464532291927924,0
EKRPRTAFSSEQLARLKREFNENRYLTTERRRQQLSSELGLNEAQIKIWFQNKRAKIKKST,1,0.962021474224221,1
FFLIPKGRRRRRRRRR,1,0.9777660639866845,1
YARVRRRGPRR,1,0.9875525490817804,1
VNSKKISPKSIKVSK,0,0.03462852507050226,0
KLAKLAKKLAKLAKGGRRRRRRR,1,0.9620623250228795,1
LPHPVLHMGPLR,1,0.9620821178392157,1
LRPAVIVRTKGK,0,0.03468292473354675,0
WKWRRQWFRVLHHWN,1,0.9620929113443151,1
NTGTWLKYHS,1,0.9620931949263786,1
CRQIKIWFQNRRMKWKKKLAKLAKKLAKLAK,1,0.9620582792674555,1
FALALKALKKAL,0,0.033423225593220744,0
RCCQTFYWCCVQ,0,0.03468904275358617,0
YLREYKLVVVGDGGVGKS,0,0.03466657209250634,0
FKQQQQQQQQQQ,1,0.9620206001601626,1
IKIKIKIKIKIKIKIKKLAKLAKLAKLAKLAKLAKKIK,1,0.9621109424276805,1
EHHQVQCTKARSMFHTA,0,0.020849078831668238,0
GAKLLNQGGLF,0,0.034708741352605745,0
DWRLPTPRAA,0,0.03471562930717724,0
RCGRASRCRVRWMRRRRI,1,0.962074289729062,1
GIVDFAKGVLGKIKNVLGI,0,0.02421605947952638,0
ACRGRGRGCGRGRGRCG,1,0.9620889571256616,1
YGRKKRPQRRR,1,0.9671379153169894,1
LKKISQYYQKFAWPQYL,0,0.034692736619544924,0
GSFSGTVSKIRIRATTITDFD,0,0.03467100754446552,0
RRWRRWNRFNRRRCR,1,0.9620593440712994,1
SLYNALGIYLPLITVNCAIMAGSL,0,0.034718199529480305,0
CRGDKGPDC,1,0.9620620411071258,1
QHQEYMPNNVSTNGWP,0,0.034706297721104964,0
GRKKRRQRRRP,1,0.9843721990750354,1
QAASRVENYMHR,1,0.38956712917368747,0
IYRDLISH,1,0.962091867432435,1
FTYKNFFWLPEL,1,0.926403263721652,1
GLKKLARLFHKLLKLGC,1,0.9620801448214632,1
CRWRWKCCKK,1,0.9699551622685112,1
LPYPVNCKTECECVMCGLGIICKQCYYQQ,0,0.03470213883259845,0
GRKKRRQRARPPQC,1,0.9620574687600333,1
PLLEEYYDPMYRYQL,0,0.034630767898197114,0
DGCSNAGAFCGIHPGLCCSEICIVWCT,0,0.027651980686174957,0
GKKTNLFSALIKKKKTA,1,0.9620421145930702,1
EDMAPAGAGALMAMLEKRRAAL,0,0.03465357316336347,0
RLLRLLLRLWRRLLRLLR,1,0.9620583931528652,1
VKRKKKPALWKTLLKKVLKA,1,0.9620714132919987,1
RQPKIWFPNRRMPWKK,1,0.9620566659339014,1
AKKKAAKAAKKKAAKAAKKKAAKAAKKKAAKA,1,0.9620278884343962,1
IRSWRDLPQLLN,0,0.049069951379576156,0
GLTVLGDGSTEV,0,0.018241568664266346,0
TTVAEICQFVKPATH,0,0.03466268441588783,0
CVCVKTTSLVRPRHI,0,0.03467105050237368,0
YSDFHFIDERGESIIVESGDP,0,0.015541665398292418,0
VFMGMGEPLLNLKEVI,0,0.03471909088981087,0
AIWQHLDLYSECKCGFSI,0,0.01692051876155904,0
LRPVMDNQNIRIRLKAYDHRVLDNSTKEIVNTA,0,0.013655940284174373,0
GCCSLPPCALNNPDYC,0,0.034616040439930794,0
KLALQLALQALQAALQLA,1,0.9620081565234646,1
RGPDHRFAFGL,0,0.034664564056799546,0
YPYDANHTRSPT,1,0.9620902127111975,1
RRRRWWWW,1,0.9620694980939236,1
SWLGRQLRIAGKRLEGRSK,1,0.9475664996119837,1
GGVCPKILKKCRRDSDCPGACICRGNGYCGSGSD,1,0.9746801531184187,1
CAGKGAKCSRLMYDCCTGSCRSGKC,0,0.034659724665753094,0
EFTHNHTVGDLTWD,0,0.01146146884874439,0
CELAGIGILTVRKKRRQRRR,1,0.9620521991832073,1
CTWLKY,1,0.9620247510521196,1
ALHLIPSGILTPGVTNVIGNGVVVD,0,0.03468038575479446,0
LNESMAKKNQGRPELGT,0,0.011780368864826751,0
VNYEEKWVHAKCHHIHVHNYDASEWKSETYCSHP,0,0.027601817788023637,0
LIIFAIAASHKK,1,0.962015774560525,1
IQIDDESNPLSPGVNDLH,0,0.020281404611749036,0
RLVMRVYSPTTRRYG,1,0.9620827838259232,1
GLWRALWRGLRSLWKKKRKV,1,0.96205057946059,1
GLWRALWRALRSLWKLKRKV,1,0.9775221230865152,1
VCGETCVGGTCNTPGCSCSRPVCTRNGLP,0,0.034716719342692666,0
ACSGSGSGCGSGSGSCGRRRRRRRR,1,0.9620722379822203,1
GIFLDKLKNFAKGVAQSLLNKASCKLSGQC,0,0.01818907343169942,0
MHSSALLCCLVLLT,0,0.03462886962098015,0
FLPFIARLAAKVFPSIICSVTKKC,0,0.017109886833943645,0
TAFPNKKLLKTYLTQLEEAKRRDHRKLGKELNL,0,0.034650180808475525,0
RRRR,1,0.9620679261394184,1
AILTTLANWARKFL,0,0.03464411063083927,0
KFLWDVGHQSYVHKILTGRAKEFGTLRQYQGLCG,0,0.034673233205860285,0
LIILVPPFF,0,0.03462590824408795,0
RVREQQAMCHLVWKSFDEDLD,0,0.005323321488985729,0
GRKKRRQRRRPPQ,1,0.9810174196802195,1
LLKLLKKLLKLLKKLLKLL,1,0.9620755097904626,1
RRRRNRTRRNRRRVRGC,1,0.9620232987459665,1
LLIILRRRIARKQAHAHSK,1,0.9691404140899339,1
RQIKIWFQNRRMKWKKGC,1,0.9762074528721486,1
GRKKRRQRRRPPQY,1,0.9693386859481371,1
GLFKALLKLLKSLWKLLLKAGGC,1,0.9620274001400573,1
AAVALLPAVLLALLAPRKKRRQRRRPPQC,1,0.9818260812453491,1
KIPCGESCVWIPCLTSVFNCKCENKVCYHD,0,0.03468307230910078,0
RVIRWFQNKRCKDKK,1,0.9667109142742775,1
INWKKIAEIGKQVLSAL,0,0.022124045722561686,0
TLIIGG,0,0.034707415505610704,0
AADHDVGSELPPEGVLGALLRV,0,0.03470933132889605,0
YAAMVVKVIAQHQN,0,0.03462632334118267,0
TISLSLCDQERNADEEERGDEEVAKMEE,0,0.03466981214780381,0
REGSWDLGVEWFPMLENPVKTQISV,0,0.004497602500389607,0
MIIYARRAEE,1,0.9620163684789349,1
YKQCHKKGGKKGSG,1,0.9689034671669527,1
DTWPGVEALIRILQQLLFIHFRIGCQH,1,0.8391187443336208,1
GALFLGWLGAAGSTMGAPKKKRKV,1,0.968736072198694,1
WIIFRIAASHKK,1,0.9705337679081973,1
KPWERL,0,0.034701144253441084,0
LIQMGSVEEAVQALIELH,0,0.016142009775260643,0
SHAFTWPTYLQL,1,0.9620424004056998,1
SMTLRQCHNPSHLTAFGWHWNMFL,0,0.03468105845422224,0
GMNCSREYAHCTSAYV,0,0.03466631679354576,0
RLGTRCSVCMLHAWQGGKQVDE,0,0.03464634000365919,0
LLIILRRRIRKQAHAHAK,1,0.9862505753601015,1
RRRRRRRRRC,1,0.965053408793358,1
CKDEPQRRSARLSAKPAPPKPEPKPKKAPAKK,1,0.9620683144983807,1
NYRWRCKN,1,0.9892066457855545,1
GRQLRRAGRRLRRRSR,1,0.9669212922101195,1
RIMRILRILKLAR,1,0.9620823481162647,1
AGETHTVMINHAGRGAPKLVVGGKKLS,0,0.03471002024990278,0
RQIKIWFQARRMKWKK,1,0.9621036222194058,1
ACSSSPSKHCGGGGRRRRRRRRR,1,0.9620593315587738,1
MVRRFLVTLRIRRACGPPRVRVFVVHIPRLTGEWAAP,1,0.9621091987534885,1
LKLKLKLKLKLKLKLK,0,0.03466904199095753,0
RRWWRF,0,0.03467716478635096,0
ARRRAARAARRRAARAARRRAARAARRRAARA,1,0.9620502430889594,1
APGHINPFIGFTAILCIAIGAGASGAL,0,0.034638108248154685,0
SLWRALWRLWRSLWRLWRKA,1,0.9638619473508592,1
GYGNCRHFKQKPRRD,1,0.9620149588665297,1
GRMLLI,0,0.038885592097029555,0
GLKKLAELFHKLLKLG,1,0.9620076194836026,1
FIGSALKVLAGVLPSVISWVKQ,0,0.003002081528464511,0
MTAVNDFLTPRSIAVNAINQTHAKVV,0,0.03465957135633746,0
CCNCSSKQCRDHSRCC,0,0.034704153341812344,0
RNFMSEVQTLIVRF,0,0.03466743724612269,0
FPRPRICNLACRAGIGHKYPFCHCR,0,0.034685630264787465,0
YFKRYQVKFKRRREGKTDY,0,0.03465234841507406,0
DESHVTLPQVRGMYGG,0,0.03463494081782148,0
RRRRRRRRRRRTYADFIASGRTGRRNAI,1,0.9647044686335254,1
MAARLCCQLDPARDV,1,0.9620910739640993,1
MIRIAALNASSTIEDDHEGSFKSHKIQTKEAQEAE,0,0.034642020010768014,0
YCNGKRVCVCRG,0,0.0346821263174671,0
TAAGDARANAVAKAGLHDLNIETDTERNH,0,0.034638813196347366,0
GLWEKIREKANELVSGIVEGVK,0,0.020401473446308657,0
QRPYTQPLIYYPPPPTPPRIYRA,0,0.03465808542697076,0
KGSWYSMRKMSMIRPFFPQQ,1,0.9438818959102859,1
GKYNLSLLSTEEEIEIIKLLAAWTKTLEASVKYF,0,0.0347199259797452,0
KRIPNKKPGKKT,1,0.986814185335774,1
RQIKIWFQNRRMKWKKDIMGEWGNEIFGAIAGFLG,1,0.9620565497530665,1
FTFGGGYVYFEEYAY,0,0.03466905617335751,0
RLHHRLHRRLHRLHR,1,0.962040143273476,1
LSKRHQDPAS,0,0.03466607088661136,0
SGDFLRNAKLSIMHTPSARPSKTDPLG,0,0.03466107433530195,0
KSICKTIPSNKPKKK,1,0.9620581470368896,1
GVPICGETCVGGTCNTPGCSCSWPVCTRN,0,0.08301082247858245,0
SIGNPHCVMLVEDVNTVDVSSIALRIQ,0,0.008913228447600693,0
GRKKRRQRRRPWQ,1,0.9875019868009771,1
SRLSELSKVQISELS,0,0.034671079508228723,0
STALLAVNTLMEPTYFLEPRQL,0,0.034656509763606166,0
GSSSMATVCGSSLALMHAGVP,0,0.03468851905230924,0
GLPCGETCFTGKCYTPGCSCSYPICKKIN,0,0.03467313009770795,0
HHHHHHESGGGGSPGRRRRRRRRRRR,1,0.9620769550728737,1
KLFNGNEVCLDPKEKWVQKVVQIFLK,0,0.034622582073156286,0
RRIPNRRPRR,1,0.9620477168689962,1
CRFRFKCCKK,1,0.9621238534682641,1
DLLGTLGNLPLPFI,0,0.034679942355733635,0
TIILDTKNRREEVMAKYEILYIIRPNIEEEA,0,0.034724989437774696,0
MMSFLPYFSAETWTLLALLITLIVVYGYWPYGVFT,0,0.03468892051008418,0
KHKALHALHLLALLWLHLAHLAKHK,1,0.9620578272783464,1
AKYIADLDTFF,0,0.03465862566854831,0
GLWRALWRALWRSLWKLKWKV,1,0.9621056438758707,1
RKKRRRESRRARRSPRHL,1,0.9620651188080577,1
SCCNAGFCRFGCTPCCY,0,0.03197486587063665,0
MIIYRALISHKK,1,0.9798121138456548,1
LSTALKVAANVVPTLFCKITKKC,0,0.010039511570798895,0
FLPFLIPALTSLISSL,0,0.03463202547651347,0
FVTRGCPRRLVARLIRVMVPRR,1,0.9735523495470577,1
ANIIAPLLAPIC,1,0.9620199908828084,1
RKKRRQRRRGGG,1,0.9620660077657834,1
GALSEKERKLYDLIAKR,0,0.0346524019370947,0
RVTSWLGRQLRIAGKRLEGRSK,1,0.9620506907502696,1
YGLFSHCFQCSIMPTGL,0,0.034662297786073645,0
GLWRALWRALWRSLWKSKRKV,1,0.9659273600145837,1
RRRRWWWWRRRR,1,0.9620594496023839,1
SLFRALWRLLESLWRLLWK,1,0.9620937445952518,1
AAVALLPAVLLALLAPSGASGLDKRDYV,1,0.9620985888272242,1
ALWKDILKNAGKAALNEINQLVNQ,0,0.011966323070444955,0
PMKKSLLLLFFFGPISLSFCDQ,0,0.03465040755041982,0
IPSRWKDQFWKRWHY,1,0.9620391115819004,1
LGVILA,0,0.034670310817776516,0
KWKLFKKIPFLHLAKKF,0,0.03466374561048847,0
GLRKRLRKFRNKIKEK,1,0.9620980222716194,1
FHFHFRFR,1,0.9620522697512973,1
AAAWFW,1,0.962092018048713,1
ACSGSGSGCGSGSGSCG,1,0.9620635415511702,1
RLWMRWYSPTARRYG,1,0.9887519048402067,1
HQKKHIEEMENLTVKDQQRMMYCTPCNNKEYWVATYLM,0,0.0030509337830323022,0
GKKKRKLSNRESAKRSR,1,0.9620574399833873,1
ICIR,1,0.962046027344289,1
RILQQLLFIHF,1,0.9620237047999394,1
SWLLLMMPQHP,0,0.034700585590689566,0
RILQQLLFIHFRIGCRH,1,0.9620691178703162,1
TWLKYH,1,0.968502719192977,1
HFNLMNSRTIADNVAFPLKGLKSKQAIQKKV,0,0.03463346799283808,0
TERQGKIWFQNRRMK,0,0.03472509921207962,0
FLPLFLPKIICVITKKC,0,0.03468790379592089,0
LNVPPSWFLSQR,1,0.9728617187981111,1
VNMSSFFLMLVYYVTY,0,0.03470166013021562,0
LLETTELLKTTELLKTTE,0,0.03467628543797725,0
KLPCRSNTFLNIFRRKKPG,1,0.9620263701338946,1
AGTYAPLPDSFSSEFK,0,0.08125998189823047,0
MTILQFGNGIRRLMNRRDFQG,0,0.03469736935153938,0
PIEVCMYREP,1,0.5718686406295973,1
CSFWIGHEPSNIFSNTNETTFSCH,0,0.009756818320426746,0
KHKLLHLLHLLALLWLHLLHLLKHK,1,0.962062188600333,1
KETWWETWWTEWSQPGRKKRRQRRRPPQ,1,0.9621229565235951,1
CASKGAKCSRLMYDCCSGSCSGTVGRC,0,0.02229697026878421,0
KLAAKLALKALKAA,0,0.03463790831392122,0
RRQRRTSKLMKR,1,0.9672505519526774,1
KLALKALKAALKMA,0,0.03469353929273529,0
VWTLTVYSIWMSVEDHIGY,0,0.03470371684335946,0
KQSVQDGYFVGPRGSIGSSLVANLIGI,0,0.03466304685613544,0
VALQQKQRSALFVAQMAKSLGAQGAIVAEEGYGN,0,0.03464649977592236,0
KTRYYSMKKTTMKIIPFNRL,1,0.9620299718496528,1
QNLGNQWLVGHLM,0,0.03466266295252032,0
FKIYDKKVRTRVVKH,1,0.9620844893182191,1
SEKFCCVY,0,0.034643437931800344,0
RRFWRRWRR,1,0.9663676642290097,1
HIESESWFDYP,0,0.03462985684472905,0
GLWRALWRGLRSLWKLKRKV,1,0.9621114943868962,1
HFAAWGGWSLVH,1,0.8562735699763132,1
QRFSQPTFKLPQGRLTLSRKF,0,0.034678272847154586,0
DAATATRGRSAASRPTQRPRAPARSASRPRRPVE,1,0.9621032904759013,1
VTPHHVLVDEYTGEWVDSQFK,1,0.547148330616652,0
KKPGKKTTTKPTKK,1,0.9620175322524098,1
INWKKIAEVGGKILSSL,0,0.018353768777472267,0
QTRRRERRAEKQAQW,1,0.9620261364820434,1
VRRFLVTLRIRRA,1,0.9621111045605865,1
VYCTMVMGQYLWKIAIPEKDSLFKSFLS,0,0.009720793318041527,0
WLKLLKKWLKLWKKLLKLW,1,0.9620843571229255,1
QNRRMKWKK,1,0.9620037650581799,1
FLPIVGKLLSGLL,0,0.034573890713763655,0
SEGIIIWITYIYHN,0,0.03464505250079499,0
KWKSFLKTFSKAKKKALKTLLKAISK,0,0.03463425486162756,0
WTFQVCSMGAWYNLGINAAKVNAWLVL,0,0.004548926271965261,0
YLCHDWLQNPKKDLWYRGAGQIDESHSQMVWRKPCTEIQ,0,0.008462428473196382,0
RGRTAKESPLAFKMQEVPDPCRYA,0,0.01686391123263679,0
YSLEALLA,0,0.034686526119490545,0
RLRLRLRLRLRLRLRLKRLKRLKRLKRLKKKKKKKGYK,1,0.9620181506723473,1
CRRLRHLRHHYRRRWHRFRC,1,0.9620379300993361,1
VKLFPFFNQY,0,0.03463846027127049,0
SRRHHCRSKAKASRHH,1,0.962080691851895,1
NTCTWLKYHS,1,0.962019843830528,1
PARVRPGEIVSTAGEVLGRHDGVH,0,0.0346961897669685,0
NHQQQNPHQPPMLLIILRRRIRKQAHAHSK,1,0.9620598199479069,1
WLKKLLKKLLK,0,0.03469812475490374,0
RKKRRQRR,1,0.9626417012533884,1
SHNWLPLWPLRP,1,0.9620345943095621,1
FFKKLALHALHLLALLWLHLAHLALKK,1,0.962093138475488,1
GILDVAKTLVGKLRNVLGI,0,0.008404261838883017,0
FFGHLYRGITSVVKHVHGLLSG,0,0.02332035652005017,0
AAVALLPAVLLALLAPEILLPNNYNAYESYKYPGMFIALSK,1,0.962103804757118,1
SDLLFYEGLHGAVVTDKVNVAQYA,0,0.03461792239822227,0
CRWRFKCCKK,1,0.9624919904191852,1
FRFKFRFK,1,0.9620751420712291,1
YGRKKRRQRRRYGRKKRRQRRR,1,0.9620692246153909,1
AHALCLTERQIKIWFQNRRMKWKKEN,1,0.9620707143299492,1
GCCSDPRCAWRC,0,0.03141627968637542,0
ILGPVIGTTGNVLGGLLKNL,0,0.03462197694607137,0
VLGQSGYLMPMR,1,0.6127957821746787,1
GLMDMVKGAAKNLFASALDTLKCKITGC,0,0.014726837634160665,0
MAPQRDTVGGRTTPPSWGPAKAQLRNSCA,1,0.9621006238580467,1
ENKCMDEDPHPMGQRERNRKNTTS,0,0.01689978202192112,0
CRWRWKCG,1,0.9620703110494339,1
TTWCLHRMGSCHV,0,0.03465285276977155,0
KWKLFKKIGKVLKKL,0,0.034642257015402654,0
QYPLGQGSFRPS,0,0.05183387451253827,0
CCGPEVCFDCELDKDPLCCSGAKW,0,0.034673558094656005,0
HSDAVFTDNYTALRKQMAVKKYLNSILNYGRKKRRQRRR,1,0.9620585554031142,1
VVKKLMTEFNYNSVMQVPRVEKITLN,0,0.012203145547433077,0
LIKKALAALAKLNI,1,0.8854105748393994,1
GRGDSPRRSPRR,1,0.9676182325864052,1
FVAHMEKT,0,0.03468221808383833,0
QTGCQNTWIQSKCPASCFCRTEIIMKKRIPRIYIKYFLQI,0,0.034686380472238536,0
TAIQLQP,0,0.03465559800797421,0
VPMLKPMLKE,1,0.9620336547528501,1
AVNANFGWQDKRFSTFG,0,0.03469734094610633,0
FLSLIPAAISAVSALADHF,0,0.02125692946805998,0
FITKALGISYGRKKRRQRRRPPQ,1,0.9861813841314017,1
RKKRRQRRRPPQCAAVALLPAVLLALLAP,1,0.9620441637178813,1
RFTFHFRFEFTFHFEGGGRRRRRRR,1,0.9621071857696164,1
FLGGLWKAMSNLL,0,0.020536822900203835,0
DHRYNFQNHMHSDFAYMY,0,0.03212245133541665,0
IWRYSLASQQ,1,0.9620242232559937,1
MPYQPKYFLQYICN,0,0.034651976760894855,0
SRKLLRVEVDIGEEKPRQLVAGMASYYTS,0,0.004156605753556256,0
GLWRALWRLLRSLWRLLWRA,1,0.9620452010627091,1
AGYLLGKINLKALAALAKKILGGC,1,0.9723902991253995,1
NWNCIVMAPMRMHRGVLP,0,0.03465488322331863,0
RRFWRRFRR,1,0.9737311938864991,1
AHALCPPERQIKIWFQNRRMKWKKEN,1,0.9620342478286225,1
LGLLLRHLRHHSNLLANI,1,0.962054780473986,1
QGVNDNEEGFFSAR,0,0.016088173507454773,0
YDCCKTFECCHW,0,0.03465559250831747,0
TGARPGTSPKRCPTCGGTGQIRTTRTG,0,0.03467659857913624,0
KCRKKKRRQRRRKKPVVHLTLRQAGDDFSR,1,0.9880668848540035,1
RLWRALPRVLRRLLRP,1,0.962080328680563,1
RRRERRAEK,1,0.9620620320130535,1
YVSQRLCGSQLVDTLYSVCRHRGFYRPND,0,0.034669122679961466,0
RVREWWYTITLKQES,1,0.9110639956365101,1
FCTMIPIPRCY,0,0.034672142523914116,0
ERVFAAEALLKRRIRKGRMEYLVKWK,0,0.03469919642338537,0
EPDNWSLDFPRR,1,0.3751159513584721,0
VDKPDYRPRPWPRPNM,0,0.034639826869173315,0
HHHHHHRRRRRRRRR,1,0.964789121539489,1
DCRWRWKCCKK,1,0.9620391786285923,1
NNLCVMRMDMSDWNF,0,0.004097929554609255,0
MMRQHPAVRGRIRVLEKTVMPE,0,0.034652770098816704,0
TAKTRYKARRAELIAERR,1,0.9620450556296559,1
DAEFCT,0,0.029318881030009587,0
YTAIAWVKAFIRKLRK,1,0.9621110310276111,1
LLGKGNLKALAALAKKIL,0,0.052308363193500275,0
ERLEETEA,0,0.034655946750737236,0
LIRLWSHLIHIWFQNRRLKWKKK,1,0.9620671368478365,1
GGGGRRRRRRRRRLLLL,1,0.9620503408095282,1
IMAFVYLRVFREAQKQVKK,0,0.03465371270324036,0
YGRKKRRQRRRGTSSSSDELSWIIELLEK,1,0.9620169047778525,1
ILPLKLPWLPLRR,0,0.03466181773306338,0
MDIEAYYQRIGYKNPRNKLDLESLTDIFQHQIRTVPYEN,0,0.009693297871942539,0
GSDRVSNSDFVTM,0,0.034690764028093034,0
GLCPLLAVTATVTNA,0,0.03470415432921439,0
MIIFRALISHKK,1,0.9796802754967051,1
TCCKFQFLNFCCNE,0,0.03472174376494823,0
RQKGFCAFLKCPSLTIISGKCSRFHFCCK,0,0.034632286783876545,0
WSALLEKAYAKVNGSYESLSGG,0,0.03463568062726744,0
AYKFSYLLARINTNNQCLEWRKQESDIVIDCWVFFHYIVSRSVCWKIYERRTWIGSPM,0,0.03374118070105141,0
GPSKESRATQNPSNVC,0,0.034640863497916834,0
TCTLGTCYTAGCSCSWPVCTRNGVPICGE,0,0.02481368265673086,0
MAARLCCQLDPARDVLCLRP,1,0.97318124747444,1
ILPWKWPYLPWRR,0,0.0575883997065838,0
FRPKVTITIQGSARF,0,0.03463788738160813,0
GNLHSIPTSGIGQPIIVTMPDGQ,0,0.03467252692624856,0
ADDDIPFMSDYDETALVCDN,0,0.034641686160688134,0
GLGDILGLLGL,0,0.03466008672196848,0
VKLPPPVKLPPPVKLPPP,1,0.9620567945153488,1
GCGGGYGRKKRRQRRR,1,0.9821454873027069,1
IVFYLLGSWFLS,0,0.03466925310127937,0
HFLKTLVNLAKKIL,0,0.03470439695208231,0
FVDLKKIANIINSIFGK,0,0.034645586456619325,0
QRIRKSKISRTL,1,0.9620219668297578,1
KCRWRWKCCKK,1,0.9781640004832427,1
KLAKLAKKLAKLAK,1,0.9620125687018616,1
FLPFLKSILGKIL,0,0.03463808108027672,0
KWKLKPLLKKLLKKL,0,0.03469012095468099,0
AAQMESMPCGC,0,0.0346846236184709,0
AAYLLAKINLKALAALAKKIL,1,0.9620511130469205,1
CCGVPNAACHPCVCNNTC,0,0.017194066186918443,0
LLKTTELLKTTELLKTTS,0,0.03472156179372647,0
KIPLELWTRYNMTINQTIWN,0,0.03467232138191453,0
KIWFQNRRMKWKK,1,0.9620374861467562,1
NYRWRCK,1,0.9853692664288197,1
PQDELVELLWRDGQVVLQSQ,0,0.03468325874310735,0
GFKDLLKGAAKALVKAVLF,0,0.03461496127077857,0
FEGYFTREYFFVQVEMPIY,0,0.03035016630302799,0
GIPCAESCVWIPCTVTALLGCSCSNKVCYN,0,0.024414247518702366,0
RWFKIQLQIRRWKNKK,1,0.969828490339231,1
ILGKLLSTAAKLLSNL,0,0.034646019968800956,0
RTRGHRQE,0,0.03470018890614337,0
RQIKIWFQNRRMK,1,0.9620607419164979,1
KMDCRWRWKKK,1,0.9620718795633344,1
GRGDSPRRKKKKSPRRKKKKSPRR,1,0.9620711819290247,1
YGRKKRRQRRRPPQG,1,0.9818345963545928,1
EYGFKTYAVLGGATG,0,0.029930913305799983,0
KFKLKQ,0,0.03463205286732396,0
GKRVAKRKLIEQNRERRR,1,0.9620553230268689,1
RVIRWFQNKRSKDKK,1,0.9620617370294656,1
SDLWEMMMVSLACQY,1,0.6591422358573068,1
PAKGSVGASGDLAPLAHLSLTL,0,0.03465688335987824,0
TTITVVNKCSYTVWPGALPGGGVVLD,0,0.03465074167620293,0
IAARIFLRSRQHIKLRHL,0,0.6016390492590376,1
MIIYRIAASHKK,1,0.9824263652758479,1
WWRRRRRRRR,1,0.9621051386598951,1
IPFVLNLDSPDSMYYGHDMFPNRMYRRLHS,0,0.016457628289315067,0
AVPDVAFNAYG,0,0.0346400991531306,0
RRWFRRFRR,1,0.9695052973789079,1
RQIKIWFQNRAMKWKK,1,0.974381406744793,1
CARSKNKDC,1,0.9620350455524704,1
AGYLLGHINLHHLAHLHHILC,1,0.9620557443756952,1
ACRGRGRGCRGRGRGCG,1,0.963851215856809,1
PKKKRKVWKLLQQFFGLM,1,0.9620738772120989,1
CGAYDLRRRERQSRLRRRERQSR,1,0.9670474299637387,1
ATAEETRRALHRAFDTLA,0,0.034684963353979116,0
RRLSSYSSRRRF,1,0.9620657911785298,1
RQIKIAFQNRRMKWKK,1,0.9620711683550819,1
FDIMGLIKKVAGAL,0,0.03467200489012354,0
GVGYKVVVTTTAAADDDDVV,0,0.03464270487129105,0
WLQQYSEDKDCAIHFTSC,0,0.01394421080330521,0
GRKKRRQRRRPPC,1,0.9620564226483442,1
FTTFAVSTVCLPLFAFLFC,0,0.03466666034639822,0
VTMSTEEFFYDADTNTKLLPDWESLSHPSYIMY,0,0.03467415362496007,0
PIPISVV,0,0.03471939335656985,0
HIGPNPVYSAVSNTD,0,0.07337037692758883,0
LNSAGYLLGKINLKALAALAKKIL,1,0.9621053640986797,1
LGTYTQDFNKFHTFPQTAIGVGAP,1,0.8566314927352703,1
ECCSDGWCCPA,0,0.03465974050437065,0
MIIFRIAASHKK,1,0.98266932314463,1
PAWFKARRWAWRMKKLAA,0,0.0367982847245012,0
RASKRDGSWVKKLHRILE,1,0.9620900558689042,1
MIIYRAEISH,1,0.9620773299271913,1
KLAAALLKKWKKLAAALL,1,0.9620957092014163,1
KLALKLALKALKAALK,1,0.9620941509894918,1
DITIKKAVELITSTATVKMEIKFTIKQVVA,0,0.03468019680177907,0
NRARRNRRRVR,1,0.9698312846127495,1
CWKKKKKKKKKKKKKKKKKK,1,0.9620555417251154,1
KAFAGHTV,0,0.03464453582560779,0
TRQARRNRRRRWRERQRGC,1,0.9620942591340836,1
WKQSHKKGGKKGSG,1,0.9621168439633159,1
KLWMRWYSPTTRRYG,1,0.9784774616542374,1
RGWEVLKYWWNLLQY,1,0.9620840448811246,1
GWTLNSAGYLLGKLKALAALAKKIL,1,0.9620969365838343,1
QCEDVWMPCTSNWECCSLDCERYCTQI,0,0.03469181122079892,0
RVRSWLGRQLRIAGKRLEGRSK,1,0.9843650387564682,1
KETWFETWFTEWSQPKKKRKV,1,0.9620807043726672,1
LSEYDQVL,0,0.034681261487497825,0
TFSLPRSLLDSMTVAVD,0,0.03466311337133762,0
AAAGVVYLYDGTYEDACHAIQNMAGDAAGMIC,0,0.034683086234082526,0
CGRKKRRQRRAARPPQ,1,0.9864296374384094,1
RRRRRRRGGKLAKLAKKLAKLAK,1,0.9621050403269328,1
CYSRPLVSFRYEDQG,0,0.034691028667677315,0
WCFYLIHVMWWRMGDGQWFCISWDDSYKR,0,0.03466482718793387,0
WRWRWRWRWRWRWR,1,0.9620659820119443,1
AHALCLTERQHKSNRRMKWKKEN,0,0.03467125422447254,0
NKVDEVEEQLFRFSRILDVQPRLAILLGDYA,0,0.01561290286858017,0
CALVVGG,0,0.034700339236219874,0
SPYENYKCEYQMPRWLEDE,0,0.03467704431556582,0
FIGTALGIASAIPAIVKLFK,0,0.03472432330064441,0
SVSVGTKPRPRP,0,0.06695969484220855,0
KLALKLALKALKAALKLAGC,1,0.9621083721900651,1
RDAQAFAAGHITGARHLDNHSVADFIRGA,0,0.03466297195639913,0
PQMELRRNGRQCGMSEKEEE,0,0.034706417632227704,0
ERVMKSRHRMA,0,0.034654764731063485,0
KSTGKANKITITNDKGRLSK,1,0.962068296004801,1
GGAYVTRSSAVRLRSSVPGVRLLQ,1,0.9620501123424905,1
GLKDIFKAGLGSLVKGIAAHVAN,0,0.00507487216804655,0
ILPTMGGQTALNCVLDLDNH,0,0.03467775500892101,0
YPRQLDDVVDETVISIMIDTQNWGIRLGCVMQQG,0,0.009475023191330532,0
SRRHHARSKAKRSRHH,1,0.9620671175514129,1
CCTGRKKRRQRRR,1,0.9620758724743456,1
GCCSTPPCAVLAC,0,0.03471158310481836,0
EKVYPGLLAASVEWFRNYKIPAG,0,0.01436201862093217,0
RRRAAFAAWAAFAARRR,0,0.03465877664141871,0
DRRRRGSRPSGAERRRR,1,0.9713519853830366,1
KALKKLLAKWAAAKALL,1,0.9620981897615786,1
NIENSTLATPLS,1,0.9620775524954792,1
LLETLLKPFQCRICMRNFSTRQARRNHRRRHRR,1,0.9620581036370992,1
RCLPAGKTCVRGPMRVPCCGSCSQNKCT,0,0.034674259644530955,0
KKLSECLKRIGDELDS,0,0.03466120175655525,0
MIIYRALIS,1,0.9867367585963742,1
CRGDKGDPC,1,0.9620881212822242,1
SYIQRTPSTTLP,1,0.9871750826047675,1
HHHHHHHHHHHHHHHHHHHHRRRRRRRRRRRRRRR,1,0.962086265130302,1
RQARRNRRRC,1,0.9876997418018202,1
KFMAVNH,0,0.03468116285848534,0
NGVYCTKNKCTVDWAKATTCIAGMSIGGF,0,0.034647902722565176,0
LNSAGYLLGKPKALAALAK,0,0.03462418006514533,0
GRKKRRQRRRPPQGRKKRRQRRRPPQGRKKRRQRRRPPQ,1,0.9620701264077811,1
ACVNKHMQGMNDSFETIDPYWI,0,0.0018374144296826338,0
YRFKYRFKYRLFK,1,0.9620805547369771,1
GIGCGESCVWIPCVSAAIGCSCSNKICYRN,0,0.03471793344275217,0
RQVTIWFQNRRVKEKK,1,0.9621022491537362,1
IDRYMKWRPIQNSLIA,0,0.034700711127110026,0
NRIALEFNHLYH,0,0.03467294809454903,0
SAATNAVHRCCLTGCTQQDLLGLCPH,0,0.03468035778324032,0
FITKALGISYGRKKERQC,0,0.017010377610028913,0
MIIYRDLISKK,1,0.9813041542032098,1
FLPFIAGMAANFLPKIFCAISKKC,0,0.028112517867804943,0
RLLRLLRRLLRLLRRLLRC,1,0.9620523793797389,1
WKARRQCFRVLHHWN,1,0.9620156564482688,1
RWAGRFENIEWAQPEH,0,0.0032684652077526145,0
KGRTPIKFGKADCDRPPKHSQNGMGK,1,0.9620879431299358,1
YKQCHKKGGHCFPKEKICLPPSSDFGKMDCRWRWKCCKKGSG,1,0.9620589670155834,1
CHPERRFQRGCT,0,0.034678273821821926,0
KLWMRWWSPTTRRYG,1,0.9620980910565058,1
AREENLGITKDFLTFMKRLFCNPIYMLFIL,0,0.03126006437566666,0
CRQIKIWFQNRRMKWKK,1,0.9699766831216639,1
WIIFKIAASHKK,1,0.9621090637645598,1
FLSAITSLLGKLL,0,0.034676054211126676,0
CLAYVWATPYTSNTESRRGNSSDHKQ,0,0.03465750220316594,0
CVQWSLLRGYQPC,1,0.9620602020860874,1
GKGIHFSWNHMAQDQRDNKIEIKNKR,0,0.0049226582133624,0
MAQDIISTIGDLVKWIIDTVNKFTKK,1,0.9620760707700108,1
ILPILGNLLNSLL,0,0.027277412388013095,0
CKSKGAKCSKLMYDCCSGSCSGTVGRC,0,0.03464384882798257,0
TRRNKRNRIQEQLNRK,1,0.9620655944358248,1
LLRILRRSIRRARRAIRR,1,0.9620610640984181,1
ADLEKLTGKQVQLNILEV,0,0.03465357251899633,0
QYCTPNRDYQNTDAT,0,0.034668447892388925,0
GNGVLKTISHECNMNTWQFLFTCC,0,0.001404436048199163,0
GRIKRIRKKIKKLIKKLS,0,0.034647880616629136,0
VYDEDGIAHALPESMLPLELPEVEDY,0,0.03471418506876591,0
KLKKKPFNRYPECQPSKLISSYAHYVNLSC,0,0.03469157588295208,0
KIIRRLIK,0,0.629224322841943,1
MDAQTRRRERRAEKQAQWKAAN,1,0.9620560583230575,1
NYQWRCKNQN,1,0.9620705898591979,1
AGCKNFFWKMFTSC,0,0.034625967788561994,0
RHGCCKGPKGCSSRACRPQHCCAA,0,0.03470580962097246,0
GALFLGWLGAAGSTMGAPKSKRKVGGC,1,0.962115244934684,1
ACSHSGWGCGHGSWSCGRRRRRRRR,1,0.9620912489762949,1
KPRSKNPPKKPK,1,0.9620483610702745,1
QIVFPVPNICEFLTRESKYR,0,0.012140311550253345,0
NSGTMQSASRAT,1,0.956664592346247,1
GLLGGLLGPLLGGGGGGGGGLL,0,0.03462155122494222,0
PVCTRNGLPVCGETCVGGTCNTPGCTCSW,0,0.03467916533030451,0
FLGALWNVAKSVF,0,0.015832047660287746,0
AAVALLPAVLLALLAKNNLKECGLY,1,0.9620334523748209,1
GLWRALWRALWRSLWKKKRKV,1,0.971600906928774,1
RLHHRLHRRLHRLHRRLHRLHHRLHRRLH,1,0.9620447861263816,1
TERQIKIWFQNRRIK,0,0.034685470786206304,0
IGCGGGAVACQNYRQFCR,0,0.03470971312185559,0
NNAVKEQLAELGIEGY,0,0.02411855814752538,0
YIKFHRLQDMEE,0,0.007240771929196078,0
ARSILSKSSSKGGSSN,0,0.034639320468046415,0
GSAFCGETCVLGTCYTPDCSCTALVCLKN,0,0.03471055221643907,0
CHHRRRRHHC,1,0.9621097886682575,1
PTVEHISGNQIAICSWWRRVCITLKHHPYIEHGN,0,0.03465708997139898,0
ITLNFLMNLLKTQLKGDRVLAGKEAV,0,0.008688811029906264,0
LGALLGAAANIVPSLICKISRKC,0,0.0051564709024608186,0
FLGAIAAALPHVINAVTNAL,0,0.014937892411251957,0
MAMPGEPRRANVMAHKLEPASLQLRNSCA,1,0.7176229063385483,1
CGRKKRRQRRWWRPPQ,1,0.9678160677925599,1
WEARLARALARALARHLARALARALRACEA,1,0.9620935142845631,1
VGYPLLWSPSPEEEA,0,0.034669615799942745,0
QNLGNQNAVGHLM,0,0.018793121404996064,0
INLKALAALAKKIL,1,0.9308726128113239,1
VIIYHCWTWCDNLMVKL,0,0.012835664003345449,0
PMIKFVIMNQCLVGFPLCLHKCPVFAH,0,0.0346865947035694,0
GGVCPKILRRCRRDSDCPGACICRGNGWCGSGSD,1,0.9763655747019927,1
GWTLNSAGYLLGKINLKALAALAKKIL,1,0.9620349408073067,1
TAMRAVDKLLLHLKKLFREGQFNRNFESIIICRDRT,1,0.9620647162283332,1
QAHVHVWHKYSVKTVYH,0,0.03470277318863417,0
AEPGADDAEEVEQKQLQ,0,0.03467179273491984,0
PQNRLQIRRHSK,1,0.9620490173013335,1
AEKVDPVKLNLTLSAAAEALTGLGDK,1,0.8887787535484364,1
RRWWCRV,0,0.0346967013677242,0
RGDGPRRRPRKRRGR,1,0.9620453927170782,1
CAYGGQQGGQGGG,1,0.9620687177235203,1
SCMNTWLQMQSGNQHYIGRMVDYLYYDNSMRND,0,0.010761534645671051,0
GLGSLLKKAGKKLKQPKSKRKV,1,0.9620704284274586,1
SRRARRSPRHLGSG,1,0.9620824146999238,1
WKARRQAFRVLHHWN,1,0.961163563635751,1
VPCYFIYGNRDFLIGSRFCQETGMTLLPEHTVI,0,0.03461897720888191,0
PPAEPFLLNVNIP,0,0.03466464938919768,0
RQIKIWFQNRRMKWKKTYADFIASGRTGRRNAI,1,0.9620515489489198,1
CSKSSDYQC,1,0.9620980637791112,1
PPHNRIQRRLNM,1,0.9620088443146355,1
RLWMRWYSGTTRRYG,1,0.962121759094599,1
IDIKCF,0,0.03462984737248122,0
ELQLRGAAISLSG,0,0.018722240303032944,0
KCFQWQRNMRKVRGPPVSC,1,0.9620201316580483,1
MIIYRDKKSH,1,0.9620249117011785,1
MAIYRDLIS,1,0.9620856767377544,1
YEREARRAARR,1,0.9621194859112677,1
GKKKKKKKKK,1,0.962060650102342,1
FLPLIGKILGTILGK,0,0.028898477237935948,0
ARRRRRRR,1,0.9620704302470602,1
ACYMEEMRNVELVEGEEGRMCVNMEWGAFGD,0,0.034688404206280735,0
MMYLWVVPYYSSSD,0,0.03466495734224574,0
SMLKRNHSTSNR,1,0.9621051921545469,1
KPSARMLLLKGFGK,1,0.9620389467789054,1
YRWRCKNQ,1,0.9850262149469234,1
GKRARNTEAARRSRARKL,1,0.9620040094885836,1
LKKLLKLLKKLLKLAG,1,0.9620800440471593,1
GRRERNKMAAAKCRNRRR,1,0.9620915242940946,1
LFGFLIKLIPSLFGALSNIGRNRNQ,0,0.034625699482560245,0
YGRRARRRARR,1,0.9851747772893555,1
ACSSSPSKHCG,1,0.9620649166153165,1
PEEELEGSSEPEEWCPPMPERSHLTE,0,0.03463649326362529,0
SEAAALPRASAAAMSCVAEPECREG,0,0.034652059771297775,0
NLTETHNFSSTNLD,0,0.08897773835922493,0
NAKTRRHERRRKLAIERGC,1,0.9620977216191282,1
CGRKKRWWRQRRRPPQ,1,0.962099578669967,1
FIGALLGPLLNLLK,0,0.034705134609050364,0
ALSILRGLEKLAKMGIALTNCKATKKC,0,0.03467490666017278,0
IGKEFKRIVQRIKDFLRNLVPRTES,0,0.03464513297485015,0
PICKRNGLPVCGETCTLGTCYTQGCTCSW,0,0.021706852787900698,0
IAQSHPQRNDGDFTPM,0,0.027726504382028103,0
MLRNAQARLLRDN,0,0.03467953979879271,0
YSSAYEWFNRYKQPYYEL,1,0.8284799729991722,1
FKVQNQHGQVVKIFHH,0,0.022298200142178464,0
VCVR,1,0.9620743207410837,1
ATLGNLALPFLARNT,0,0.03467155590141238,0
GLPASISWIKRKRQQ,0,0.1276337786741685,0
WEAKLAKALAKALAKHLAKALAKALKACEA,1,0.9621189128007355,1
SIIIVHNHPS,0,0.0346686118782393,0
GWTNLSAGYLLGPPPGFSPFS,0,0.03470047596771416,0
CGGKDCERRFSRSDQLKRHQRRHTGVKPFQ,1,0.9620634436604257,1
MIISRDLISH,1,0.9913623056173371,1
TPDELYFE,0,0.034661624574825495,0
LGQHPIPAELGRILVDKLGLDESAVPVLAA,0,0.024465449707358398,0
GSRVQIRCRFRNSTR,1,0.9620421874414781,1
TTSTRR,0,0.03462899627568059,0
GRQLRRAGRRLRGRSR,1,0.9620823561291089,1
RQIKIWFQNRRMKWKKC,1,0.9790941146866285,1
ARRRRCSGSGSGCGSGSGSCGRRRR,1,0.9620441881533128,1
PKKKRKVAGYLLGKINLKALAALAKKILPQMQQNVFQYPGAGMVPQGEANF,1,0.9620507062985845,1
NPGTPQHLCGSHLVDALYLVCGPTGFFYNP,0,0.03467324623077928,0
YGRKKRRQRRRGCYGRKKRRQRRRG,1,0.962109831726022,1
KGKKIFIMK,1,0.9620536236363068,1
KQINNWFINQRKKLWMRWYSPTTRRYGRHWK,1,0.962094820317225,1
QLGVQALSIANQSS,0,0.03463522400025376,0
HVRGVAMNPVDHPHGGGEGRT,0,0.03469085884005738,0
KKKLLLLLLLLLKKK,0,0.03469310093572246,0
KWFKIQMQIRRWKNKR,1,0.9620351491895843,1
CGRKKRAARQRRRPPQ,1,0.987808031183161,1
VVDPGVIPRNLHQMPPVDPSQDPLAIGPPT,0,0.034644223595127414,0
GSNFFYQHRLPFS,1,0.9620147726755489,1
GGVCPRILRRCRRDSDCPGACICRGNGYCGSGSK,1,0.9620982458288285,1
APNVGALHNVLGRLRTAGKYHWVKD,0,0.03470042174483289,0
RLHRRLHRRLHRLHRRLHRLHRRLHRRLH,1,0.9620411100277426,1
AFDSLAGSGFDNGFN,0,0.03465633799357131,0
KIMAKPSKFYEQLRGR,0,0.03467494194600856,0
PIRRRKKLRRLK,1,0.9792017076640026,1
RLSARI,0,0.05781356928520425,0
EEE,1,0.9620775827205098,1
KLALKLALKAWKAALKLA,1,0.9620967005020306,1
KWFETWFTEWPKKRKGGC,1,0.9620563688323599,1
KMDSRWRWKCSKK,1,0.9621150150933371,1
PKKKRKVRRRRRRRPQMQQNVFQYPGAGMVPQGEANF,1,0.9620737662087296,1
DQEFRRENS,0,0.010198403884608825,0
HATKSQNINF,1,0.8506848550094492,1
DLPECCSATELELDSGKQTS,0,0.03462348525296,0
RRGRRG,1,0.9621047222404414,1
KCPSRRPKR,1,0.962013074536538,1
GLFEAIEGFIENGWEGMIDGWYGGGGRRRRRRRRRK,1,0.9620347146040409,1
KWKSFINKLTSKFLHSAKKF,0,0.03470337757519176,0
RMTLSEKCCQVGCIRKDIARLC,0,0.03467095428267808,0
RKKRRQRRRGC,1,0.9706010053174703,1
IRTGEYMERV,0,0.021848246187458148,0
SPGNQSTGVIGTPSFSNH,1,0.9526700770206463,1
GRKKRRQRRRPPQC,1,0.9797205040668607,1
MESSRGPPRVKNKAPAPI,0,0.03466999653636298,0
YGRRARRAARR,1,0.9860279186461265,1
DSLKSYWYLQKFSWR,1,0.9620791680011115,1
NRHFRFFFNFTNR,1,0.9620564208659061,1
GDCLPHLKLCKENKDCCSKKCKRRGTNIEKRCR,1,0.9620750338626451,1
VRANRHMRLWNLFYSGKM,0,0.03779379447306041,0
SAIACGESCVYIPCFIPGCSCRNRVCYLN,0,0.034637387595625214,0
DMTTKFMTDPVRVLVKRDELTLEGIKQYFIAVEK,0,0.01945651102958087,0
ARRRCSGSGSGCGSGSGSCGRRR,1,0.9636573157121239,1
GLFRALLRLLRSLWRLLLRA,1,0.9620637457378358,1
NRRPWRMNDPMSWGHN,0,0.03471331002245289,0
DNTVTSKPLNCMNYFWKSRTAC,0,0.03465982100230933,0
CSSLDEPGRGGFSSESKV,1,0.6289826849825417,1
GRPRESGKKRKRKRLKP,1,0.9804880081373653,1
RRLRHLRHHYRRRWHRFR,1,0.9620636036053928,1
FAKKLAKKLL,0,0.0346638104155671,0
KKLFKKILKFL,0,0.0346211148753632,0
GIPCGESCVWIPCLTSAVGCPCKSKVCYRN,0,0.029630597527798976,0
LITKQYRYPSRRRFN,1,0.97318543327597,1
GLKKLAELAHKLLKLG,1,0.9544033828396242,1
RLWMRWYSPWTRRYG,1,0.9620429397859922,1
LLIILRRAIRKQAHAHSK,1,0.9763982044330114,1
GLWWRLWWRLRSWFRLWFRA,1,0.9620693339951181,1
RKKRRRESRKKRRRESC,1,0.9620691206787366,1
KALAALLKKWAKLLAALK,1,0.9620400625333301,1
NCPYCVVYCCPPAYCEASGCRPP,0,0.03467600496848025,0
IKQIIQRITWVNP,0,0.03464099332981982,0
MIIYRDLIS,1,0.984444958649399,1
QLALQLALQALQAALQLA,1,0.9620582917603051,1
VNHALCAAHCIARRYRGGYCNSKAVCVCR,0,0.03472202927019405,0
ARRRCSDRFRNCPADEALCGRRR,1,0.964853959559135,1
GLFLDTLKGLAGKLLQGLKCIKAGCKP,0,0.034661871740719566,0
ACRGRRRGCGRRRGRCG,1,0.962077957301624,1
AAVALLPAVLLALLAKKNNLKDCGLF,1,0.9836805979660885,1
CNGRCGGLVTT,1,0.8308832944319643,1
GHHPHGHHPHGHHPHGHHHPH,0,0.03466523576750603,0
SMTTMEFGHSMITPYKID,1,0.7566791661521824,1
RQIKIWFQNRRMKWKKLRKKKKKH,1,0.9620461614460765,1
IYLATALAKWALKQGFGGRRRRRRR,1,0.9620833268201552,1
RRRRRRRRR,1,0.9627989400310578,1
WEVGNYKRTVKRIDDGHRLC,0,0.011400676773321398,0
GTSNVHLARQLDLKPLGTMAHE,0,0.014647998186327237,0
GLLGTLGNLLNGLGL,0,0.03467554070515407,0
GGDPIPGSNFIDILKLFQEDPQTEAIVMIG,0,0.03463128325242131,0
NCCNGGCSSKWCRDHARCC,0,0.014333892771145568,0
MDCRWRWKCCKK,1,0.9621215912643761,1
IRQRRRR,1,0.971353299092901,1
CHRRDSHKIDNYFKVLKCRLIHDSNC,0,0.03471498601392418,0
RHHLRHLRRHLRHLLRHLRHHL,1,0.9621184777729331,1
GRKKRRQRRRPPQK,1,0.9755655035537003,1
VVFAQDCTSIRMYWHTMCEHLESSESFLWLNC,0,0.009369159197042235,0
ITQVGRHWHNWFVGVPTAAVKIYGTDA,0,0.034670493019416,0
EARPALLTSRLRFIPK,1,0.681617714788258,1
ILSDSYNPDICVA,0,0.034684416581194394,0
ASEDALFGTMRF,0,0.01694226167999327,0
ISFRRRRRRRREWLQAYSSSSSEDE,1,0.9620845212810281,1
TPLNLAVNWRCE,0,0.03466745544922809,0
KMDCRWRWKSCKK,1,0.9620205709701551,1
GLWQKIKNAAGDLASGIVEGIKS,0,0.0346803035916154,0
DRRRRGSRPSGAERRRRRAAAA,1,0.9620871251187967,1
APKRKSGVSK,1,0.9620599105530527,1
KCGCRWRWKCGCKK,1,0.9620894861995033,1
FLFSLIPSAIAGLVSAIRN,0,0.005834546949739503,0
IKNQAGDE,0,0.01120997925051182,0
YGRGGRRGRRR,1,0.9662102393386225,1
SRAHHCRSKAKRSRHH,1,0.9620384388897322,1
KSSAYSLQMGATAIKQVKKLFKKWGW,0,0.03465100318682113,0
DIIIKMRHWPVAKLFVPPERDNAYWFCHYYCR,0,0.03465303648611866,0
GLVDVLGKVGGLIKKLLP,0,0.019710342732290755,0
RKKRRARRR,1,0.9620094561821585,1
LTRNYEAWVPTP,1,0.8109381655744787,1
SLWRALWRLLRSLWRLWRKA,1,0.9649791384753532,1
KLLKLLLKLWKKLLKLLKGGGRRRRRRR,1,0.9620135935619405,1
LLFLDEAARLDAKSISTLFELCDRLDM,0,0.03467019686888243,0
SKRTRQTYTRYQTLELEKEFHFNRYITRRRRIDIANALSLSERQIKIWFQNRRMKSKKDR,1,0.962122300595963,1
KALKLKLALALLAKLKLA,1,0.9620595503904176,1
AYFKFQENRPPFPPEDWVMFLGL,0,0.01542983540170292,0
LEIHYQEPWLNMM,0,0.03468180165685279,0
WELVVLGKLYGRKKRRQRRR,1,0.9620247429491166,1
LNENLLRFFVAPFPEVFG,0,0.03462425367426841,0
HPGSPFPPEHRP,1,0.9620615065673678,1
VKRFKKFFRKLKKLV,1,0.962062721135463,1
MGLGLHLLVLAAALQGAKKKRKV,1,0.962015000382322,1
DQIDPTRSEGVARFEPDCQGCTPRWPACVKMYKKEV,0,0.03465912495951984,0
AAVALLPAVLLALLAKKNNLKECGLY,1,0.9773190700902121,1
FCNVANQAYKQSHQCYCMAPLTKPAWGGMMNMEYSFIYY,0,0.03466397975711134,0
FQPYDHPAEVSY,1,0.7124642621971164,1
GKRKKKGKLGKKRPRSR,1,0.9620056735820993,1
MKLNGGKSLDPTGLY,0,0.030457721652506445,0
SASLAPIYVGIVFL,0,0.03470272308854005,0
AAVALLPAVLLALLAPVQRKQKLMP,1,0.9638405881759744,1
KLIKGRTPIKFGKADCDRPPKHSQNGM,1,0.9620589454382186,1
RLVSYSPVPEDHA,0,0.03464025185160495,0
RQIKIQFQNRRKWKK,1,0.9620748400590715,1
IKIWFQNRRMKWKK,1,0.9705034111010687,1
WEARLARALARALARHLARALARA,1,0.9620794993161619,1
LGISYGRKKRRQRRRPPQ,1,0.9892785230017221,1
CGRKKRWWRQRWWRWWRPPQ,1,0.962060921023615,1
YKALRISRKLAK,1,0.9620401394731118,1
FLIFIRVICIVIAKLKANLMCKT,1,0.9305296997848275,1
NSELINSLLGIPKVMTDA,0,0.009292466755854985,0
MVVDNKWTDH,0,0.011071330210407604,0
KRIPNKKPGKKTTTKPTKKPTIKTTKK,1,0.9628455573457014,1
KETWWETWWTEWSQPKKKRKV,1,0.9747872435816688,1
YGRKKRRQRRRGTALDWSWLQTE,1,0.9883283239363929,1
GALFLAFLAAALSLMGLWSQPKKKRRV,1,0.9620839716054148,1
DSSNLPPNQKQIVD,0,0.0346855911671903,0
GGSCHFGGCPFHLVKVGRCFGFRSCC,0,0.03466947480716758,0
CPAEFKAVMM,0,0.03239704959563626,0
KRIPNKKPGKKTTTKPTKKPTIK,1,0.9700709166455038,1
ECYPKKGQDP,1,0.9562910644347048,1
GIMSKIKGTVQNAAVTLLNKLQCKITGGC,0,0.009064516535552973,0
RRRRRHHH,1,0.9621051213574393,1
GFISTVKNLATNVAGTVIDTIKCKVTGGC,0,0.028470605913895695,0
INWKKIFEKVKDLV,0,0.034706871394349845,0
LRHLLRHLLRHLRHLLRHLRHLLRHLLRH,1,0.9620720441273937,1
KMDCRWRPKCCKK,1,0.962093757110303,1
MPHAWEHPVWGTTCYNDHWLMF,0,0.009791895074115401,0
RQIKIWFQNMRRKWKK,1,0.9628790680273424,1
SLRGFLKGVGTALAGVGKVVADQFDKLLQAGQ,0,0.034624255120634356,0
NAKTRRHERRRKLAIER,1,0.9620982474091149,1
RRGC,1,0.9620689742366527,1
TTRWHWNACKMMQ,0,0.03470807657429356,0
SLVADNCVTLVWRMPDEDSKIDHYVLEYRRTNFE,0,0.03470013299786395,0
AGYLLGKINLKPLAALAKKIL,1,0.9714936886101211,1
RSRGRLRRGAIRLQRG,1,0.9753608305173495,1
LLYWFRRRHRHHRRRHRR,1,0.962029160106017,1
DRDDRDDRDDRDDRDDR,1,0.9620716377030444,1
CWKKK,1,0.9620981409089157,1
VIDDLKKVAKKVRRELLCKKHHKKLN,0,0.03469338889008601,0
KEPEALEASPVEVRVAGRVMLKRVMGK,0,0.03467084509834602,0
RLWMRWYSPTTRRYG,1,0.9801754119297182,1
RLWMRWYSPTTRRAG,1,0.9621029609591227,1
RDIIQR,0,0.03462031683255659,0
ALFSFVLPDNVDVDDQRRKT,0,0.019215196225035522,0
RRRQKRIVVRRRLIR,1,0.9734226330608865,1
LIRLWSHLIHIWFQNRRLKWKKKC,1,0.9620622623924231,1
CRGDK,1,0.9620658228331737,1
KHKHKHKHKHKHKHKHKHKKLFKKILKYL,1,0.9620563744581767,1
CHAIYPRH,1,0.9575204862841561,1
AYGRAKNKPFESGVDSVGNARLRFSAKFYLVAMF,0,0.03466775307374055,0
AEAEAEAEAKAKAKAKAGGGHRRRRRRR,1,0.962063593403839,1
FLPLLASLFSRLF,0,0.03471334548022286,0
RHNFRFFFNFRTNR,1,0.9620610095594215,1
PQPQGRGNRALAMVHLPQGGG,0,0.03467300710418397,0
DGKLYKMTHFRWSEGS,0,0.0347129521509822,0
TGPSPAPPYGLFVGGRFQSPGTQSSR,0,0.034625534012497246,0
KRPAATKKAGQAKKKKL,1,0.962095438284474,1
FIPGLRRLFATVVPTVVCAINKLPPG,0,0.034663596168905644,0
ASYALEYGKAELEIQKDALEPGQRVVIVDDLLATGGTMCAACELLNQLR,0,0.03463624312979816,0
LLIILRRRIRRRARARSR,1,0.9701267344148449,1
SSMGIRVDPE,0,0.027126734031460417,0
ESIFGVKVDKVNIMNYKGKSKRVGRYTGMTSR,0,0.03468699039666947,0
LYKLVKVVLNM,0,0.0346808234488619,0
GLKDWWNKHKDKIVEVVKDSGKAGLNAA,0,0.03464351929328988,0
RRRRRRRRK,1,0.9620362335982575,1
FAKLLAKLAKKAA,0,0.034704553475367175,0
GYNPMQDPNFHTMGQ,0,0.03465968409341165,0
GGAGEPLAFSPDMLSLRF,0,0.03468872907522344,0
FGQNTPAIMMTEA,0,0.03469511177563787,0
NIGHCNWWSNWNCFPINEEDLECASWKRR,0,0.03467049113017633,0
KLTSVEARVLPAPWLKYH,0,0.03467701774818623,0
ECGMAFENYDDIRPGDV,0,0.005941035598300973,0
CWGGCRDWFCNT,0,0.03465721886443911,0
IGCRH,1,0.9620656598109194,1
MRHRNRVKKLGK,0,0.255823636353977,0
WLKYLLKKWLKLWKKLLKLW,1,0.9620829584551828,1
FFLIGRRRRRRRRGC,1,0.9838738484205738,1
FLGVVFKLASKVFPAVFGKV,0,0.009110406012686955,0
GRKKRRQ,1,0.9620193553797948,1
MKCKFCCNCCNLNGCGVCCDF,0,0.03467445402796803,0
YARAARRAARR,1,0.9620938582268338,1
ADTIYPFTQAENVWLPNKNDIIEK,0,0.03462317673369971,0
SGRGKQGGKARAKAKTRSSRAGLQFPVGRVHRLLRKG,1,0.9620657825318621,1
CGGGYGRKKRRQRRR,1,0.9869679142599935,1
AFDHYGFTGGL,0,0.03465313123362353,0
LAAENSYF,0,0.03464865393739874,0
KCCKWRWRCK,1,0.9620476935302524,1
WRFKAAVALLPAVLLALLAP,1,0.9620480714572425,1
MPDTHLKG,0,0.034690880409420546,0
HHHHHHHHHHHHRRRRRRRRRRRRRRR,1,0.9702235617721736,1
KTIPSNKPKKK,1,0.9620130658289974,1
RRRRRRHHH,1,0.968938411111016,1
LIIFRILISHR,1,0.9870848829772664,1
EKEGVHRFSLVTSGKSVSDEEFEKILGI,0,0.01351547414054525,0
LNGNELERLAVGGDRVRKLSRR,0,0.034676898388647626,0
GCIGRNESQKKDNVYKFKE,0,0.018301243321069326,0
CGRKKRRQRRRPPQ,1,0.9862742513791081,1
LRCKKRRWKCRV,0,0.07921900236419788,0
VPMLK,1,0.9937883142033335,1
RRRRRRRW,1,0.9705986789010964,1
VELFRHHYNIPLVHVDASKQFLGELAGVTDPEMK,0,0.01042238113988202,0
STAPGSLQEDILDSVPA,1,0.3837756955427901,0
GLIGSIGKALGGLLVDVLKPKLQAAS,0,0.0035675539068181473,0
QYYKNPMVDFRQGI,0,0.01342719447960609,0
AVVNGVNYVGETTAA,0,0.03470932979194584,0
FLPLLAGLAANFLPKIFCKITRKC,0,0.022900361953552356,0
KRIHPRLTRSIR,1,0.9727380882155762,1
KGAEEMETVIPTDVMRRAGIKVTVAGLTGKEPVQCSR,0,0.03463261756541326,0
SRWRWKCCKK,1,0.9620483341477626,1
RQIKAWFQNRRMKWKK,1,0.9665113634410814,1
DQKIDVVAAAEAR,0,0.034702266556232646,0
GLWRALWRLLRSLWRLLWSQPKKKRKV,1,0.9774624358028566,1
LDNALAGDMQNYN,0,0.012612922360450455,0
VWCIRSWKITS,0,0.03498506523637465,0
TLQPPSALRRRHYHHALPPSRHYPGREAQA,0,0.034667458617835926,0
KWKLFKKIPKFLHLAK,0,0.03464483468334736,0
KRWRWKCCKK,1,0.9620833349729617,1
FFRLLFHGVHHVGKIKPRA,0,0.034652801819868344,0
CCIMHWYYTIEVFQ,0,0.010670150008282402,0
DRTHPIT,0,0.043183811785713,0
AAVALLPAVLLALLAP,1,0.9620124740172034,1
ALAGTIIAGASLTFQVLDKVLEELGKVSRK,0,0.034667675254376244,0
MVRVAGIKAQVREGITERSPDGL,0,0.03469701824909664,0
RLWMRWYAPTTRRYG,1,0.9834687691309897,1
HILPWKWPWWPWRR,1,0.9620940104172008,1
MYEGSYMSAMKPIDH,0,0.034657924514652175,0
FLPLLFGALSTLLPKIF,0,0.018692810002666843,0
NHKNFNKQAYPLWKNQV,0,0.03465531991987634,0
GLFEALLELLESLWELLLEA,1,0.9620241506878613,1
KAFAKLAARLYRKALARQLGVAA,1,0.9620702818696939,1
FLSLIPHAINAVSAIAKHF,0,0.0265802679501992,0
IPMLK,1,0.9676768337449876,1
SPMQKTMNLPPM,1,0.9620832016684415,1
PAQPFRIKKRQGPFERP,0,0.034687430407686244,0
PDEIGGKFPTAYVQDYLINPE,0,0.007794365281819667,0
LDITPFLSLTLP,1,0.9620220135423087,1
GCCSDPECAWRC,0,0.03468336260090866,0
YGRKKRRQRRTALDASALQTE,1,0.9620906798817721,1
KWKSFLKTFKSLKKTVLHTLLKLISS,0,0.03471481542043562,0
KKKKKKNKKLQQRGD,1,0.9620955002477946,1
AVNIPFKVKFRCKAAFC,0,0.03467082351361916,0
CGRKKRRQRWWRRPPQ,1,0.9649581348243235,1
KGSKKAVTKAQKKDGKKRKRSRKESYSVYVYKVLKQ,1,0.9620701147992261,1
GGFVSQITRGVYLK,0,0.024919642732558242,0
RRLVDVFQRWGYEYVITPMIEFTD,0,0.034635447653557666,0
GKNGVFKTISHECHLNTWAFLATCCS,0,0.004242827122074672,0
GKKLVQDLQLAGKLPASLTQ,0,0.023640339436028918,0
LGWSRSYPDAQDRH,0,0.03463596543631628,0
MIIFRIAAYHKK,1,0.9620669170817582,1
LPQLVRRMRQQRKHMLQEKLHLRFC,0,0.034714039859799435,0
YTFGLKTSFNVQYTFGLKTSFNVQ,1,0.9620654865326466,1
AKWKEDVIKLCSRELVRTQIAICG,0,0.007439134585215089,0
YGRKKRRQRRRYGRKKRRQRRRYGRKKRRQRRR,1,0.9620564621926045,1
GWTLNPPGYLLGKINLKALAALAKKIL,1,0.9620734315242631,1
KILRGVAKKIMRTFLRRISKDILTGKK,0,0.034693118332100335,0
KRIPNKKPGKKTTTKPTKKPTIKTTKKDLKPQTTKPK,1,0.9620615450763133,1
KRIIQRILSRNS,1,0.9620771075689389,1
QIFWDSRHPSQH,0,0.1221417431089161,0
TLGEWYNQTKDLQQKFYEIIMDIEQNNVQGKKG,0,0.03293522779911892,0
GGVCPKILAKCRRDSDCPGACICRGNGYCGSGSD,1,0.9656966684574441,1
RVKRQSHLSLCRYCCNCCRNKGCGYCCKF,0,0.03463840346065253,0
KLWMRWYSATTRRYG,1,0.9751680953745079,1
TIELSNIKENKCNGTDAKVKLIKQELDKYKNAVTE,0,0.03468314954777271,0
FLPVLARLAVKFLPSIVCAATKKC,0,0.029167963556681258,0
KRIPNKKPGKKTTTKPTKK,1,0.9700813817871129,1
GLLSGTSVRGSI,0,0.03470660408949861,0
ACRRSRRGCGRRSRRCG,1,0.9620088027063705,1
YKPITNF,0,0.03471297246686377,0
RGGRLSYSRRRFSTSTGRA,1,0.9620346988823844,1
EEEEEEEEPLGLAGRRRRRRRRN,1,0.9620950378477655,1
HARIKPTFRRLKWKYKGKFW,1,0.985052145850986,1
CNGRCGGKKLKLLKLL,1,0.9621078790230573,1
QNLGNDWAVGHLM,0,0.004138496291964182,0
PPEAAYGPGNTNSDSGDK,0,0.03471018559550105,0
FMVWEFHGNDWARRH,0,0.0306967731222804,0
WRFKWRFK,1,0.9620747277527013,1
VIVTERVLLLVAP,0,0.034719627057186925,0
GLLGKLLKIAAKVGKKLL,0,0.034672007234500854,0
KHHWHHVRLPPPVRLPPPGNHHHHHH,1,0.9620618479337961,1
FEVLTKVLQEEPPLLPGHM,0,0.02564778230823073,0
PGCNEISNKLLIKFFATPH,0,0.019800255943853443,0
VRLPPPVRLPPPVRLPPP,1,0.9621124493746888,1
RRRRRRRRC,1,0.9620625640275036,1
AGYLLGPINLKALAALAKKIL,1,0.9620417379894767,1
WIIFRALISHKK,1,0.9651239629559741,1
CCSRHCWVCIPCCPN,0,0.022269562522530293,0
VQLRRRWC,1,0.9620707514733837,1
SSGANYFFNAIYDFLSNF,1,0.9620163357710316,1
GRQLRIAGRRLRRRSR,1,0.9880738770498185,1
FQLNYKKFTSEMRAPKHDDSMKP,0,0.011381498299688831,0
VIKKILGRIECPKG,0,0.03466520205056605,0
GTSRANSYDNLKSETLTQ,1,0.6975479573639132,1
GGGRRRRRRYGRKKRRQRR,1,0.9620611178052781,1
CGESCVYIPCLTSAVGCSCKSKVCYRNGIP,0,0.022875038987389313,0
CCGVPNAACPPCVCNKTCG,0,0.03466766856837888,0
IAARIKLRSRQHIKLDHL,0,0.03468112785761333,0
GASEHTHGRLCEAVGLSGGVLSQTLARIM,0,0.026073082725082714,0
EHLPSNFFKGEECFQCKGAKKYTVECAQAAFSDRGFIPLFDTYH,0,0.03464281769750903,0
CCKVQCESCTPCC,0,0.0346676162660058,0
FAYFDWHMPLPCMGMLCCKGHPIWAKQTLPH,0,0.03463402581203109,0
CNDWQTKDYMIALLFSFNNYAKWPLKQLIVPTLKILW,0,0.03465541923491448,0
GKPRFVHTLNGSGT,0,0.03464612226085118,0
FVGAALKVLANVLPPVISWIKQ,0,0.03469847260072984,0
HTCRRIMDMVSNQHPWFGMEQEYTLLGTDGHPF,0,0.03465184403351059,0
KTVLLRKLLKLLVRKI,1,0.9620459755645414,1
GRRRRRRRRRPPQ,1,0.9620739834528449,1
VSWKKSLGKIIKVVK,0,0.034672750218934206,0
EWESFLETFESAKETVLHTALEAISS,0,0.0346598810217991,0
CREKAKKLFKKILKKL,1,0.9621080687098734,1
QIKIWFQNRRMKWKK,1,0.9810182636873257,1
FLPIVGRLISGIL,0,0.03467298815425917,0
VNPIILGVLPKFVCLITKKC,0,0.027732265389744992,0
PCCSKLHDNSCCGL,0,0.03467084058333675,0
GRKKRRQRRRCG,1,0.9771070293265394,1
GSGKKGGKKHCQKY,1,0.9620697663826326,1
AVPAENALNNPF,1,0.897033303118952,1
EILLPNNTNAYESYKYPGMFIALSK,0,0.034655398070145275,0
RLIMRIYAPTTRRYG,1,0.9620556306671298,1
LQMIYHQKQFMQYSQTPGEMSG,0,0.03469143494950558,0
GYGRKKRRGRRRTHRLPRRRRRR,1,0.9621168979968028,1
DFHAVIGQETRAQA,0,0.034676153447645255,0
GWTLNSAGYLNGKFLPLILRKIVTAL,0,0.012668112152150884,0
GGVCPKILKKCRRDSDCPGACICRGNGWCGSGSD,1,0.9730496274965444,1
MANLGCWMLVLFVATWSDLGLCKKRPKP,1,0.9621132985320643,1
RPLAPAVLKAFHDAVDDLATTDKFA,0,0.034695874663383676,0
LNSAGYLLGKQLAALAKKIL,0,0.034666475449845954,0
QPSYDRDIMSFG,0,0.007948690215537837,0
ALWMTLLKKVLKAAAKAALNAVLVGANA,1,0.9620778698414841,1
AWICGNMTCGHANMPYMAIYGFAVLSW,0,0.03464858549973885,0
GRKKHRQPPQC,0,0.034632035299505384,0
AWSFRVSYRGISYRRSR,1,0.9727103737807813,1
WCPSDMMPAVYVNEGHESKDKNQQMCKAMWNSET,0,0.004713036051957449,0
FFLIPKGRRRRRRRRGC,1,0.9899464124184334,1
NYRWRCKNQ,1,0.9876361395081459,1
KRGGAQYAPYWQETYLRSRK,0,0.041679952241609204,0
GQGFDDMMSICYIAMLC,0,0.030446755071418325,0
LPAAFRLAAKIVPTVFCAISKKC,0,0.020630365990239978,0
AIPNNQLGFPFK,1,0.9620109632155239,1
ERERERERERERER,1,0.9620671003362852,1
GRCTKSIPPICWPD,1,0.9729572811399251,1
FKAPYNIHWHCKPGLLC,0,0.034658622896345595,0
KLWSAWPSLWSSLWKP,1,0.9621116088045188,1
QIPWFHR,0,0.04328357537352658,0
ILPWKAPAAPARR,0,0.03467755210025097,0
FLGWLFKWAKK,0,0.034649799830913576,0
VRAKAAAKGRTVRFGIRLHVIVRETTE,0,0.03469296038430718,0
NYTTYKSHFQDR,1,0.9620563273412206,1
RWRWKCCKK,1,0.9771567267100255,1
RRRRRRRRRCQCRRKN,1,0.9620549391590739,1
FITKALGHSYGRKKRRQC,0,0.03468999730192999,0
GCCSDPLCAWRC,0,0.030688396576848312,0
ELARWFAPHIAQARTLYFCTGY,0,0.0346386381286725,0
INLKAIAALARNY,0,0.03464496587699779,0
PPDGVNIHYQLN,0,0.03466060304141887,0
RRRRRRRRHHH,1,0.9663385815283082,1
YGRKKRRQRRRDPYHATSGALSPAKDCGSQKYAYFNGCSSPTLSPMSP,1,0.9621028184322429,1
RDSLQRGGQKILEKAERIGDRIKDIFRG,0,0.034714024270184746,0
FQFNFQFNGGGHRRRRRRR,1,0.9620640845395274,1
MCPPLCAPSCTNC,0,0.03465735807927863,0
CTSTTAKRKKRKLK,1,0.9756115830901582,1
RSNKGFNFMVDMIQALSK,0,0.026103130180013076,0
RLAMRWYSPTTRRYG,1,0.9846663318479761,1
LLIILRRRIRKQAHAHSKNHQQQNPHQPPM,1,0.9620718218445581,1
TRNISTYSVTV,0,0.03466783246457315,0
WYSEMKRNVQRLERAIEE,0,0.029864682321059457,0
LNWGAWLKHWWK,0,0.09128290260381511,0
VEKRGTKNWRPEYMHSATNMSVDAYT,0,0.0171063622810639,0
YNNFAYSVFL,1,0.9482461524546831,1
EIDELVGLVNERGKVTLSYASIEEI,0,0.03344787967516276,0
SRRRRRRRRR,1,0.9623554312903488,1
QVRERVFQQALQGA,0,0.034654644347952866,0
QGRLGTQWAVGHLM,0,0.03469501112362022,0
MSDPNMNPGTLGSSHILW,1,0.7813516133633822,1
TPKTMTQTYDFS,1,0.9621123098629517,1
HGLNIHYVFLWHI,0,0.03470800019005438,0
GHSADSSRQSGTRHTESSSRGQAASSHEQARSSA,0,0.03471943439517662,0
CIGAVLKVLTTGLPALISWIKRKRQQ,1,0.9621099600153846,1
KLAKLAKKLAKLAKNYRWRCKNQN,1,0.9620682999286387,1
RVDLGDCIGKDARDA,0,0.03466733326065171,0
SRRHHCRSKAKRARHH,1,0.9827986050816147,1
ILHTLNLPLDMLAPYLDAKL,0,0.034655427406118315,0
PTRKLLAKNLATLYSIGDTFTVF,0,0.03462934411730857,0
PSSSSSSRIGDP,1,0.9620903749224458,1
RQIKIWFQNRRMKWKKRQIKIWFQNRRMKWK,1,0.9620743512470321,1
RRRRRRRRRFF,1,0.9620555299054339,1
GAYDLRRRERQSRLRRRERQSR,1,0.9620950583623619,1
GLKKLAELFHKLLKLGC,1,0.9620487344543064,1
CRFRWKCCKK,1,0.975434813346829,1
KNTYAKSSHIRAIRQKMFEIVQREANSCDLREFV,0,0.03452920606059837,0
HGVSGHGQHGVHG,0,0.03464626849339757,0
KLIKGRTPIKFGKADCDRPPKHSQNGMGK,1,0.9620881047785208,1
GVIDAAKKVVNVLKNLP,0,0.012873880630349036,0
AYLLGKINLKALAALAKKIL,1,0.9728319528237884,1
RRRRRRRGGIYLATALAKWALKQ,1,0.9620703101410175,1
RLRLRLRLRLRLRLRLKNNKNNKNNKNNKKKKKKKGYK,1,0.9621021894554463,1
GGGARKKAAKAARKKAAKAARKKAAKAARKKAAKA,1,0.9620605302891417,1
TEVAVEMITDAHLQYPISKIFDGRSMPPYSNWATQMA,0,0.006598705951626583,0
GKRKKKGKGLGKKRDPCLRKYK,1,0.9620359767231584,1
IDVTSADALQKYGSI,0,0.019564100740564153,0
KIITMAAKEGGLDPDMNPKLRTAILNAKAQNMP,0,0.03469136023921521,0
IPPYCTIAPFGI,0,0.03461819925989967,0
GIGTKFLGGLKTAVKGALKELASTYVN,0,0.006307322929413765,0
KRIPNKKPKK,1,0.9620675954536998,1
GIGRKFLGGVKTTFRCGVKDFASKHLY,0,0.034618332460212876,0
LRHLLRHLLRHLRHL,1,0.96210869579924,1
LKRWGTIKKSKAINVLRGFRKEIGRMLNILNRRRR,1,0.962080141405255,1
FAKLLAKKLL,0,0.034664754008848,0
GICRCICGRRICRCICGR,0,0.03466436379950563,0
VLGHLAGRPESSSALQAAPCSATFPQASAS,0,0.03466905510484582,0
SLLADTQSGHRW,0,0.0346788894464209,0
RHHRRHHRRHRRHHRRHHRHHR,1,0.9620650835203494,1
HDPFLAYCGPRNRL,0,0.03468688799813831,0
NRRMKWKK,1,0.967102463537244,1
RWRCKNQN,1,0.9620414154773955,1
RLWMRWYSPTTRARG,1,0.9676750967039798,1
ELRKKTGVGIMDAKKALVASDGNVEEAIDALRE,0,0.03464888016648447,0
KWKKLLKKLLKLPKKLLKKLKKLLK,0,0.03464102208996111,0
ACRDRFRRCPADRRLCG,1,0.9620541318091342,1
RRRRRRRRRR,1,0.9641265614092375,1
PLILLRLLRGQF,1,0.9620910919476624,1
LNSAGYLLGKLKALADLAK,0,0.03468378722409236,0
AKFAKL,0,0.034667684485187575,0
RVIASSDLVWP,0,0.034694400143938015,0
IPLVVPLC,1,0.9620270808605987,1
RKKRRQRRR,1,0.9620363331888397,1
AAVLLPVLLAAP,1,0.9620554964266275,1
LKLKSILGKLGVILSHLNK,0,0.03464239674794803,0
PNTRVRPDVSF,1,0.842589308395984,1
ACGRGRGRCGRGRGRCG,1,0.9620245197008086,1
WRFKWRFKWRFK,1,0.962073072224171,1
SLWRALWRLWRSLWRLLWKA,1,0.962058087267929,1
LLRHVVKILEKYL,0,0.03468255707980594,0
YLCNYFTHDQ,0,0.03467723341389349,0
RNRSRHRR,1,0.9641746694999888,1
GASHCALTH,0,0.046188265871378295,0
DGGARFVEDAWVRDAGGGGRTRVIGEGKVIEKGGVNFSHVFGA,0,0.034663181328408066,0
WRWKKKKA,1,0.9620254359047596,1
RRLRRLLRRLRRLLRRLR,1,0.9621088237924527,1
KKPGKKTTTKPTKKPTIKTTKK,1,0.9620792277780522,1
SRRARRSPRESGKKRKRKR,1,0.9620344961576834,1
KGTLHNECPEMFPELERFLWTNK,0,0.00862189013856589,0
RVRVFVVHIPRLT,1,0.9573614086688415,1
QREENVKQAKAMGEKAKVSIRNIRKDANDAVKKLEKDKAI,0,0.03467319935478678,0
ACRGRGRGCGSGSGSCG,1,0.968480498751635,1
ILKEQRQKGSASTLSSNGILDLKPVSEDNFYKWTAKL,0,0.03467043284995479,0
AAVALLPAVLLALLAVTDQLGEDFFAVDLEAFLQEFGLLPEKE,1,0.9620476374621154,1
CGRKKRRQRAARRPPQ,1,0.9856189349334041,1
GRCTRSIPPKCWPD,1,0.9621104058999296,1
HVPLSPRTLNAWVKLVEEKKFGAEVVPGF,0,0.022044034272522935,0
STHLQYHVNYTSRTVVSM,1,0.9620714975357804,1
KMDCRWRWKCKK,1,0.9634787501564218,1
LLSLVPHAINAVSAIAKHFG,0,0.012976919914938913,0
CGPGSDDEAAADAQHAAPPKKKRKVGY,1,0.9620810388561911,1
YRNITFAHERAGVKDKQVLDEIVETSLRQAALW,0,0.02795146419540404,0
FITKALGISYGRKKRRQC,0,0.05083244547679285,0
RRSPSPTPTPGPSRRGPSLGASSHQHSRRRQGWLKEIR,0,0.03465447583132114,0
SQIWVIRLTWAVQMTDFMHDMQQ,0,0.03462642118617834,0
FQSFHIVILGLDCAGKTTV,0,0.034706661331311,0
RLALRLALRALRAALRLA,1,0.9620463004619498,1
QEADPSSSLEADSTLKDEPRELSNM,0,0.0232623498870291,0
KCRKKKRRQRRRKKLSECLKRIGDELDS,1,0.9620494396721134,1
VKRFKKFFRKLKKSV,1,0.9685602875871324,1
INWKALLDAAKKVL,0,0.03466847760664053,0
GGVCPKILAACRRDSDCPGACICRGNGYCGSGSD,1,0.9621202874569821,1
TSPLNIHNGQKL,1,0.909733611507003,1
FTGCMC,0,0.034700899902089875,0
MIIYRDAIS,1,0.9875383339875204,1
RQIKIWFQNRRAKWKK,1,0.9620943117731975,1
GALFLAFLAAALSLMGLWSQPKKKRKV,1,0.962101729186156,1
VLTTGLPALISWIRRRHRRHC,1,0.9620317368344865,1
SRRHHCRSKAKRSAHH,1,0.9620860958346703,1
VVRNDQGYVDDQSPCEKMKVTKKTLTLQG,0,0.013903526588636098,0
KLLTKTL,0,0.03466722102972776,0
NPRWEFRGKFVGVR,0,0.03462875798327075,0
CRWRWKCGCKK,1,0.9620885032001065,1
LIPFDFVRCLNLSYKTKAYDYPM,0,0.002648064352464622,0
YGGFLRRQFKVVTRSQEDPNAYSGELFDA,0,0.011093685901574717,0
LLHILRRSIRKQAHAIRK,1,0.9621066611432899,1
KKKSGVIPTVSHDCHMNSFQFVFTCCS,0,0.008719785255603716,0
YGKPMEPEKIPDIIFIDGGRGQLSRAYNV,0,0.034685221744478995,0
IFWCATRLDYSMHLI,0,0.020144798561769605,0
CGRKKRRQRLLRRPPQ,1,0.9694000038566,1
FYNRNPPARKEAYGDISERKLLRERLRCKSFDW,0,0.03468213388771393,0
LLLLR,1,0.9620350440319405,1
KKDGKKRKRSRKESYSVYVYKVLKQ,1,0.9620768149434938,1
AAVALLPAVLLALLAK,1,0.9620714467126308,1
NEVRCADPEAAEEMR,0,0.02159687346147155,0
GRKKRRQRRR,1,0.9808552567105244,1
WMIDVYLAECIVEK,0,0.016394328867745837,0
KGTYKKKLMRIPLKGT,1,0.9620947260274669,1
GITPCKPGDIKSIV,0,0.03467372745825523,0
CKKKKKKKKK,1,0.9620940194221557,1
APWHLSSQYSRT,1,0.962048555673877,1
DWTAWSALVAAACSVELL,0,0.03463291169647683,0
CRWRWKCSKK,1,0.974722056013661,1
RFGFFPMDQPGTGWT,0,0.03464797533025346,0
GYINASAEGVSIRTGLELSRDPAGRMK,0,0.0347178111523536,0
ASEEKLEQVLSSMKEN,0,0.03467280313096155,0
WWVDENGPVVE,0,0.03466426785179832,0
QQHLLIAINGYPRYN,1,0.6259320620347336,1
MSPRPLAWALVL,0,0.0347118031165397,0
RQIKIWFPNRRMKWKK,1,0.9731630873765157,1
CGGGARKKAAKAARKKAAKAARKKAAKAARKKAAKA,1,0.9621190793148379,1
YSHIATLPFTPT,1,0.9620376173614729,1
VLCLR,1,0.9620755979240533,1
LRHHLRHLLRHLRHLLRHLRHHLRHLLRH,1,0.962019869524703,1
LLPIVGNLLNSLL,0,0.03467821318081459,0
KWKSFIKKLTSKFLHSKKKF,0,0.03465542559060391,0
KKKQYTWIHHGVVEVD,0,0.03462762672885965,0
FLSLALAALPKFLCLVFKKC,0,0.03467711083158363,0
GLFNWLQLRPPSW,1,0.9620559067971827,1
KKICTRKPRFMSAWAQ,1,0.9179903755429297,1
PLIASLAGNVVPNIFCKITKRC,0,0.02277276963157165,0
DFDMLRCMLGRVYRPCWQV,0,0.034669124942383105,0
ACSDRFRNCPADEALCG,1,0.9146897839731684,1
VSALK,1,0.9620155728485759,1
RRFFRRFRR,1,0.9620423846886107,1
ALLSLSCCLML,0,0.03466214452294523,0
ENIMKKPKEPEPSFPSF,0,0.03465263733763886,0
NSASIAAILTIIGY,0,0.03470448944702137,0
MMVIRSLSLIRLEGVEGR,0,0.034706312760123884,0
AGYLLGKINLKALAALAKKIL,1,0.9689415647173515,1
MIIRRDLISE,1,0.9620248181286984,1
IVAVLFLTACQFNAADDSRVRRNAEH,0,0.03467022724405796,0
WEAKLAKALAKALAKHLAKALKAKALCEA,0,0.12219434252357547,0
AYGGVPVIITSGY,0,0.011565016323262544,0
VELPPPVELPPPVELPPP,1,0.9620221765575021,1
LLKELWTKMKGAGKAVLGKIKGLL,0,0.03469361467972297,0
DLWNSIKDMAAAAGRAALNAVTGMVNQ,0,0.03467600522957308,0
ELEDKKHKIGSIPPKRELEHWCTHGKY,0,0.016278468998492435,0
GCCSDPRCRYRC,0,0.0347066400646374,0
MVKSKIGSWILVLFVAMWSDVGLCKKRPKP,1,0.9620493275570415,1
QSPTDFTFPNPL,1,0.979225216721187,1
STNARKTSQLCGR,0,0.034688480291537996,0
KLALKLALKALKAALKLA,1,0.9620479835706438,1
YWLKLLKKWLKLWKKLLKLW,1,0.9675432580158626,1
RKKRRRESWVHLPPPVHLPPPGGHHHHHH,1,0.962015004795106,1
TRTSRGWHTTDLKYN,0,0.07289958200112541,0
LGAWLAGKVAGTVATYAWNRYV,0,0.034656486098521226,0
QQPFVQQQQPFVQQ,0,0.034654142736713654,0
DPKGDPKGVTVTVTVTVTGKGDPKPD,1,0.9620627692341888,1
MIIFRILISHKK,1,0.9620360143246345,1
VYVPRYIANLY,0,0.05071452805435288,0
LRRERQSRLRRERQSR,1,0.9620610483944643,1
RDPLLARL,0,0.03466460071496381,0
DFNKFHTFPQTAIGVGAP,1,0.8840043131132972,1
SWLPYPWHVPSS,1,0.9843736615353741,1
NLKDDSWWGT,0,0.03466609976334719,0
HEHEHEHEHEHEHEHEEFGGGGGYGRGRGRGRGRGRG,1,0.9620446902249162,1
ALLASALCTFVLPLLLFLAAIKLWDLYCVSG,0,0.03468146906280961,0
KALKKLLAKWLAAAKALL,1,0.9620584411300146,1
HEHEHEHEHEHEHEHEHEHEHEHEEFGGGGGYGRRRRRRGGGGGG,1,0.9621209293583616,1
IPALK,1,0.9620512511350098,1
IPLVVPLRRRRRRRRC,1,0.9797969591839292,1
YQDIRGPTKMEITNNCHLHKCSPKTH,0,0.03461774911874923,0
VSKQPYYMWNGN,1,0.33413642299975665,0
LLIVYPWTQRFFTSFGNLSNAAAIQSNAQVKAHG,0,0.0346753086872071,0
PMLREGNNVNVTLLRSLMQQALAW,0,0.009391479143193849,0
PPKKSAQCLRYKKPE,1,0.962029075416,1
RQYKNEFQNQTQM,0,0.03464530924889295,0
KWKEFLKTFKEAKKEVLHTALKAISS,0,0.03462104330944094,0
GWTLNSAGYLLGKINLKALAALAKKLL,1,0.9802772291702033,1
YAREARRAARR,1,0.9633592370856242,1
KKALLAHALHLLALLALHLAHALKKA,1,0.9706647276877198,1
CHHHHHRRRRRRRRRHHHHHC,1,0.9620884086691261,1
LYKKGPAKKGRPPLRGWFH,1,0.9620626853467634,1
PKKKRKVRRRRRRRYSQTSHKLVQLLTTAEQQ,1,0.9855021138690141,1
KKLLKLLLKLLK,0,0.03467188413224333,0
LIIAEERVAACMADF,0,0.03162292614840162,0
VPALK,1,0.9620646081925207,1
ENRQSIWVTIMEARKNKATLHDYMSVPQW,0,0.007384644136001134,0
ACSHSGHGCGHGSHSCGRRRRRRRR,1,0.9620674475899593,1
MIIYRDLISH,1,0.9777965641045718,1
RQIKIWFQNRRMKW,1,0.9620640655100432,1
KDLHTVVSAILQAL,0,0.0346619914986004,0
GTACGESCYVLPCFTVGCTCTSSQCFKN,0,0.027032826320783077,0
RHIKIWFQNRRMKWKK,1,0.9771502016222607,1
LALALALALALALAKLAKLAKLAKLAKIKKIKKKIK,1,0.9620790117903663,1
MTPPPLPARVDFSLAGALN,0,0.034629869853142106,0
AVPAVRKTNETLD,0,0.034659034147129154,0
AQRRVSKNSKYNA,1,0.9231891218170202,1
KLPVT,1,0.9620591581664073,1
KLALKLALKALKAAKLA,0,0.034699745881025514,0
KLIKGRTPIKFGKADCDRPPKHSGK,1,0.962019257089878,1
DWEYHAHPKPNSFWT,0,0.048897094846935656,0
EAQKTSPSLCPESQASGPPVLEPQGAG,0,0.034710369013185395,0
KALAALLKKLAKLLAALK,1,0.9831325494599616,1
KMTRAQRRAAARRNRWTAR,1,0.9620886223036083,1
SSSMYDRDIMSFG,0,0.0346595317300606,0
YPVKLKVYPLKVKL,0,0.03464703139089314,0
RRRRRRRRRGGLAAASGWKHHHHHH,1,0.9620567941679183,1
KKLALHALHLLALLWLHLAHLALKK,1,0.962060760932002,1
QWGRRCCGWGPGRRYCVRWC,0,0.0346672775782332,0
SRRAHCRSKAKRSRHH,1,0.9663479867997585,1
RVCFAIPLPICH,0,0.03462573430009133,0
CGNVVRQGCGYGRKKRRQRRRGTALDWSWLQTE,1,0.9620509998613399,1
PVKVYPNGVQEETSEGFPLEF,0,0.025148031974356368,0
SLWRALWRLLRALWRLLWKA,1,0.9644990053465795,1
NAGGWFSSWFFSNTANEDQDDMLPSTSAAAGETNYARN,0,0.03466165691411608,0
ARARARARARAR,1,0.9620632142987667,1
KDCRWRWKCCKK,1,0.9735455793046753,1
VINLLMKVI,0,0.03467609609692135,0
RCRFCCRCCPRMRGCGICCRF,0,0.0346869431238864,0
RHVYHVLLSQ,1,0.9620586875754716,1
QATVGDVNTDRPGLLDLK,0,0.0346951373916284,0
WLKLWKKWLKLW,1,0.9620637927217841,1
DSHAKRHHGYKIKFHENHHSHRGY,0,0.03466258887364675,0
MLLLTRRRST,1,0.9620261868182272,1
AAAEETRRMLHRAFDTLA,0,0.03469556361871239,0
PETSVLVLRKPGINVASDWSIHLRMADVAGTSNR,0,0.02278782769487701,0
HYRIKPTFRRLKWKYKGKFA,1,0.9620582689915034,1
YGRKKRRQRRRGC,1,0.9637672079567579,1
SRRHHCRSAAKRSRHH,1,0.9623216892401771,1
LLGDFFRKSKEKIGKEFKRIVQRIKDFLRNLVPRTESC,1,0.8787732649458576,1
GRQLRIAGRRLRGRSR,1,0.9846540909501104,1
RRWWRRWRR,1,0.9620148894817514,1
QCRRLCYKQRCVTYCRGR,0,0.034673940850334636,0
RQGAARVTSWLGRQLRIAGKRLEGRSK,1,0.9620722398926149,1
LECHPQQIEFSRLNLEYTIMSKR,0,0.034626991687522264,0
WQLWQQVRPNNHSHLHAISVEKFPLSKADLIRA,0,0.014985330246050598,0
MRRIRPRPPRLPRPRPRPLPFPRPGGCYPG,1,0.9620616063450127,1
LVMGGSLGSKKLNSIIRENLDAL,0,0.011886467675011884,0
CPNSLHMRTMKEEKHEQVDYMSAF,0,0.0013739271899210362,0
LLRNGPDDLFWLGTTEALELGRQQAQ,0,0.03467239121128444,0
KLWMRWYSPTTRAYG,1,0.9620557203581427,1
FGEFGVDTQTCTWQFTR,0,0.02662613967808052,0
ADECCSNPACRVNNPHVC,0,0.03204281739206785,0
NKKNPRFKQRQGMRSRSSS,0,0.13533494436723928,0
GLFDIIKNIVSTL,0,0.012551137706151834,0
IFGAILPLALGALKNLIK,0,0.011080136271026613,0
KWKKLLKKPLLKK,0,0.034695456114603326,0
RQIKIWFQNRRMKWKKK,1,0.9789147305572126,1
WELVVLYGRKKRRQRRR,1,0.9793388706626298,1
TLPSPLALLTVH,1,0.9620257239918446,1
RFTFHFRFEFTFHFE,1,0.9620722587174122,1
WWWRRRRRRRR,1,0.9620349361828834,1
LHMEDSLKHRVVGQDH,0,0.0024885964638144045,0
DTWAGVEAIIRILQQLLFIHFR,1,0.9229365571137296,1
APYQRDNFILRQ,0,0.032917722407989694,0
QDGGTWHLVAYCAKSHRY,1,0.1348800482230846,0
RTRRNRRRVR,1,0.9826277936838412,1
PVADIKAIVTGKDCPHMKEKSA,0,0.034644128788101775,0
HEHEHEHEHEPEGPLA,1,0.9620911655591589,1
CTCFTYKDKECVYYCHLDIIWINTP,0,0.01890575091961345,0
LSTAADMQGVVTDGMASG,1,0.6127442369566192,1
FLFSLIPSAISGLISAFKGRR,0,0.01393559393005303,0
GRRRRRERNK,1,0.9741159150795416,1
YWTECCGRIGPHCSRCICPGVVCPKR,0,0.019792467923370683,0
GLSQGVEPDIGQTYFEESRINQD,0,0.007865533865472646,0
HGWIHGLLHRA,1,0.9620893008608051,1
KWSFRVSYRGISYRRSRGK,1,0.962020250462226,1
LALALALALALALALAKIKKIKKIKKIKKLAKLAKKIK,1,0.9656558516845342,1
KSPYSIDVNLLGRSI,0,0.034651136263021146,0
CKGKGQSCSKLMYDCCTGSCSRRGKC,0,0.03463479490612936,0
TKRRITPKKVIDVRSVTTEINT,1,0.9620844998645879,1
LIIFRILISHKK,1,0.962112011055311,1
GSRHPSLIIPRQ,1,0.96211738422234,1
LLIILRRPIRKQAHAHSK,1,0.9620495878584288,1
MAARLCCQ,1,0.9620687363443583,1
DGQVCKKEKQKSEDYEEN,0,0.034656330434296424,0
ACRDRFRNCPADEALCG,1,0.9620509378717266,1
PGVTVPVG,0,0.034673410594398706,0
KHQAQGQQTFC,0,0.022300184253477618,0
YSSYSAPVSSSLSVRRSYSSSSGS,1,0.9620824661153784,1
GLPALISWIKRKRQQ,0,0.034622340671714776,0
VVLPYRDRLQVFS,0,0.03466725626134615,0
FFHHIFRGIVHVGKTIHKLVTGG,0,0.03427327744849436,0
GWTLNSAGYLLGPHAI,0,0.028499102787328177,0
GAFGDLLKGVAKEAGLKLLNMAQCKLSGNC,0,0.019956641558468623,0
VATIKSVSFYTRK,0,0.03466627092165644,0
KRIPNKKPGKKTTTKPTKKPTIKTTKKDLK,1,0.9620307504103414,1
GRCTKSIPPICWPK,1,0.9620916273994192,1
CPTFQYFPHDIVLQSTNYVSADEASLRI,0,0.034645380020588375,0
AGGNLTGWHPDSAAVL,0,0.034627790696896574,0
KLAKLAKKLAKLAKGRKKRRQRRRP,1,0.9620589162119272,1
CGRKKRLLRQRRRPPQ,1,0.9620211843744257,1
KMDCRWRWKCCKK,1,0.9769704207938806,1
MAARL,1,0.9620752665409172,1
VPAKKDKYHGWWATFPSPSFVY,0,0.03465575891521776,0
RRRRRRR,1,0.9620565396483026,1
STNQAWELQNSMWEWSELMHCG,0,0.029744496843551568,0
IMFKCWYNTKK,0,0.03467687694131261,0
YGRKKRRQRRRAYFNGCSSPTAPLSPMSP,1,0.9620589807613936,1
VGAQSLNALTGQIVPKDIQLATPPQVGAPATEYAALAELKAIASRNKRF,0,0.03465359177080663,0
GKINLKALAALAKKIL,1,0.8195906753580283,1
LLGKINLKALAALAKQIL,0,0.03467152023739833,0
NALDVKVQTWVLLNDFN,0,0.03470697157638835,0
HEHEHEHEHEHEHEHEHEHEEFGGGGGYGRRRRRRGGGGGG,1,0.9677769939856194,1
LKTLATALTKLAKTLTTL,1,0.9620576357224756,1
KKTTTKPTKK,1,0.9620599590939076,1
GALFLGFLGAAGSRMGAWSQPKSKRKV,1,0.962047926436039,1
MIAYRDLIS,1,0.9620592513877884,1
LNWGAKLKHIIK,0,0.034649271262429476,0
RGERGERRELRLERGELRC,1,0.9620593256577721,1
QIISRDLISH,1,0.9620223273196983,1
GWTLYSAGYLLGKFLPLILRKIVTAL,0,0.03463486794374008,0
GRGDSPRR,1,0.9620790769336076,1
KNWKKILGKIIKVVK,0,0.03471408325712116,0
RGCREGGEFCGTLYEERCCSGWCFFVCV,0,0.03466973733726247,0
MTLHEAGTSMKSF,0,0.03463155742046503,0
KALAKALAKLWKALAKAA,1,0.9620637252657542,1
VKRFKKFFRKLKKKV,1,0.9620713329176953,1
ARRCSDRFRNCPADEALCGRR,1,0.9621126079373002,1
GRVRDQIMLSLGG,0,0.03470137798839965,0
CGRKKRRQRRLLRPPQ,1,0.9719499540103155,1
LIIFAILISHKK,1,0.9620636503852525,1
GHDFDQDDVNSSGEKDESLVRI,0,0.033165281546690725,0
EFDTAMNFIIANVQGL,0,0.034678723665553246,0
PNEITIV,0,0.03465749371434639,0
TDMMGRRWPTCQEMTSTK,0,0.034692670889307387,0
RGERLERRELRLERRELRC,1,0.962048260371624,1
LLIILRRRIRKQAHAHSA,1,0.9620739669511443,1
KMDCRWRWKCSKK,1,0.9620649397908267,1
GTKMIFVGIKKKEERADLIAYLKKA,1,0.9620801359987718,1
KLPVM,1,0.979375706313859,1
PDVRLVMVRATDVPTYVQYGAADLGVAGKDVLLE,0,0.03469998182017223,0
GACTKSIPPICFPD,1,0.9303441649581695,1
FVPWFSKFLPRIL,0,0.03467514117501969,0
YARKARRAARR,1,0.9621157254986336,1
PLDGMCDKGNYTQ,0,0.030695227864006525,0
RIRMIQNLIKKT,1,0.9620839915934163,1
LAELLAELLAELGGGGRRRRRRRRR,1,0.9620640498448353,1
GILLRNQVLPPQI,1,0.9621101733336906,1
FLKLLKKFLKLFKKLLKLF,1,0.9620720529750488,1
FLKPLFNAALKLLP,0,0.034705873873612486,0
FKKLALHALHLLALLWLHLAHLALKK,1,0.9663896336334702,1
KKALLALALHHLAHLALHLALALKKA,1,0.9620830632029976,1
CRRRRRRRRR,1,0.9620559037894526,1
DSNGAAANAVRLSLDSITQRWDNLVARIE,0,0.009983024518910347,0
LLIILRRRIRKQAHAHSK,1,0.9856015672682061,1
AAVALLPAVLLALLAKNNLKDCGLF,1,0.9660127871597085,1
KCPDRERRMLMRWCM,0,0.0346716619494852,0
YGRKKRRQRRRSVYDFFVWL,1,0.9620755116599432,1
RLIMRIYSPTTRRYG,1,0.9621087972407849,1
SARHHCRSKAKRSRHH,1,0.970301610049902,1
MRVCHIYQADYKDGDAHDH,0,0.034694669826833086,0
INWLKLGKAIIDAL,0,0.0347032588441246,0
GLAFLGFLGAAGSTMGAWSQPKKKRKV,1,0.9846831791753947,1
VIGSILGALASGLPTLISWIKNR,0,0.02204497417114402,0
KEISEI,0,0.03468416096243085,0
KYLVWPFNRSKAKYTWSYPMDWVSHTVMIFIASNDYMGKLC,0,0.0037900549890742133,0
PHQPFWFFAHCGATQLRMNGYEWW,0,0.0165210005883346,0
GLFSVLGSVAKHVVPRVVPVIAEHL,0,0.032770800728400856,0
GRRHHCRSKAKRSRHH,1,0.9620445029208837,1
LLRARWRRRRSRRFR,1,0.9620765830499255,1
RRIRPRPPRLPRPRP,1,0.9620490947309509,1
ALALALALALALALALKIKKIKKIKKIKKLAKLAKKIK,1,0.9620793854788108,1
SPTRPTHQGLLPVSNKYT,1,0.9621036061089792,1
KNAWKHSSCHHRHQI,1,0.9620565293386366,1
GRKLKKKKNEKEDKRPRT,1,0.962012661609289,1
CGYGRKKRRQRRRGC,1,0.9686368011922621,1
RQARRNRRRALWKTLLKKVLKA,1,0.9620263496484651,1
RRWFRRWRR,1,0.9653483536259994,1
RIFIRIGC,1,0.9620115793432644,1
RWFKIQMQIRRWKNKK,1,0.9656684572682176,1
KRVSRNKSEKKRR,1,0.9621218752062286,1
QLPVM,1,0.9621134675623516,1
ISFRRRRRRRRELLDYYSSSSSESGS,1,0.9620848932590413,1
CRKKRRQRRR,1,0.9825536257318023,1
AAVALLPAVLLALLAPRRRRRR,1,0.9620299749197007,1
ARRARAARRARAARRARAARRARAARRARA,1,0.9621228984935308,1
RQIRIWFQNRRMRWRRC,1,0.9691158225834892,1
RLSGMNEVLSFRWL,1,0.6619491796129143,1
MIIYADLIS,1,0.9621094654610702,1
RLWMRWYSPRTRAYG,1,0.9867979403831237,1
RKKWFW,1,0.9620659746245906,1
CFITKALGISYGRKKRRQRRRPPQGSQTH,1,0.9620970396755402,1
HEHEHEHEHEHEHEHEHEHEEFGGGGGYGRGRGRGRGRGRG,1,0.9629733567644948,1
RLWMRWYAPAARRYG,1,0.962122603640337,1
FAPWDTASFMLG,1,0.7311408661192257,1
YIVLRRRRKRVNTKRS,1,0.9812460110693725,1
RRRRRRRRRGPGVTWTPQAWFQWV,1,0.9801553727742504,1
GRKKRRQRRRPP,1,0.9839080602340667,1
RRWWRRFRR,1,0.9620972240394658,1
CASGQQGLLKLC,1,0.9412270994890227,1
RQIKIWFQNRRMKAKK,1,0.9620624609093105,1
FLGKKFKKYFLQLLK,1,0.962009105053727,1
RGDFK,1,0.9620759591159842,1
GGVCPAILKKCRRDSDCPGACICRGNGYCGSGSD,1,0.9730605745993467,1
LLIILRRRIRKQAHAASK,1,0.9675381595406572,1
AKKKAAKAAKKKAAKAAKKKAAKA,1,0.9620732776081452,1
GRCTKSIPPICFPA,1,0.9621095529740963,1
GLLEALAELLEGLRKRLRKFRNKIKEK,1,0.9621019865546295,1
VPTLK,1,0.9815422290132694,1
IWFQNRRMKWKK,1,0.9620817577828245,1
RGDRGDRRDLRLDRGDLRC,1,0.962058407691174,1
RLRLRLRLRLRLRLRLKLLKLLKLLKLLKKKKKKKGYK,1,0.962067113171242,1
LKKLCKLLKKLCKLAG,1,0.9643991793332289,1
YKQSHKKGGKKGSG,1,0.962116272719563,1
GRKKRRQRRRG,1,0.9755380959258044,1
DPATNPGPHFPR,1,0.9620874273775902,1
LLIILRRRIRAQAHAHSK,1,0.9698882484660363,1
GRKKRRQRRRPPQRKC,1,0.9621059523822084,1
RRRRRRRQIKILFQNRRMKWKKGGC,1,0.962049462522944,1
GRKKRRQRRRPPQTYADFIASGRTGRRNAI,1,0.9676093060169069,1
CLLIILRRRIRKQAHAHSKNHQQQNPHQPPM,1,0.9620326984257612,1
GGRQIKIWFQNRRMKWKK,1,0.9620794135186143,1
RQIKIFFQNRRMKWKK,1,0.9709219527143874,1
VVLYKYRCYKVI,1,0.9620827192035687,1
PRPLPFPRPG,1,0.9621069452936803,1
HHHHHHHHHHHHHHHHRRRRRRRRRRRRRRR,1,0.9700965737036186,1
TRQARRNRRRRWRERQR,1,0.9620571712231446,1
RIFIGC,1,0.9621027224338738,1
KWCFRVCYRGICYRRCRGK,1,0.9620721559416364,1
TFPQTAIGVGAP,1,0.9515278395083322,1
MVRRFLVTLRIRRACGPPRVRV,1,0.9620151199183449,1
SGEHTNGPSKTSVRWVWD,1,0.3910952032468772,0
RKKTFKEVANAVKISA,1,0.8700625621311908,1
KKTCRRINYCALNK,1,0.9620628859933877,1
GNYAHRVGAGAPVWL,1,0.7915850215355464,1
KLIKGRTPIKFGKARCRRPPKHSGK,1,0.9620480336214129,1
CWKKKKKKKKKKKKK,1,0.9620053676773556,1
HHHRRRRRRRR,1,0.9620332145600207,1
FIRIGC,1,0.9620702255566932,1
RRRRRRRRRHHH,1,0.9621023629140467,1
RRHLRRHLRHLRRHLRRHLRHL,1,0.9620633831681676,1
RIKAERKRMRNRIAASKSRKRKLERIARGC,1,0.9621190402764599,1
HIQLSPFSQSWR,1,0.962077746718335,1
RQIAIWFQNRRMKWKK,1,0.976230249672961,1
RKSSKPIMEKRRRAR,1,0.9620995686162048,1
CRRRRRRRR,1,0.9620308151418014,1
GRQLRIAGKRLEGRSK,1,0.765974204838593,1
RQIKIWFQNRRMKWKK,1,0.9818742512732822,1
RWFRIQLQIRRWRNRR,1,0.9687612068199329,1
CYGRKKRRQRRR,1,0.9621113750628204,1
FFGRRRRRRRGC,1,0.9810410108525875,1
RRRRRRRRRRRRRRRRGC,1,0.9620642781059057,1
ACSGRGRGCGRGRGSCG,1,0.9620586384945602,1
AGYLLGKINLKALAALAKKILTYADFIASGRTGRRNAI,1,0.9620740735913327,1
CWKKKKKKKK,1,0.9620841524979111,1
LCLRP,1,0.962369345233822,1
RKKRRRESRKKRRRES,1,0.9620585046591592,1
RRRRRRRGGIYLATALAKWALKQGF,1,0.9620400064718312,1
VSRRRRRRGGRRRR,1,0.9620317271441612,1
AYALCLTERQIKIWFANRRMKWKKEN,1,0.9620160151718166,1
SSSIFPPWLSFF,1,0.9620620334923644,1
GLAFLGFLGAAGSTMGAWSQPKSKRKV,1,0.9620339893535181,1
HHHHHHHHRRRRRRRR,1,0.9620528517187578,1
RKKRRQRRRHRRKKR,1,0.962079875683557,1
CNGRCGGKLAKLAKLAKLAK,1,0.9620300611604635,1
TPWWRLWTKWHHKRRDLPRKPE,1,0.9620380205601734,1
KDCERRFSRSDQLKRHQRRHTGVKPFQK,1,0.9620767839813115,1
KKKKKKKK,1,0.9621056876545829,1
ILPILAPLIGGLL,0,0.03469713655601108,0
MNASQVAGEEAPQSGHSVKVVLVGDGGCGKTSLMMVF,0,0.03465181342384285,0
MSNRGASLKGLFLAVLLVSNTLLTKEGVT,0,0.034704310920824655,0
SGWNAYIDTMTAAAP,0,0.03467334150283321,0
TGRWGEDCEDQNSARLMVP,0,0.005752849456826923,0
WQIPEQSQCQAI,0,0.034625918947914024,0
HWFCKEMAASA,0,0.034672873701611484,0
GWMSKIASGIGTFLSGIGQQG,0,0.015750737849748155,0
KLKSLLKTLSKAKKKLLKTALKALSK,0,0.03469049412339913,0
GLRPKSKERKGRMKILVTNDDGVH,0,0.034661446310073375,0
GIGKYLHSAKKFGKAWVGEIMNS,0,0.006560214540899683,0
FLIDRMGMTYVLALTGGIATG,0,0.01789779368683568,0
CMEEPLLYECLIIPLGDFLL,0,0.034655945788936125,0
LIAPFIRDYCCPRGPCMVWC,0,0.03469830442986979,0
PRAVHKPFIHYDKPMWYT,0,0.034683433246268366,0
DKEVLKGYFKESRLAYDLAYGFLTPFLS,0,0.034659317037591564,0
GMWGSLLKGVATVVKHVLPHALSSQQS,0,0.008841584128295174,0
YPVKLYPVKL,0,0.03465932495604042,0
FLWWLFKWAWK,0,0.0346317211311127,0
ACLGEG,0,0.03465394336964185,0
CFIRNCPP,0,0.03470136667812478,0
LVCAMIPMQTHFSR,0,0.034662326966029236,0
HAAQNKYPASWKWVRHWNQVEVVHI,0,0.02310096523793979,0
DFIDWVDNMWPR,0,0.03464387517886361,0
FLPILGKLLSGFL,0,0.03313818068125192,0
MMRDSGCFGRRLDRIGSLSGLGCNVLRRY,0,0.034656844420880434,0
QLREKQKVKRIYGVLERQFRRYFAEA,0,0.03468718859116084,0
VMWFETRFFPCI,0,0.03466413777297494,0
AIGYLAARLAKLGVEDQLVRVGAVAGSTVV,0,0.034674370747915594,0
ECCEDGWCCTAAPLT,0,0.03468958913589242,0
HSCVCRRICAARQVRKGRCSRRRRICCLY,0,0.03466327549889962,0
KKLSECLKHIGDELDS,0,0.02100738851501817,0
CPQTPRCTNYAEKGQCPPN,0,0.034674037183603255,0
GSSSWWQRWWPPW,0,0.034635370849126906,0
NKKLFSFTKKYDNKTLFAALNFSS,0,0.03464897289852612,0
CYFQNCQRG,0,0.034645348016538326,0
KKKKKKAAFAAWAAFAA,0,0.03466978373758061,0
GLISGLLGVGKMLVCGLSGLC,0,0.03092245166823115,0
ASGGAGKMEHFYEVLKV,0,0.010196891589414088,0
RLIKRLIK,0,0.034646220757714404,0
GKYRIIDFALSNCLNSGIRRI,0,0.03463556437001532,0
CGTPVVA,0,0.034698306891101274,0
YPFIKITNERHPKLIVTRHVKKDKGKYFGP,0,0.03465965695170829,0
GPGSAICNMACRLEHGHLYPFCNCD,0,0.03013960031758076,0
KDAQEGQEMSKKY,0,0.03465164728276543,0
KPSPDRFYGLM,0,0.03471197347386088,0
VTSWSLCTPGCTSPGGGSNCSFCC,0,0.03468098106003419,0
RWCKDGGVDNAQKKCVFMHYF,0,0.008493369645206462,0
DAMHDTEETHHMLDKVSRELFLTREMEAGCELFKHMIPAPMRF,0,0.006050201199449711,0
EMGVTVAKEGIDTYSFKA,0,0.034620726643000324,0
GVVTDLLNTAGGLLGNLVGSLSG,0,0.03465993298857958,0
LKLFKKILKYL,0,0.03468937839067202,0
GEIFVIIMVI,0,0.03467949657062372,0
KWKKLLKKLLKLLKKLL,0,0.03466651979335207,0
GIGDPVTCLKSGAICHPVFCPRRYKQIGTCGLPGTKCCKKP,0,0.03463724980585284,0
FLSLIPHAINAISAIAHHL,0,0.03465275341580856,0
KWKWKWKW,0,0.03468741891463575,0
IVVKIPMTEEGLKAVKVLKAEG,0,0.034659099593574424,0
FPPIVGKLLFGLL,0,0.034692498811860074,0
KILRGVAKKIMRTFLRRISKKILTGKK,0,0.03468199214735512,0
SWEQRNCQMLMNVCNVNRRKGCLGGGRK,0,0.03468708024620798,0
LISWIKRKRQQGIGAVLKVLTTGL,0,0.03468802910581701,0
DTEPFNIKREESPDCPDRLMHGRW,0,0.006959482093023879,0
SDPSVPLRPEEDELIDQ,0,0.013541003562567383,0
HQCANHKKKIMMWSQKLNDLHRYDLWGGICSDAMMQLSP,0,0.006110871410360201,0
SSCHRTMFTITLVDGWHQ,0,0.034697617094482054,0
DADFALQLTDDGLQLQQLGDDVPGAVRV,0,0.03468275590881682,0
MKELGNLKGS,0,0.03465259256618288,0
MKWNTYPIFP,0,0.034676191655264935,0
AALEYGLIDTVLSPRGMAVKRAP,0,0.03465412481481138,0
QVFIAQKQLIAKC,0,0.0346633894578515,0
PAWRKAFRKAWRMLKKAA,0,0.03468143859563349,0
VKLKVYPLKVKLYP,0,0.034657937383363084,0
AVAQSRGEIVALVNDDVEVIAPDWLSEMVALAQRPGVGCV,0,0.034648234541300095,0
TGVDNLFYIDKFQVREVKMETLLAG,0,0.0031701664171546766,0
DFRAKAE,0,0.03462113092167572,0
RELAKAEKLSLEEGGKDARGLLSGLRRRKRPLSW,0,0.03469268786739561,0
HITSHGKYQIHPFHL,0,0.034723624132823934,0
FNCFLELPEVLHGKKFLKVDEATREDMLMS,0,0.001783916907307643,0
VACKEYGQRIVLGLDARDGKVATDGWA,0,0.01184703452396966,0
WNHGNITLGEWYNQTKDLQQKFYEIIMDIEQNNVQ,0,0.03347684200323691,0
AGKSSAINVLCNQKRLAFASKTPGRTQHINYF,0,0.03465309032310674,0
VYIDRKAIDRPALDHLYALLEETDLPVLGEK,0,0.01739958174274678,0
NAHFDLNFLNAAVTRTAYKRNPFHQFSVFDTVT,0,0.026273019639237616,0
ADTNAPICLCDEPGVLGR,0,0.02861862904953176,0
KALLIKQNLKEGITVDQQDLFAYEKYKLLEFYAW,0,0.010878874793040666,0
WVSERQQEF,0,0.0119876463941928,0
DNLDLIVFKYQVNWYFSF,0,0.023974084064707402,0
FLPLLFGAISHLL,0,0.024180677398816304,0
RICRIIFLRVCR,0,0.03468055334592446,0
SKDLREASDIGGQGS,0,0.02844405201223143,0
KQINNWFINQRKRHWK,1,0.9620586246686349,1
GCCSHPACSVRHPELC,0,0.03470512747305419,0
KCFQWQRNMRKVRGPPVSCIKR,1,0.9620684494014756,1
AYRIKPTFRRLKWKYKGKFW,1,0.9813194733339203,1
PVVHLTLRQAGDDFSR,0,0.00919576792528116,0
GLPRRRRRRRRR,1,0.9620253299449246,1
YGDCLPHLKLCKENKDCCSKKCKRRGTNIEKRCR,1,0.9620653482298399,1
SNGHACRPW,0,0.039373901306529534,0
VDMGKPSFNPADIL,0,0.016328682042882743,0
LTMPSDLQPVLW,1,0.9620373133003707,1
CRAWAATQDNKTIDNIKEEYCL,0,0.03187847313044089,0
KGLLNLTEKTKKPLVICSTGFSDEDLA,0,0.027893686498332678,0
ALPLIGRVLSGIL,0,0.03406844340618113,0
RQRSRRRPLNIR,1,0.9835242062351529,1
AGYLLGHINLHHLAHLHHIL,1,0.9620877299671471,1
ALWKTLLKGAGKVFGHVAKQFLGSQGQPES,0,0.034700820115727775,0
GRRRRKRLSHRT,1,0.9905573342865575,1
IMEDIIRIIQDGSLDGEKYFQSLKERQGKENAEI,0,0.023583909473933733,0
RRVWRRYRRQRWCRR,1,0.9620654013196929,1
LRHWTPAEIRIPIYVMIIASVVSAVQMLINAYAF,0,0.034684508824996824,0
LLIILARRIRKQAHAHSK,1,0.9620901297811729,1
GWTLNPAGYLLGKINLKALAALAKKIL,1,0.9865539027047592,1
AQIKIWFQNRRMKWKK,1,0.9764424524754551,1
GCCSHPVCSAMSPIC,0,0.034666389914133386,0
AVINSKTGLWKVTRNLDDDD,0,0.034638989362985,0
FQAYPCITAYKVMYID,0,0.011152121366425103,0
GVIVDGQRADLHVGPGDFIVVPAGLEH,0,0.034636197915463345,0
GRGDGPRRKKKKGPRRKKKKGPRR,1,0.9620671306860985,1
HHHHHHTKRRITPKDVIDVRSVTTEINT,1,0.9620986915667908,1
PAEMPTINQLIAKPRVLQK,0,0.031104128819362295,0
KNPCTIKQYAFCN,0,0.03471151886798218,0
PATRTLISYVLKFQILKA,0,0.06870667425865341,0
GCCGSFACRFGCVPCCV,0,0.0346548435177929,0
YRRAARRAARA,1,0.9620793235108087,1
GLLDFVTGVGKDIFAQLIKQI,0,0.0025488795926398287,0
ATAPTTRNLLTTPKF,0,0.06687310428489585,0
NIWKKIFEKVKNLV,0,0.03466792983785053,0
MITGAAQMDGAILVVSGADGP,0,0.03463743699440835,0
LKWGAILKHIIK,0,0.03470275365059556,0
GLLSKVLGVGKKVLCGVSGLC,0,0.019312091679206368,0
DAATARGRGRSAASRPTERPRAPARSASRPRRPVD,1,0.9620654459068486,1
TKRRITPKDVIDVRSVTTKINT,1,0.962040704064822,1
KRKRWHW,1,0.9620904623206465,1
ACHTCDDGTECCDSRCSCPWNTCTCIPW,0,0.034700008062307934,0
WKATVPWCEFSDEMMSHSARP,0,0.034679844140440313,0
GWKKWLRKGAKHLGQAAIK,0,0.03464765966074034,0
RQIKIWFANRRMKWKK,1,0.97464170031145,1
ETMQGCIQFTWQQH,0,0.03467856178949752,0
KWFETWFTEWPKKRK,1,0.9620355010638162,1
DFFYAKLMVEEAFMLHWVKDM,0,0.03462729346187246,0
CGGGGYGRKKRRQRRR,1,0.9774351319085666,1
PLPKSEVDEVSHHWDYLYEPDPKELLETLLVR,0,0.025917097078099676,0
GLPVCGETCVGGTCNTPGCKCSWPVCTRN,1,0.2210339468574905,0
LLRHLRRHIRRARRHIRR,1,0.962061009743769,1
TALSKFGMPMNAL,0,0.0346818882957485,0
KWLLLLKLLLLK,0,0.03469025156809637,0
RKYVMGHFRWDRFGRRNSSSSGSSGAGQKR,0,0.034681991554303876,0
IDRLITGRLQSLQTYVTQQLIRAAEIRASANLAATK,0,0.03471424341876681,0
LNGRVPLIGFSGSP,0,0.03472157888238495,0
GIASNGQLPTPKT,1,0.9620052054213384,1
GRKGKHKRKKLP,1,0.9696709446369557,1
HHHHHHHHRRRRRRRRRRRRRRR,1,0.9620750138815678,1
EMCILIDENDNKIGADTKKNCHLNENIDKGLLHRA,0,0.009411598515101259,0
CVKRGLKLRHVRPRVTRDV,1,0.9620428784559847,1
GRCTKSIPPICFPD,1,0.978790732173693,1
HYRIKPTFRRLAWKYKGKFW,1,0.9620878314928228,1
WWWWRRRRRRRR,1,0.9621158439470727,1
FLPIVGKLLSGLSGLL,0,0.02595550620006321,0
GPSPTRRSQSEHQRLK,0,0.034654580506195215,0
GAARVTSWLGRQLRIAGKRLEGRSK,1,0.974978055776202,1
YGRKKRRQRRTALDWSWLQTE,1,0.9781417049116319,1
KKKKKKKKK,1,0.9621069738644624,1
KRPAAIKKAGQAKKKK,1,0.9620652086212474,1
YRRRRRRRRRR,1,0.9620472574068405,1
VPTLQ,1,0.9698133068683287,1
QKLKKMNLKNTIKKDIQDALIKIAIINCDP,0,0.03464252956083866,0
LNSAGYLLGKLKALAALAKIL,1,0.9620498635740157,1
KWCFAVCYAGICYAACAGK,1,0.9620635193311646,1
LIIFRIAASHKK,1,0.9730132497532155,1
EEEEEEEEEEPLGLAGVSRRRRRRGGRRRR,1,0.96204608505634,1
VPTLE,1,0.9620813927670863,1
GWFDVVKHIASAV,0,0.034663974243407884,0
AAGLAMLFLGILSAAGSTMGARA,0,0.03465595623615546,0
PARAARRAARR,1,0.9620089807886705,1
KLLKLLLKLLLKLLK,1,0.9620700358324662,1
MTPSSLSTLPWP,1,0.9620679567756021,1
AGFAAQAAASLAPVAAQQL,0,0.0346706593928614,0
TRQARRNRRRWRERQR,1,0.9736134770817212,1
ISFDELLDYYGESGS,1,0.563452897720891,1
KLFMALVAFLRFLTIPPTAGILKRWGTI,1,0.9620851181115598,1
GYGYGYGYGYGYGYGYKKRKKRKKRKKRKQQKQQKRRK,1,0.962063298589872,1
ACRGRGRGCGSGSRSCG,1,0.9637306499777794,1
GGVCPKILKACRRDSDCPGACICRGNGYCGSGSD,1,0.9738018855017898,1
RRWRRWWRRWWRRWRR,1,0.9620637386113898,1
WRFKKSKRKV,1,0.9629481933273627,1
NTIPVRPYNPVFENWPQDWPM,0,0.02529947651146881,0
CAYGRKKRRQRRR,1,0.9935134073014132,1
SMARMQSEANVYWETD,0,0.03465910310660525,0
SSSAKLASTSRNGPESSILDPHHSVMELL,0,0.03463264041822939,0
AEVQSGMLNAPMENFMIHHYNMD,0,0.005865275411455267,0
FLGALIKGAIHGGRFIHGMIQNHHG,0,0.03464780659162221,0
PLIYLRLLRGQF,1,0.962103243073884,1
CNGRCG,1,0.9620792107432842,1
IAQEQKRMMEDFNNEVNMPNN,0,0.0346250835060082,0
IAKCNGNRGYQGRV,0,0.03463603696531047,0
PFVYLI,1,0.9620381154009787,1
CYESMACWHHMEKNVLYERHLSQWLP,0,0.011871976484683503,0
PMLKE,1,0.9620931477230107,1
ARHPHPHLSFM,0,0.06110706367736116,0
YGGFLRRIRFARKLANQ,0,0.2915573829223811,0
GALFLGFLGAAGSRMGAWSQPKKKRKV,1,0.9762435895970791,1
DPVDTPNPTRRKPGK,1,0.9620469523390489,1
FAKKLAKKLAKAAL,0,0.034710193413007975,0
RQIKIWAQNRRMKWKK,1,0.9620450164391109,1
GATNSLQTWNMDRVL,0,0.03463748617563785,0
GFLSILKKVLGKVMAHMK,0,0.03467032685992506,0
ARRCSGSGSGCGSGSGSCGRR,1,0.9620743473185049,1
ILGIITSLLKSL,0,0.028773243294231813,0
IWRIFRRIFRIFIRF,0,0.03469908762498642,0
ARARARAR,1,0.9620546381353025,1
RGSRRAVTRAQRRDGRRRRRSRRESYSVYVYRVLRQ,1,0.983368164851295,1
SRISNRLSSSATRT,0,0.034673462813959666,0
YPRAARRAARR,1,0.9718199870573963,1
GFWGKLFKLGLHGIGLLHLHL,0,0.03466809598311869,0
RAIKIWFQNRRMKWKK,1,0.9729601517316885,1
ACSDRFRNCPADEALCGRRRRRRRR,1,0.9799131855897846,1
LIIFRILISHHH,1,0.9620416870399673,1
AVPAKKRKSV,1,0.9620064451246811,1
RCCTGKKGSCSGRACKNLKCCA,0,0.03468110263730292,0
RLWMRWASPTTRRYG,1,0.9620722977630966,1
WIIFRAAASHKK,1,0.9621005097999855,1
RQIRIWFQNRRMRWRR,1,0.9620654269440626,1
PYEENLNYLIDHISKYHFRDGFRH,0,0.03471576114435947,0
PYFMNKERWCVI,0,0.0346823527352403,0
RRRGRKKRR,1,0.9620584404565238,1
ACCVYKICYPC,0,0.03468417595203343,0
LVTGGKESLYWRVVAADFVTTDSGSGLVHL,0,0.034598727199220025,0
WRRRRRRRR,1,0.9687948524696377,1
CLLYWFRRRHRHHRRRHRRC,1,0.9630631908192874,1
PPRPPRPPRPPRPPR,1,0.9620616759898106,1
MIIFRIAATHKK,1,0.9620900993819,1
NVPRMYYFQYYGLKTCTWAA,0,0.034694853932997365,0
GCCSNPVCHAEHSNLC,0,0.03471605691605071,0
RLWMRWYSPATRRYG,1,0.9877812693245697,1
PYSRPHVQLWYPNRESCRSLIRSLGP,1,0.9620834787186668,1
QADPNKFYGLM,0,0.026998127148066535,0
KFFKFFKFFK,1,0.9620599524726069,1
KWKSFLKTFKSAKKTVLHTLLKAISS,0,0.03465197701327087,0
LGTLLGVGAKILPSLICKISGKC,0,0.011073160866551664,0
ARCSGSGSGCGSGSGSCGR,1,0.9651946291670135,1
GKHRHERGHHRDRRER,1,0.9620380572183537,1
GIGGALLSAGKSALKGLAKGLAEHF,0,0.01794002041316453,0
KRIPNKKPGKK,1,0.9839381481314649,1
IWSAIWSGIKGLL,0,0.03365533880482864,0
VAERCCKNGKRGCGRWCRDHSRCC,0,0.03467066043322225,0
TAEALRCQENYLPSPCQ,0,0.03465870999145537,0
GVLDIFKDAAKQILAHAAEQI,0,0.009713189645196097,0
ATAWDFGPHGLLPIRPIRIRPLCGKDKS,0,0.034697523799592754,0
CTWLKYH,1,0.9787585615245303,1
YTIGTAPISYDG,0,0.03469472579811141,0
FLPVILPVIGKLLNGILGK,0,0.006944045357766842,0
AKKAKAAKKAKAAKKAKAAKKAKAAKKAKA,1,0.9620942786550482,1
CRIPNQKCFQHLDDCCARKCNRFNKCV,0,0.034643723412042,0
YYFCMEEWQLERSLMWWNYKPLNKNMRN,0,0.03465867069276057,0
REHLREQSRKPPNPT,0,0.03468671195331424,0
GRKKRRQRRPPQC,1,0.9660726920679131,1
RHHLRHLRRHL,1,0.9620211693108491,1
TMDKAFMICVEISWGIFN,0,0.005610388568275631,0
YGRRARRRRRR,1,0.9637073662841124,1
RKKRRQRRRGGGKLLKLLLKLLLKLLK,1,0.96205531566124,1
SGYLPGKEYVYKYKGKVF,0,0.034669827190029597,0
VGECVRGRCPSGMCCSQFGYCGKGPKYCGR,0,0.03462501464968921,0
DMELKPANAATRTSR,0,0.034638413388771244,0
MIIYRDLI,1,0.9621164197334535,1
KWKKLLKKPLKLLKKLL,0,0.03466831529325752,0
GEQIAQLIAGYIDIILKKKKSK,1,0.914008571826217,1
KWFRVYRGIYRRRGK,1,0.9688973328604576,1
RQIKIWFQNRRMKWKKGG,1,0.9620381650602176,1
RFACAHKFPATEEMTRLIAV,0,0.010212813711856292,0
GIGGKILGGLKTALKGAAKELAATYLH,0,0.01034419665502672,0
LLYEEA,0,0.03462947065380789,0
TYIMPMEDKTTCCGPM,0,0.0346222575785633,0
HRLRHALAHLLHKLKHLLHALAHRLRH,1,0.9621067661783353,1
RAWMRWYSPTTRRYG,1,0.9669645095172494,1
LLSLVPHAINAVSAIAKHF,0,0.022549563802718376,0
KFLNRFWHWLQLKPGQPMY,1,0.8134450143163012,1
HHHRRRRRRRRRHHH,1,0.9620682092074162,1
