number,value,datetime_start,datetime_complete,duration,params_alpha,params_colsample_bytree,params_early_stopping_rounds,params_gamma,params_lambda,params_learning_rate,params_max_depth,params_min_child_weight,params_num_boost_round,params_subsample,state
0,0.3360862214496441,2025-12-25 19:33:39.104863,2025-12-25 19:34:02.594547,0 days 00:00:23.489684,0.0009989294861923743,0.35303475312140514,108,4.879160221361669,8.550624699669314e-05,0.023424196012866914,10,1.9718914965335343,720,0.5681003865114566,COMPLETE
1,0.12146492655561084,2025-12-25 19:34:02.595232,2025-12-25 19:34:23.662991,0 days 00:00:21.067759,4.581939950601763,0.8398784656187812,200,8.862568481043107,5.383886102616514e-09,0.00898982583764856,11,201.58597089353805,1093,0.9323572731249345,COMPLETE
2,0.2536052961828661,2025-12-25 19:34:23.663540,2025-12-25 19:34:43.812141,0 days 00:00:20.148601,0.49861831601505013,0.6762102042671896,131,9.550521918299262,1.6374518794334445e-10,0.06203833868598374,3,4.027122768502336,55,0.7493520255211688,COMPLETE
3,0.21641685436106992,2025-12-25 19:34:43.812815,2025-12-25 19:35:05.286641,0 days 00:00:21.473826,7.879318170741328e-08,0.5992457930588994,76,1.3423754163751311,4.165415794747428,0.2752457575052525,14,29.142739357814488,213,0.9578268630440656,COMPLETE
4,0.12146492655561084,2025-12-25 19:35:05.287045,2025-12-25 19:35:26.085470,0 days 00:00:20.798425,2.196103657992345e-05,0.766414132286902,118,9.269775208760741,3.3343690758107596e-05,0.07357887342297534,16,41.16529949613773,1496,0.5036637996497562,COMPLETE
5,0.333007672638419,2025-12-25 19:35:26.086001,2025-12-25 19:35:51.804686,0 days 00:00:25.718685,9.264957847703099e-08,0.3041922794431328,43,5.7060462964570835,4.087582873884904e-08,0.0012387121771276842,13,0.06610436936643055,1020,0.7084842506761785,COMPLETE
6,0.3223529370931327,2025-12-25 19:35:51.805397,2025-12-25 19:36:13.801192,0 days 00:00:21.995795,0.11517217549202002,0.7729134682440617,45,9.209920368603328,0.013993498682803099,0.0016343255242922579,5,0.21350239552857558,501,0.8541083259727371,COMPLETE
7,0.4371616544242505,2025-12-25 19:36:13.801753,2025-12-25 19:36:35.052109,0 days 00:00:21.250356,1.3858174771308205e-08,0.9503029175657738,182,3.923243813989561,11.392134355552145,0.2397901459914338,13,0.0062317073340850465,206,0.8765127687365915,COMPLETE
8,0.33977771200033297,2025-12-25 19:36:35.052826,2025-12-25 19:36:39.573936,0 days 00:00:04.521110,5.996278913206701e-06,0.866293905449689,123,9.822070836159355,0.28495430536574545,0.03939328548903668,14,240.52778387728526,1626,0.5531802996581936,PRUNED
9,0.30023263204128314,2025-12-25 19:36:39.574562,2025-12-25 19:37:03.521785,0 days 00:00:23.947223,0.0008643066564154611,0.5902574500796648,139,4.062464680288459,4.282050150206834e-05,0.0028752151236339876,4,1.701169064703623,795,0.7619418633410723,COMPLETE
10,0.5172835696577067,2025-12-25 19:37:03.522419,2025-12-25 19:37:27.379278,0 days 00:00:23.856859,4.246487767881576e-10,0.9849130883718793,199,0.04575791768193227,82.65632532863968,0.25439779675026686,7,0.001390914009051744,1986,0.8462576441334005,COMPLETE
11,0.45750627153739243,2025-12-25 19:37:27.380017,2025-12-25 19:37:50.819067,0 days 00:00:23.439050,1.100450229464838e-10,0.9873413701676488,195,0.014976891688488259,55.98534090926153,0.25958602454422697,7,0.0013381995118926882,1910,0.8524985475737011,COMPLETE
12,0.4011905245028059,2025-12-25 19:37:50.819779,2025-12-25 19:38:13.135620,0 days 00:00:22.315841,1.267912340467518e-10,0.9664851862323653,167,0.0696566727706608,0.012235097378875367,0.1538792418553786,7,0.0020275839383706888,1899,0.8306833688286926,COMPLETE
13,0.5513989979887153,2025-12-25 19:38:13.136428,2025-12-25 19:38:36.296902,0 days 00:00:23.160474,1.6085954451127692e-10,0.9778072953614835,162,1.4953983622675073,81.31433563106523,0.11282036594080488,7,0.016180974559535155,1983,0.9991726040934075,COMPLETE
14,0.37548966779420956,2025-12-25 19:38:36.297647,2025-12-25 19:38:51.890395,0 days 00:00:15.592748,2.2727671634353158e-09,0.46733983030976234,156,2.04456047021928,0.16699274572910108,0.10499169479017574,7,0.02061752322120701,1535,0.9923447755266895,COMPLETE
15,0.4760405156050863,2025-12-25 19:38:51.890910,2025-12-25 19:39:18.560047,0 days 00:00:26.669137,1.1685204279775332e-06,0.8659466874984685,166,2.3516844764996105,76.10202114608995,0.008552176116772637,2,0.016223492075876006,1994,0.6759664276394196,COMPLETE
16,0.5936700204638246,2025-12-25 19:39:18.560791,2025-12-25 19:39:23.428831,0 days 00:00:04.868040,1.9331273910863765e-09,0.7291653580095794,97,6.682163605951281,0.005475198633186169,0.04065261904211255,8,0.2814394455115593,1294,0.9110138793416335,PRUNED
17,0.5196071663954379,2025-12-25 19:39:23.429430,2025-12-25 19:39:44.408120,0 days 00:00:20.978690,4.6325071951433893e-07,0.9073538922001809,152,1.2632644056223272,0.7881127042291776,0.11958793307638654,5,0.005640943427113302,1714,0.7874807665735468,COMPLETE
18,0.30731669103803005,2025-12-25 19:39:44.408767,2025-12-25 19:40:06.836062,0 days 00:00:22.427295,5.5668837263974e-07,0.8962244310810307,147,2.7002257916146064,0.5213175616096618,0.015214582475905972,5,0.05216230169667809,1747,0.7903366814787338,COMPLETE
19,0.46911907668928154,2025-12-25 19:40:06.836599,2025-12-25 19:40:11.180190,0 days 00:00:04.343591,0.0002656486458982536,0.8098762799428311,84,1.3230913948917087,1.0169113207055445e-06,0.1102952066165322,9,0.004875748030117151,1340,0.645341066213797,PRUNED
20,0.3838300419437554,2025-12-25 19:40:11.180360,2025-12-25 19:40:30.495082,0 days 00:00:19.314722,0.00665210862212761,0.9128669855504842,173,6.6017049085008015,0.000753258952042455,0.03618237016722709,5,0.08473949354045171,1730,0.6206853109579045,COMPLETE
21,0.3050002918477016,2025-12-25 19:40:30.495545,2025-12-25 19:40:51.014302,0 days 00:00:20.518757,2.0332428451841425e-09,0.9890596118062253,185,0.8642197885272582,2.27061943387681,0.13987373324021357,6,0.003719980132314677,1814,0.8067044850742836,COMPLETE
22,0.4920256252757886,2025-12-25 19:40:51.014801,2025-12-25 19:41:11.406125,0 days 00:00:20.391324,1.169456519460416e-08,0.9252129158134295,155,3.3844666221034037,92.7695959066206,0.16668133135889213,9,0.014594299350565047,1988,0.8956981610542977,COMPLETE
23,0.5361849694909585,2025-12-25 19:41:11.406778,2025-12-25 19:41:15.814469,0 days 00:00:04.407691,1.1236097937062068e-09,0.9995884827535951,188,0.9481222762950403,7.959421036290449,0.071899063921599,3,0.0010884222565298353,1670,0.994381779141433,PRUNED
24,0.2710009545863683,2025-12-25 19:41:15.814997,2025-12-25 19:41:20.202593,0 days 00:00:04.387596,1.0793489900268989e-10,0.9135329195279921,173,1.915573357771265,0.08535129736926472,0.2962302633427854,6,0.0074781231695512825,1434,0.7210582348615773,PRUNED
25,0.6186486438032247,2025-12-25 19:41:20.203158,2025-12-25 19:41:24.451191,0 days 00:00:04.248033,4.5100605282234976e-08,0.8126580844416397,144,3.051273318257448,1.104737560309701,0.0851247742569944,4,0.021391068018351604,1823,0.7654263433778937,PRUNED
26,0.5543201343812079,2025-12-25 19:41:24.451736,2025-12-25 19:41:28.811474,0 days 00:00:04.359738,7.710802508768991e-07,0.49788293751151613,24,0.5663676800478973,10.475727616867193,0.16079407126097833,8,0.0026617838262394428,1603,0.9419717068022094,PRUNED
27,0.6278873127095781,2025-12-25 19:41:28.812021,2025-12-25 19:41:34.472707,0 days 00:00:05.660686,1.1638995075060354e-05,0.7126747216726002,154,1.8145301158692781,95.05807741979265,0.02268475211659654,11,0.3136822372441753,1220,0.8173476857247804,PRUNED
28,0.5478188488545147,2025-12-25 19:41:34.473242,2025-12-25 19:41:39.140441,0 days 00:00:04.667199,92.72371494735933,0.9331389199677942,176,0.039436986456149015,0.0506284955316593,0.05779134599009705,6,0.0010024576055137017,1833,0.8774982561746997,PRUNED
29,0.3457878870433824,2025-12-25 19:41:39.140971,2025-12-25 19:42:00.700702,0 days 00:00:21.559731,6.752687523686941e-10,0.8775860602938432,102,4.630542228178438,9.421916967628704,0.014146178743037034,9,0.009962120701984765,812,0.712398169776958,COMPLETE
30,0.6224125459502575,2025-12-25 19:42:00.701167,2025-12-25 19:42:05.213385,0 days 00:00:04.512218,6.302993042879987e-09,0.4668568581296099,199,1.6212988219394573,6.230427505882322e-06,0.028643685776371816,11,0.058014141426514024,1956,0.9729877574133203,PRUNED
31,0.6083834561294985,2025-12-25 19:42:05.213764,2025-12-25 19:42:09.729678,0 days 00:00:04.515914,2.384571666929454e-08,0.9423496519554118,160,3.5064718887618835,91.20744440817248,0.17246963950940747,10,0.028927057855812486,1986,0.9107927775739341,PRUNED
32,0.4633021370075034,2025-12-25 19:42:09.729969,2025-12-25 19:42:13.146025,0 days 00:00:03.416056,1.873216240517322e-07,0.8280125627330152,135,2.9732050106616743,1.3440839624189425,0.19544469823207794,9,0.002890764222968631,1734,0.9136947893505866,PRUNED
33,0.6039352081375506,2025-12-25 19:42:13.146322,2025-12-25 19:42:17.518687,0 days 00:00:04.372365,8.608447257255762e-09,0.9509134290894021,125,2.5991830747868483,18.628954446050948,0.1064837218960081,8,0.010222273917749446,1855,0.8910647094687343,PRUNED
34,0.5745083368062024,2025-12-25 19:42:17.519051,2025-12-25 19:42:22.300482,0 days 00:00:04.781431,8.170773267267146e-10,0.8554877906821314,150,0.699482131017561,2.168080897772182,0.05196350118132768,10,0.15666300924016419,1615,0.8511485049485003,PRUNED
35,0.523687542754348,2025-12-25 19:42:22.301149,2025-12-25 19:42:43.815856,0 days 00:00:21.514707,4.354331300030592e-10,0.9085437830756494,190,8.104852337591621,0.00035309650559277664,0.20873087817198974,7,0.98669539135291,1980,0.9445400717326476,COMPLETE
36,0.5372114882583312,2025-12-25 19:42:43.816512,2025-12-25 19:42:48.165693,0 days 00:00:04.349181,3.173863158141571e-10,0.6311775506840823,191,8.339673752676198,0.0019228579489604665,0.11848628676377254,4,5.358826996673721,1065,0.9505249326979376,PRUNED
37,0.4334040349210807,2025-12-25 19:42:48.166243,2025-12-25 19:43:11.174698,0 days 00:00:23.008455,2.6313293859142093e-06,0.7645942707878886,200,8.382592250336396,0.0006976600377086639,0.0051108117544203064,7,0.8257515490159746,1405,0.9659546249401613,COMPLETE
38,0.5307102027316378,2025-12-25 19:43:11.175231,2025-12-25 19:43:15.271335,0 days 00:00:04.096104,1.3910064086297317e-07,0.8880609946956166,183,6.977414059979158,9.872243003248691e-10,0.08581096740166502,6,5.884713618825155,1761,0.9449229167045564,PRUNED
39,0.2990591342278862,2025-12-25 19:43:15.271639,2025-12-25 19:43:19.410346,0 days 00:00:04.138707,3.578406230224327e-05,0.7961401148765762,165,5.859404202970349,3.7745741844979666e-08,0.21744274663945523,3,21.14603884839925,490,0.7806006084408516,PRUNED
40,0.5680070512795093,2025-12-25 19:43:19.410720,2025-12-25 19:43:23.728892,0 days 00:00:04.318172,0.04210218363820105,0.9648386504218545,178,7.668840265787983,4.380621391440707e-07,0.29456917009846867,5,0.6772532797599979,1514,0.9970357704125494,PRUNED
41,0.5146280753761338,2025-12-25 19:43:23.729190,2025-12-25 19:43:27.790996,0 days 00:00:04.061806,4.820259885896751e-09,0.92220774893541,130,5.081969828252223,22.475662433724306,0.21018092395080945,8,2.3967234346841657,1905,0.9221423409927696,PRUNED
42,0.29494699120547396,2025-12-25 19:43:27.791349,2025-12-25 19:43:48.696554,0 days 00:00:20.905205,4.132506217240605e-10,0.843390884830159,188,1.2399268022233272,0.5037466155150573,0.1294417101902863,7,12.158209253434292,1980,0.8381394375402078,COMPLETE
43,0.5820361411002684,2025-12-25 19:43:48.697026,2025-12-25 19:43:53.393211,0 days 00:00:04.696185,2.1109563889934373e-08,0.9624081648513764,109,3.729579292534801,30.467914511831903,0.17095406471826904,9,0.5747129240916035,1877,0.8770777519232201,PRUNED
44,0.33977771200033297,2025-12-25 19:43:53.393573,2025-12-25 19:43:57.607374,0 days 00:00:04.213801,3.298093420248551e-10,0.9916100716223022,161,4.667885298998512,3.8990436269873956,0.2095410620651267,8,78.15057653765535,1681,0.7378753572014226,PRUNED
45,0.6289138314769507,2025-12-25 19:43:57.607686,2025-12-25 19:44:02.332996,0 days 00:00:04.725310,6.4697593005346494e-09,0.9009480616443267,170,0.361752735792935,0.02294018436056737,0.0907150265379192,11,0.12381170853205563,1991,0.8953894920613639,PRUNED
46,0.5734818180388299,2025-12-25 19:44:02.333519,2025-12-25 19:44:07.126359,0 days 00:00:04.792840,5.961273632044628e-08,0.9347849578069927,139,2.3106503927453828,24.653606193472648,0.06522532560486852,6,0.0018373125973094723,1781,0.9731315058498745,PRUNED
47,0.6319933877790684,2025-12-25 19:44:07.126825,2025-12-25 19:44:11.167425,0 days 00:00:04.040600,3.80983129467036e-07,0.5431340056908993,151,3.4030759452174655,0.1464685618173295,0.1509038820737105,5,0.035624620319963496,956,0.8583529134039176,PRUNED
48,0.5248932630498597,2025-12-25 19:44:11.167710,2025-12-25 19:44:15.289098,0 days 00:00:04.121388,2.0034746735560815e-10,0.8702678325380622,60,4.289225072007856,7.959919019924751e-05,0.05102970609279523,10,0.011924007076588467,1925,0.8029236744210686,PRUNED
49,0.46061514126178177,2025-12-25 19:44:15.289403,2025-12-25 19:44:35.241076,0 days 00:00:19.951673,2.2049558145178144e-09,0.9642278585716786,179,5.419260717049104,1.0618703891786385e-10,0.24108002959786856,7,0.004055163817331692,462,0.8245459192356761,COMPLETE
50,0.6121473582765314,2025-12-25 19:44:35.241698,2025-12-25 19:44:39.320658,0 days 00:00:04.078960,3.2318975121044656e-08,0.3815668886154524,115,1.4365220412522124,4.771936265666088,0.11913425699090574,13,0.005784920819775572,1555,0.9236799613063345,PRUNED
51,0.4620839598387211,2025-12-25 19:44:39.320971,2025-12-25 19:44:59.276337,0 days 00:00:19.955366,1.7460210462848186e-06,0.8432323343713909,166,2.453030778246217,79.38745238815879,0.008453760488952923,2,0.01447549453655334,1900,0.6830807692305176,COMPLETE
52,0.6128317041214465,2025-12-25 19:44:59.276736,2025-12-25 19:45:04.875663,0 days 00:00:05.598927,5.1537059548914334e-05,0.8940680243510163,160,2.1579958517164806,31.899139260870353,0.009633545771858657,2,1.2759821975092227,1999,0.6744107844732201,PRUNED
53,0.26943083292747727,2025-12-25 19:45:04.876103,2025-12-25 19:45:27.817014,0 days 00:00:22.940911,3.6438779015730925e-06,0.9974140163415429,194,0.9712870929209281,0.6291030166808842,0.004968007183431423,4,0.038185734615321175,1683,0.6163520444411711,COMPLETE
54,0.4670658099485047,2025-12-25 19:45:27.817646,2025-12-25 19:45:50.391721,0 days 00:00:22.574075,3.7123813881784223e-09,0.9215380810185232,145,3.045645793933947,5.500768267104973,0.006126034293147252,16,0.018021699717501314,1823,0.7549795182561524,COMPLETE
55,0.21190655662636018,2025-12-25 19:45:50.392143,2025-12-25 19:46:13.663181,0 days 00:00:23.271038,0.00013319592314676765,0.8683135666558146,170,0.37438912741546293,0.00027662864050100646,0.002668824529842772,3,0.09866634845364082,1910,0.8984121341187978,COMPLETE
56,0.5057315793922378,2025-12-25 19:46:13.663805,2025-12-25 19:46:17.098116,0 days 00:00:03.434311,1.0549447295274889e-09,0.7862433249389558,184,9.940242329337611,41.2431242648937,0.2601228125511214,6,0.007409876389691831,1783,0.5264878389084833,PRUNED
57,0.6159112604235643,2025-12-25 19:46:17.098386,2025-12-25 19:46:23.246311,0 days 00:00:06.147925,1.4374355133569452e-08,0.7213769500767864,158,1.1395574796189825,97.47553587256009,0.011368358536120818,7,0.0021594312825444456,1860,0.5782229179530731,PRUNED
58,0.536527142413416,2025-12-25 19:46:23.246786,2025-12-25 19:46:27.689390,0 days 00:00:04.442604,8.38730177743012e-07,0.9752007847533514,193,1.6527811330284452,0.006343888554787513,0.09154070837411112,9,0.356227732698601,1700,0.7337836242887816,PRUNED
59,0.5991447872231451,2025-12-25 19:46:27.689694,2025-12-25 19:46:30.856573,0 days 00:00:03.166879,2.008507154500308e-07,0.7525726568320936,177,2.161136023961368,10.991903799868469,0.1779815854905272,12,0.0018678487872474635,104,0.6935055659616512,PRUNED
60,0.40128860360343904,2025-12-25 19:46:30.856768,2025-12-25 19:46:46.798110,0 days 00:00:15.941342,1.5478246441744402e-05,0.6827529182564143,142,9.253055889752057,0.2715468402807116,0.022538455235567058,8,0.02388291422688329,1204,0.7781600773022818,COMPLETE
61,0.4817009248395695,2025-12-25 19:46:46.798484,2025-12-25 19:47:12.876641,0 days 00:00:26.078157,3.0661589461171987e-09,0.9183976530900784,147,2.951377867632506,5.299705544657454,0.005105815426941443,16,0.01566687151419302,1842,0.7531527085125744,COMPLETE
62,0.41046078377493017,2025-12-25 19:47:12.877210,2025-12-25 19:47:41.453624,0 days 00:00:28.576414,1.1139852373129869e-10,0.9391294034931583,153,2.675391918481651,1.1437727390517286e-05,0.002540258765577139,15,0.0032961006328603095,1939,0.6484622116786367,COMPLETE
63,0.6203595084155122,2025-12-25 19:47:41.454241,2025-12-25 19:47:49.004775,0 days 00:00:07.550534,1.3234590409288012e-09,0.9089607548689675,164,1.8840627001339145,1.6037728955817683,0.0039293775571732715,14,0.05368207832746203,1833,0.8069611244573526,PRUNED
64,0.45395234406602886,2025-12-25 19:47:49.005328,2025-12-25 19:48:10.635301,0 days 00:00:21.629973,4.3605143499689543e-10,0.8224758259795627,123,3.4297132641729853,12.477997026614373,0.007263703781824205,4,0.0055775368622877465,1992,0.97841175812245,COMPLETE
65,0.6419164025303371,2025-12-25 19:48:10.635746,2025-12-25 19:48:16.779806,0 days 00:00:06.144060,3.1419139901175735e-09,0.9498601170545709,133,4.12583454119009,45.676343762440865,0.012196065414099016,5,0.009208503578512684,1631,0.8412217743073092,PRUNED
66,0.6005134789129751,2025-12-25 19:48:16.780103,2025-12-25 19:48:23.138935,0 days 00:00:06.358832,9.227205831465534e-08,0.8809191730208407,148,2.838525763299622,5.714873244630786,0.003268446684078357,10,0.017110477381576793,1760,0.8661959129611152,PRUNED
67,0.6491020339019453,2025-12-25 19:48:23.139220,2025-12-25 19:48:28.909100,0 days 00:00:05.769880,1.2860414713211504e-08,0.9720423332947876,169,1.431693067258832,2.361468079783985,0.0014472089346202334,8,0.0012839089119841822,1944,0.9570397108217705,PRUNED
68,0.4669943989489127,2025-12-25 19:48:28.909271,2025-12-25 19:48:57.924983,0 days 00:00:29.015712,0.001080940033249634,0.9182935767699741,155,0.5666137016598685,0.8490676027573751,0.002116034858999415,12,0.003874550688278057,1857,0.7663705635103236,COMPLETE
69,0.2938957237273007,2025-12-25 19:48:57.925571,2025-12-25 19:49:18.717077,0 days 00:00:20.791506,2.4413583754337897e-10,0.8610659830743136,200,3.1894008091848516,22.22636425870973,0.15028428418921108,2,0.07216123475609694,1918,0.7923069330770712,COMPLETE
70,0.3736291316926599,2025-12-25 19:49:18.717541,2025-12-25 19:49:41.119338,0 days 00:00:22.401797,1.8313671514342993,0.8969329825280167,181,3.8379777901109535,0.0320108242761987,0.017891452916893737,5,0.2265534326246086,1817,0.983331977826779,COMPLETE
71,0.44584649352344996,2025-12-25 19:49:41.119839,2025-12-25 19:50:03.480993,0 days 00:00:22.361154,3.301094949086164e-09,0.9398975733703138,146,3.1106646667684115,4.681736307722266,0.0064804091423082705,16,0.016670332730643313,1787,0.7528194331070815,COMPLETE
72,0.6114630124316164,2025-12-25 19:50:03.482376,2025-12-25 19:50:10.605571,0 days 00:00:07.123195,6.457120409620484e-10,0.9190932481748265,139,2.4311388622513617,51.51044375451684,0.005870040943862028,16,0.031959946717952416,1866,0.9352530993521448,PRUNED
73,0.5170146999772187,2025-12-25 19:50:10.606679,2025-12-25 19:50:35.372971,0 days 00:00:24.766292,1.89196912646036e-09,0.9740406814255486,144,6.078579088234735,12.530164164936085,0.004377920752379938,15,0.013302069033504596,1726,0.7326994558793728,COMPLETE
74,0.5495297134668023,2025-12-25 19:50:35.373649,2025-12-25 19:50:40.935681,0 days 00:00:05.562032,9.90781693444534e-10,0.9804641685042704,189,6.05856983282395,11.653552203835321,0.0010237470250779907,15,0.007774586949558048,1452,0.7278957334748573,PRUNED
75,0.5279728193519776,2025-12-25 19:50:40.935888,2025-12-25 19:50:43.721399,0 days 00:00:02.785511,7.522112472312073e-09,0.9533495937325719,173,7.508614750743474,96.7810138564073,0.19116257548520219,7,0.011697837130628603,1576,0.6604568396556498,PRUNED
76,0.6121473582765314,2025-12-25 19:50:43.721577,2025-12-25 19:50:47.915934,0 days 00:00:04.194357,1.703140217161697e-10,0.981100254971983,86,7.86112162684158,17.56725520937073,0.004509723526099143,15,0.02609360315717043,1723,0.701410658569679,PRUNED
77,0.5248932630498597,2025-12-25 19:50:47.916207,2025-12-25 19:50:52.282905,0 days 00:00:04.366698,1.4009945728318725e-09,0.9986976906507278,129,8.72828715635739,2.504556800177494,0.003601103741905335,14,3.019423633358221,1637,0.7742033273958783,PRUNED
78,0.33977771200033297,2025-12-25 19:50:52.283096,2025-12-25 19:50:54.499635,0 days 00:00:02.216539,4.110444971185343e-08,0.9333784666264044,136,9.574041615357945,1.4175855865336704e-06,0.1376155033576784,9,431.35534500918834,1953,0.7166692123178652,PRUNED
79,0.42510324362466123,2025-12-25 19:50:54.499811,2025-12-25 19:51:09.377168,0 days 00:00:14.877357,5.557833334031376e-10,0.8890934188392472,157,6.316021673791537,42.470810094740905,0.2982857495389352,6,0.005239243136284281,676,0.6194030772894997,COMPLETE
80,0.6579985298858412,2025-12-25 19:51:09.377584,2025-12-25 19:51:13.361703,0 days 00:00:03.984119,3.483426386493014e-07,0.8529875838693866,174,7.065153506731413,0.12781824842843895,0.2319131524641447,15,1.1504173600514274,1996,0.9595578097670971,PRUNED
81,0.5057232178015107,2025-12-25 19:51:13.362077,2025-12-25 19:51:39.761848,0 days 00:00:26.399771,4.228819372072496e-09,0.9216477549811135,142,2.8160937174772656,8.27866444548201,0.006956682922162078,16,0.018779554631590565,1818,0.7443004889835368,COMPLETE
82,0.47855010629874195,2025-12-25 19:51:39.762480,2025-12-25 19:52:03.878626,0 days 00:00:24.116146,7.192639382569293e-06,0.9575063919182114,150,1.642525338329984,11.76279808917758,0.009392954405881771,16,0.013234010824621365,1883,0.7412753365666475,COMPLETE
83,0.460500789423172,2025-12-25 19:52:03.879928,2025-12-25 19:52:27.757471,0 days 00:00:23.877543,1.6688709700087813e-08,0.9585786977051614,150,0.9686518434824938,7.546054267948979,0.007121399176006579,16,0.04276674747785667,1884,0.7884038924650091,COMPLETE
84,0.6384946733057616,2025-12-25 19:52:27.758256,2025-12-25 19:52:34.125568,0 days 00:00:06.367312,8.066774608017159e-06,0.912174439602469,143,1.7666170301581194,0.47542815193226423,0.008394993782504526,15,0.013081878850327631,1722,0.7479472869660315,PRUNED
85,0.4158094255724206,2025-12-25 19:52:34.126448,2025-12-25 19:52:57.806514,0 days 00:00:23.680066,2.089702859769321e-10,0.9753071624981554,120,0.3050221728294493,3.454773594948066,0.004195449938245041,16,0.0028527456170886452,1813,0.7465675309641145,COMPLETE
86,0.6597093944981289,2025-12-25 19:52:57.806912,2025-12-25 19:53:00.963839,0 days 00:00:03.156927,1.6433233919369e-09,0.9524771586344506,162,4.44446502370701,1.0544847856109765,0.10033611300522034,16,0.02223775029850242,1932,0.8160372284535278,PRUNED
87,0.6076991102845835,2025-12-25 19:53:00.964114,2025-12-25 19:53:07.483004,0 days 00:00:06.518890,7.41117166186622e-09,0.9267932185826044,115,2.064170859200069,14.604196733740444,0.005104386482263583,15,0.007477707842066489,1665,0.7386262618448952,PRUNED
88,0.632335560701526,2025-12-25 19:53:07.483302,2025-12-25 19:53:11.680128,0 days 00:00:04.196826,3.850135494879636e-10,0.9020069811410348,139,5.26678143869624,2.171892908807453e-08,0.07540553403141644,14,0.004060191714897814,1753,0.8821691220824301,PRUNED
89,0.2832601807142803,2025-12-25 19:53:11.680419,2025-12-25 19:53:33.336801,0 days 00:00:21.656382,3.4415168248461342e-09,0.9991164088263688,154,1.2054945833246489,0.2681877440060817,0.010030073460266933,16,0.0014533091801872742,1885,0.7661421829614202,COMPLETE
90,0.6364416357710164,2025-12-25 19:53:33.337288,2025-12-25 19:53:38.162789,0 days 00:00:04.825501,6.651225052064741e-08,0.9626159360165478,196,0.7732917575619601,35.16868231726412,0.12718963759853258,7,0.4887648468052742,1790,0.7220680093707953,PRUNED
91,0.6556033194286385,2025-12-25 19:53:38.163284,2025-12-25 19:53:44.876786,0 days 00:00:06.713502,1.4922973208747353e-06,0.8737221486593418,166,2.811902823402253,66.56392135833772,0.007490612265033133,10,0.009380198431716977,1964,0.7037701785725069,PRUNED
92,0.6142003958112766,2025-12-25 19:53:44.877162,2025-12-25 19:53:51.049200,0 days 00:00:06.172038,1.0589878652616404e-10,0.9350053018468943,128,2.3301833451375136,20.238527885209024,0.01316720369992821,3,0.015063932770286208,1856,0.6770880723536216,PRUNED
93,0.6179642979583094,2025-12-25 19:53:51.049747,2025-12-25 19:53:56.455495,0 days 00:00:05.405748,2.9155073051495572e-05,0.8303132140625449,149,1.5858790463169579,7.222383483330475,0.018560580746988298,6,0.042283592427117205,1909,0.689281252258703,PRUNED
94,0.662446777877789,2025-12-25 19:53:56.456057,2025-12-25 19:54:03.489033,0 days 00:00:07.032976,4.462125034780318e-06,0.9822365211827969,158,2.555033452389759,53.76565579043006,0.009809118610396543,8,0.021212689217921046,1963,0.7921028581846398,PRUNED
95,0.6326777336239837,2025-12-25 19:54:03.489568,2025-12-25 19:54:08.152980,0 days 00:00:04.663412,1.0495243326517415e-06,0.8870516315598818,185,3.2695231276426573,1.514778460582403,0.015198062253470432,16,0.027688322604185037,341,0.903579178542409,PRUNED
96,0.6042773810600081,2025-12-25 19:54:08.153278,2025-12-25 19:54:15.000543,0 days 00:00:06.847265,4.077248068758964e-07,0.9057971352779656,142,2.0231746220830114,17.129084241542124,0.005935402144731954,12,0.006414129524369025,1830,0.9322485818217887,PRUNED
97,0.6145425687337341,2025-12-25 19:54:15.001275,2025-12-25 19:54:19.611992,0 days 00:00:04.610717,7.812351373778179e-10,0.9463893684481229,135,2.915423096755926,7.300945460427528e-10,0.03134674798732756,15,0.15179714566906516,1944,0.7140233548983933,PRUNED
98,0.6384946733057616,2025-12-25 19:54:19.612280,2025-12-25 19:54:23.976010,0 days 00:00:04.363730,2.5766796204670758e-08,0.5907341175968703,152,1.472780906963743,28.75216626521677,0.1922591485596899,7,0.01145619652913184,1873,0.7586671386265192,PRUNED
99,0.6186486438032247,2025-12-25 19:54:23.976504,2025-12-25 19:54:28.040193,0 days 00:00:04.063689,2.3808603611724643e-09,0.6215735402609933,102,3.7313749594180026,2.8889670072427522,0.16388618699106916,6,0.0022488576367873697,1712,0.8643239923521151,PRUNED
100,0.4280583259943772,2025-12-25 19:54:28.040541,2025-12-25 19:54:32.292042,0 days 00:00:04.251501,6.735079151025051e-05,0.3950696799794662,164,0.0043263215274093395,2.3584872495278333e-07,0.25993078206903614,9,0.09258813649422627,1479,0.7346569802358885,PRUNED
101,0.45468103078669453,2025-12-25 19:54:32.292329,2025-12-25 19:54:57.837049,0 days 00:00:25.544720,1.5931122481445586e-07,0.9236686152140027,145,2.6419131620479543,6.778237123247634,0.005685343771614766,16,0.0216432951929112,1805,0.747154179085931,COMPLETE
102,0.4823174557273006,2025-12-25 19:54:57.837630,2025-12-25 19:55:16.669777,0 days 00:00:18.832147,3.70329905999397e-09,0.9243249899352135,148,3.553202509080577,10.532616109347444,0.01109663434160011,15,0.016961642529056065,1996,0.7740670758649583,COMPLETE
103,0.4516732384782897,2025-12-25 19:55:16.670167,2025-12-25 19:55:39.965913,0 days 00:00:23.295746,2.005231062180084e-09,0.9629418179201654,160,3.56392957494013,10.105544655157662,0.011140084777014234,15,0.013834020976168752,1990,0.6031659512256613,COMPLETE
104,0.5789565847981506,2025-12-25 19:55:39.966572,2025-12-25 19:55:46.491096,0 days 00:00:06.524524,1.0923282510651772e-08,0.9413201728974137,155,4.02683032786971,99.21525022154542,0.0072999012301239175,14,0.008949785502523592,1913,0.8400696653633284,PRUNED
105,0.6237812376400876,2025-12-25 19:55:46.491403,2025-12-25 19:55:53.138790,0 days 00:00:06.647387,3.159998168864882e-10,0.881012808684671,148,1.8083837200697261,29.030120307176585,0.009003250524689399,15,0.0048623138527607405,1946,0.770250886998366,PRUNED
106,0.661078086187959,2025-12-25 19:55:53.139340,2025-12-25 19:56:00.664889,0 days 00:00:07.525549,4.12214983126877e-09,0.907878776474811,168,3.301174991874975,4.337915191106411,0.004609998228777627,13,0.05016933659003665,1997,0.7800231004211686,PRUNED
107,0.29352499699653695,2025-12-25 19:56:00.665242,2025-12-25 19:56:19.766060,0 days 00:00:19.100818,5.3308985906247596e-09,0.984379073754054,137,2.1480166908977036,0.0015913958113472012,0.008305482703737706,4,0.031817599217492554,1359,0.8267779038116733,COMPLETE
108,0.6384946733057616,2025-12-25 19:56:19.766459,2025-12-25 19:56:23.562985,0 days 00:00:03.796526,2.114112216515188e-06,0.9302296816098735,29,4.835128513279783,0.00022429181072774007,0.01060641649807086,5,1.53192794667128,915,0.7980306267464681,PRUNED
109,0.5957230579985697,2025-12-25 19:56:23.563189,2025-12-25 19:56:28.325407,0 days 00:00:04.762218,9.910121465737283e-10,0.8518791514944167,196,2.2643723761122434,56.965953363894,0.012655161904531602,8,0.01756338615379848,1846,0.9995975436877539,PRUNED
110,0.5899061183167916,2025-12-25 19:56:28.325831,2025-12-25 19:56:32.048987,0 days 00:00:03.723156,1.41059923874811e-05,0.9519002137968691,142,1.120718966848019,17.444535378934575,0.23608854930284057,14,0.06820261800989727,1892,0.8137355698870181,PRUNED
111,0.4638406222995729,2025-12-25 19:56:32.049166,2025-12-25 19:56:57.210223,0 days 00:00:25.161057,4.3960851625648e-10,0.9212579874291773,148,3.033138184120688,7.010663876241321,0.005668318453298296,16,0.01716854509351375,1773,0.7584190421058372,COMPLETE
112,0.6470489963672001,2025-12-25 19:56:57.210458,2025-12-25 19:57:03.768448,0 days 00:00:06.557990,1.541554625490037e-09,0.9727999292800008,132,3.6206423749621575,45.473489304661946,0.006806500798706391,16,0.00952769757387501,1957,0.7244321378768273,PRUNED
113,0.6391790191506768,2025-12-25 19:57:03.768769,2025-12-25 19:57:10.771643,0 days 00:00:07.002874,0.00024543404296443284,0.8963730106618852,145,2.8304272256183793,2.4058194778897364,0.0035670491065459063,16,0.006805613051496345,1841,0.9188730986238044,PRUNED
114,0.594012193386282,2025-12-25 19:57:10.772171,2025-12-25 19:57:17.188282,0 days 00:00:06.416111,9.784338195999502e-09,0.9445775934363665,153,3.0744755446554812,11.5316808605862,0.00518384658447308,15,0.9304524930022369,1915,0.9855518031125288,PRUNED
115,0.617622125035852,2025-12-25 19:57:17.188556,2025-12-25 19:57:22.367376,0 days 00:00:05.178820,1.8150115521062337e-10,0.3078295007406984,161,2.443851708778196,1.5178987011733542,0.007738036543992067,16,0.012082437975215733,1151,0.783258181329391,PRUNED
116,0.6207016813379699,2025-12-25 19:57:22.367602,2025-12-25 19:57:27.993296,0 days 00:00:05.625694,3.816517228863432e-08,0.9174034103570052,140,5.504430819595067,4.146395860443084,0.006197964933882699,15,0.02755223631128352,1659,0.8880534196196779,PRUNED
117,0.36233868477248904,2025-12-25 19:57:27.993575,2025-12-25 19:57:45.471663,0 days 00:00:17.478088,5.360246879504543e-09,0.8617219631776529,171,4.189439020363015,28.205383103635306,0.11299560673930549,3,0.018564466878736408,1817,0.7380549929903776,COMPLETE
118,0.6597093944981289,2025-12-25 19:57:45.472321,2025-12-25 19:57:51.657921,0 days 00:00:06.185600,1.954445615490548e-08,0.5461467719400646,157,9.016605245771352,66.12552603598313,0.002869731434912799,7,0.03800029948018224,1893,0.665143717669038,PRUNED
119,0.5187341504456242,2025-12-25 19:57:51.658233,2025-12-25 19:57:55.985651,0 days 00:00:04.327418,6.124519867826964e-10,0.9694121562190227,188,3.394760452042804,0.8233622448212063,0.14069114162046667,16,0.004539607511590752,1758,0.6995750367589044,PRUNED
120,0.5194184962905393,2025-12-25 19:57:55.986035,2025-12-25 19:58:00.194891,0 days 00:00:04.208856,27.597955780924586,0.9894115699168928,126,0.5021710961276606,0.3877981384462654,0.21336412904643712,11,0.0029846593052762446,1574,0.7570841653080186,PRUNED
121,0.46568686771756224,2025-12-25 19:58:00.195299,2025-12-25 19:58:26.895856,0 days 00:00:26.700557,0.0003319402809869031,0.9165259410584016,155,0.3843561455853,1.7742274054139466e-05,0.0017734418408887856,15,0.0034750454543949947,1869,0.7697741326737129,COMPLETE
122,0.6477333422121151,2025-12-25 19:58:26.896457,2025-12-25 19:58:35.597859,0 days 00:00:08.701402,0.0025392216125046984,0.933151145362377,146,0.7542939374892257,0.7256989457399904,0.0019041616457691076,12,0.0015193737775322461,1951,0.7533326534056088,PRUNED
123,0.5981182684557724,2025-12-25 19:58:35.598212,2025-12-25 19:58:43.526876,0 days 00:00:07.928664,0.010164540526009876,0.894265689113226,151,0.6099241427854888,10.419030318175535,0.00216167155135179,16,0.007893975710616327,1995,0.7288680074910251,PRUNED
124,0.5615057657528162,2025-12-25 19:58:43.527278,2025-12-25 19:58:51.157546,0 days 00:00:07.630268,0.0007591637024681876,0.9575250872059691,162,0.12011297043805236,17.67153782618896,0.002401153042698957,13,0.011094429734782871,1838,0.803236841626042,PRUNED
125,0.5611635928303585,2025-12-25 19:58:51.157766,2025-12-25 19:58:55.610708,0 days 00:00:04.452942,3.401297988788174e-09,0.8830982058215722,181,0.9790937932530286,0.08829222185134232,0.00915148655355549,12,0.005817220436897646,1745,0.7417329181576233,PRUNED
126,0.3393684216538411,2025-12-25 19:58:55.610928,2025-12-25 19:59:17.599731,0 days 00:00:21.988803,0.004504955781807428,0.908531573912955,157,1.300922133596508,5.499343157785072,0.0041094512781897,2,0.013944651664131572,1918,0.7669699780542097,COMPLETE
127,0.5556669567055237,2025-12-25 19:59:17.600255,2025-12-25 19:59:38.598000,0 days 00:00:20.997745,0.02793468845842196,0.9253272851855711,176,1.6935429774537316,36.59937863657539,0.18779999491545346,14,0.022484350531078334,1807,0.9664459305240565,COMPLETE
128,0.6573141840409261,2025-12-25 19:59:38.598673,2025-12-25 19:59:42.872787,0 days 00:00:04.274114,0.36693889837076893,0.9307307850307254,193,1.602632286680171,39.01054290600175,0.1721992261490169,15,0.021978175910871017,2000,0.9681299434948608,PRUNED
129,0.5837470057125559,2025-12-25 19:59:42.873070,2025-12-25 19:59:47.338487,0 days 00:00:04.465417,0.045775536533812215,0.9443281183433525,186,8.124084764397526,68.27964830358921,0.1942911397065487,14,0.029959914813438418,1794,0.9858614639432584,PRUNED
130,0.5810096223328958,2025-12-25 19:59:47.338950,2025-12-25 19:59:51.427215,0 days 00:00:04.088265,1.0709125697418453e-09,0.8713722474639298,176,1.8956042887390498,23.9807727951109,0.26819224074042314,6,0.016887030325380803,1687,0.9445243186470885,PRUNED
131,0.49406193512595015,2025-12-25 19:59:51.427558,2025-12-25 20:00:17.915536,0 days 00:00:26.487978,0.030867490873953782,0.9203330603541319,151,1.380047252814532,2.713116781798085,0.001294080785715485,14,0.009713767268691633,1866,0.9502522524784326,COMPLETE
132,0.5902214022622223,2025-12-25 20:00:17.915941,2025-12-25 20:00:42.001592,0 days 00:00:24.085651,0.11336261735492557,0.6762108477297181,151,1.7130169031466849,95.30428011777673,0.014500267281143665,9,0.009868683909057322,1883,0.9555856615043682,COMPLETE
133,0.5583942208907846,2025-12-25 20:00:42.002097,2025-12-25 20:01:04.162928,0 days 00:00:22.160831,0.01988232751636916,0.8050679885038474,62,1.678420752521121,98.6440456776567,0.01946392942816656,9,0.010701964813389888,1938,0.9579989283705045,COMPLETE
134,0.6159112604235643,2025-12-25 20:01:04.163229,2025-12-25 20:01:08.609531,0 days 00:00:04.446302,0.09637711068670424,0.7476295396337631,57,1.7315846171962954,33.49984457804085,0.02099042637379633,9,0.009871315223744338,1881,0.948576226057165,PRUNED
135,0.5930076627779693,2025-12-25 20:01:08.609936,2025-12-25 20:01:31.935487,0 days 00:00:23.325551,0.015297631920801809,0.9676134986271061,150,1.4387034340159026,92.64756181438231,0.0152857988703679,10,0.006459653169105161,1942,0.9643477511564937,COMPLETE
136,0.6576563569633836,2025-12-25 20:01:31.936165,2025-12-25 20:01:37.857768,0 days 00:00:05.921603,0.01571915913523206,0.652380351040513,90,1.2739616381150318,84.43349200129171,0.027136302161779032,10,0.006578207064768703,1943,0.9604311882415612,PRUNED
137,0.6576563569633836,2025-12-25 20:01:37.858134,2025-12-25 20:01:43.792612,0 days 00:00:05.934478,0.1861188068722265,0.7971717339283192,51,0.9709290932992022,48.092043983456406,0.015383498296877109,9,0.004839933110715603,1959,0.973230342019796,PRUNED
138,0.5528648315208721,2025-12-25 20:01:43.792784,2025-12-25 20:02:03.379510,0 days 00:00:19.586726,0.021350900630157765,0.7048263318159717,79,1.0479435536718609,81.71156573316382,0.03948919274838763,8,0.009701057085666204,1917,0.9326289319319078,COMPLETE
139,0.6562876652735534,2025-12-25 20:02:03.379955,2025-12-25 20:02:09.150207,0 days 00:00:05.770252,0.025524110270799746,0.6609121373835869,191,1.4836057903342137,80.36015333112657,0.03890269126655771,8,0.007520620715780422,1928,0.9359845548935928,PRUNED
140,0.6330199065464411,2025-12-25 20:02:09.150480,2025-12-25 20:02:13.556737,0 days 00:00:04.406257,0.07210107015937281,0.6107626264449878,73,1.3567243452034066,24.242153544635343,0.04693542639363541,8,0.002514490257233153,628,0.9269159261894794,PRUNED
141,0.5994869601456025,2025-12-25 20:02:13.556907,2025-12-25 20:02:17.711622,0 days 00:00:04.154715,0.03185044361533905,0.7056834771980546,150,0.8495694000852708,40.695590783953236,0.015779622388319342,9,0.010647023044663612,1912,0.9397347959091383,PRUNED
142,0.6672371987921947,2025-12-25 20:02:17.711823,2025-12-25 20:02:22.363459,0 days 00:00:04.651636,0.015271856855253866,0.6828277249478684,39,1.9302179824326722,95.60745766030661,0.026129025730121415,9,0.013342626671803175,1853,0.9616625707989407,PRUNED
143,0.5817196447452668,2025-12-25 20:02:22.363639,2025-12-25 20:02:44.728337,0 days 00:00:22.364698,0.2367201228210726,0.7362522502509928,68,1.0742848441589419,98.62218372403365,0.01943479291062457,8,0.024277977922192478,1794,0.911867233703374,COMPLETE
144,0.6484176880570302,2025-12-25 20:02:44.728953,2025-12-25 20:02:51.016839,0 days 00:00:06.287886,0.19690756737388956,0.7391738881808647,72,1.1428326960008564,56.55048415922297,0.02000860765345509,8,0.02403260710985799,1967,0.9099456308805772,PRUNED
145,0.6569720111184686,2025-12-25 20:02:51.017147,2025-12-25 20:02:57.025278,0 days 00:00:06.008131,0.4714752149828053,0.7015235307789927,70,7.25138175155654,98.6233235189629,0.01673903587912613,10,1.9822306999309467,1801,0.9567018852285089,PRUNED
146,0.33977771200033297,2025-12-25 20:02:57.025794,2025-12-25 20:03:01.509294,0 days 00:00:04.483500,0.005978548105581752,0.6940827125852793,78,1.074492822632045,14.591465836779506,0.023675505824482655,8,92.18332169666633,1747,0.9531815379175136,PRUNED
147,0.5977760955333149,2025-12-25 20:03:01.509701,2025-12-25 20:03:07.741160,0 days 00:00:06.231459,0.06504087333590837,0.7243961503270447,63,1.4794238719605397,36.442830086990725,0.014346464089603066,7,0.008796043104551107,1896,0.9218664028377034,PRUNED
148,0.39562270060249516,2025-12-25 20:03:07.741382,2025-12-25 20:03:30.648014,0 days 00:00:22.906632,1.593942722962186,0.7595896658378928,196,6.6209091401037625,2.977196487367067e-06,0.0013840576157173412,7,0.005645328654445148,1710,0.9702060746382202,COMPLETE
149,0.6446537859099973,2025-12-25 20:03:30.648610,2025-12-25 20:03:35.790119,0 days 00:00:05.141509,0.1494850793612575,0.716706954638322,61,1.6903010558155205,22.163917434115017,0.034364267743974636,10,0.0011271961653991191,1961,0.9020822107095218,PRUNED
150,0.6152269145786493,2025-12-25 20:03:35.790600,2025-12-25 20:03:42.785513,0 days 00:00:06.994913,0.02018609065005166,0.6762482560839794,66,0.2326083781197794,49.76735681390211,0.013207131029128294,8,0.0039043307989003015,1791,0.9783873855341463,PRUNED
151,0.5679024976868734,2025-12-25 20:03:42.785952,2025-12-25 20:04:00.480323,0 days 00:00:17.694371,0.009697970061839745,0.770903333377511,53,2.0496313989560067,99.33194843442459,0.2293306301999585,9,0.015153525736414621,1850,0.9420521336368465,COMPLETE
152,0.5505141629991017,2025-12-25 20:04:00.480649,2025-12-25 20:04:18.596242,0 days 00:00:18.115593,0.008371359278719853,0.7760455275465069,50,1.9816605941652878,95.47248239264151,0.15702517933745824,9,0.020249745859884136,1860,0.9482346287489726,COMPLETE
153,0.5600420130036239,2025-12-25 20:04:18.596593,2025-12-25 20:04:39.773420,0 days 00:00:21.176827,0.009856494687537857,0.7847531726935574,49,1.9501367652288617,95.5272852788134,0.1511081956744079,9,0.3986318866008068,1860,0.9488380877672707,COMPLETE
154,0.4629599640850459,2025-12-25 20:04:39.774017,2025-12-25 20:04:44.687640,0 days 00:00:04.913623,0.009778482794968946,0.7718231666376059,49,1.9860901525252252,99.92962364241949,0.15006930506905,9,16.844489318510536,1821,0.9442925904103034,PRUNED
155,0.6179642979583094,2025-12-25 20:04:44.688170,2025-12-25 20:04:49.205701,0 days 00:00:04.517531,0.04537368068777772,0.791290359243334,55,2.2053901146537362,55.945106975656685,0.10223444062376642,9,0.04723465043456128,1864,0.9919263312007535,PRUNED
156,0.5076803397463164,2025-12-25 20:04:49.206167,2025-12-25 20:05:09.305764,0 days 00:00:20.099597,0.0041564221502018205,0.7783866004550432,39,1.2978299648682656,27.225606286249906,0.1846508129451871,10,0.3794743697235993,1778,0.9308694786327242,COMPLETE
157,0.616937779190937,2025-12-25 20:05:09.306330,2025-12-25 20:05:12.818631,0 days 00:00:03.512301,0.0020977841770467042,0.7432756476679685,40,1.6191665024015376,30.840847288545657,0.22351503277530302,10,0.8323087037676244,1746,0.9298171008137504,PRUNED
158,0.5268011410748404,2025-12-25 20:05:12.818804,2025-12-25 20:05:27.100671,0 days 00:00:14.281867,0.008175152227259693,0.7889369707223308,45,1.7641765080964713,98.69558691410069,0.12262268926886218,9,0.42722558216163603,1778,0.9118500266847623,COMPLETE
159,0.5834048327900985,2025-12-25 20:05:27.100901,2025-12-25 20:05:30.070994,0 days 00:00:02.970093,0.0028886948518706797,0.8088457555311558,43,1.8449048445284035,57.94404426422402,0.12844615055353756,11,0.33170625103457835,1706,0.9103108403236347,PRUNED
160,0.454813199106347,2025-12-25 20:05:30.071277,2025-12-25 20:05:49.981272,0 days 00:00:19.909995,0.009563350315456432,0.774315354968455,35,1.239401932971652,0.010030565939578288,0.07858333332808441,9,0.5096350015734581,1774,0.9351246520374661,COMPLETE
161,0.6306246960892384,2025-12-25 20:05:49.982018,2025-12-25 20:05:54.439307,0 days 00:00:04.457289,0.003889348273220263,0.7858457977917882,49,2.084159883405298,97.02225516437936,0.18454089184804348,9,0.48686381648288624,1624,0.9626813349871546,PRUNED
162,0.6607359132655015,2025-12-25 20:05:54.439700,2025-12-25 20:05:58.936388,0 days 00:00:04.496688,0.001507816103613216,0.8184027914350052,45,1.7659268377599697,33.44136192671267,0.1648181204082491,8,0.3773288864062336,1816,0.946875329614675,PRUNED
163,0.4177931383206511,2025-12-25 20:05:58.936911,2025-12-25 20:06:03.403727,0 days 00:00:04.466816,0.012898151650038946,0.7716335398638217,34,1.566391416750522,20.625538707444072,0.14382357409354207,10,0.23746242777905194,1773,0.9158119416653183,PRUNED
164,0.5508984051566326,2025-12-25 20:06:03.404341,2025-12-25 20:06:07.926470,0 days 00:00:04.522129,0.00621839224798567,0.8072228441713746,50,0.7946433960906354,49.294447946428754,0.12113133278105988,9,0.5826617730166592,1825,0.9276892820836049,PRUNED
165,0.6579985298858412,2025-12-25 20:06:07.926844,2025-12-25 20:06:13.124257,0 days 00:00:05.197413,0.02265375231116293,0.7326840782841868,56,1.4208775418819837,97.5815456841517,0.06428128653181076,9,1.3240757405832553,1910,0.9771890923329288,PRUNED
166,0.6172799521133945,2025-12-25 20:06:13.124754,2025-12-25 20:06:17.391437,0 days 00:00:04.266683,0.006906357387293949,0.7592144995407101,40,2.3438658215848136,58.16982628709455,0.20374579428542958,8,0.27632977721161106,1723,0.9912889127907709,PRUNED
167,0.6326777336239837,2025-12-25 20:06:17.391761,2025-12-25 20:06:21.432037,0 days 00:00:04.040276,0.05076444314019779,0.7926815352049017,52,2.043627174737026,17.269205165641008,0.24718226130852552,9,0.17094070861830582,1852,0.9384927599110692,PRUNED
168,0.651497244359148,2025-12-25 20:06:21.432337,2025-12-25 20:06:25.669361,0 days 00:00:04.237024,0.7185446997807727,0.7519840609378585,65,1.0974455790335214,32.80427593491052,0.15420804756568957,7,0.021295003643946316,1670,0.9673570568348993,PRUNED
169,0.6556033194286385,2025-12-25 20:06:25.669677,2025-12-25 20:06:29.851657,0 days 00:00:04.181980,0.08830352370560839,0.7785609006314467,60,6.1497118525359245,55.669828975888,0.23108401705107756,11,0.9586909081753937,1899,0.9546473063784334,PRUNED
170,0.5854578703248436,2025-12-25 20:06:29.851962,2025-12-25 20:06:34.122491,0 days 00:00:04.270529,0.0007031570630888586,0.7355297778236242,46,1.7792984806982584,23.865707919581705,0.09515908406967313,8,0.701630031429523,1792,0.9248459404522306,PRUNED
171,0.6203595084155122,2025-12-25 20:06:34.122927,2025-12-25 20:06:38.318434,0 days 00:00:04.195507,0.03380071184935469,0.8008382002932385,54,1.3817959389838348,8.63277857998753,0.17846308284718318,10,0.40370272977841404,1869,0.9513440815186552,PRUNED
172,0.6210438542604274,2025-12-25 20:06:38.318782,2025-12-25 20:06:43.695978,0 days 00:00:05.377196,0.028178819002431136,0.8288034939994625,68,1.2977977694711607,14.023690523839798,0.019205585026948913,9,0.011506154574166172,1934,0.9463268065619888,PRUNED
173,0.481579037505417,2025-12-25 20:06:43.696457,2025-12-25 20:07:03.830633,0 days 00:00:20.134176,0.3168380970348003,0.761786903231602,46,1.5199067819554632,34.66437333327556,0.29222466676540226,8,0.014464765084341281,1847,0.935981968644777,COMPLETE
174,0.6381525003833042,2025-12-25 20:07:03.831180,2025-12-25 20:07:11.390636,0 days 00:00:07.559456,0.020719513709938155,0.7167058152737524,57,0.6700307833632069,98.45968873409569,0.0011440993498581303,10,0.032506526355027654,1880,0.9660016753842391,PRUNED
175,0.5775878931083203,2025-12-25 20:07:11.390989,2025-12-25 20:07:16.029064,0 days 00:00:04.638075,0.011577698679822182,0.661563558805416,35,1.9334667348570933,52.595113306981496,0.11683415342080108,9,0.008516499099956646,1922,0.9142651393216534,PRUNED
176,0.6627889508002468,2025-12-25 20:07:16.029347,2025-12-25 20:07:20.156121,0 days 00:00:04.126774,0.10711399924497889,0.780027409402661,82,1.024304284826505,20.748990187420294,0.13619163938275583,7,0.026293315343235518,1741,0.9556930595201547,PRUNED
177,0.6282294856320355,2025-12-25 20:07:20.156570,2025-12-25 20:07:26.152943,0 days 00:00:05.996373,0.004640027173167444,0.9874995091662155,42,1.6198682921444854,60.233588513791716,0.023730413068246275,9,0.01896696994098471,1813,0.9827487273231222,PRUNED
178,0.48964945203673366,2025-12-25 20:07:26.153237,2025-12-25 20:07:30.336036,0 days 00:00:04.182799,0.007049198871016162,0.8175903752284155,60,1.2483748384885185,34.531256639302455,0.20868344160957572,8,4.584706950251336,1876,0.9409125301390351,PRUNED
179,0.6614202591104166,2025-12-25 20:07:30.336354,2025-12-25 20:07:34.505763,0 days 00:00:04.169409,0.016807757181334076,0.8375188972209456,21,0.8649057005138951,8.998263416811438,0.05574881981915592,6,0.011616773912892243,1953,0.929259897261165,PRUNED
180,0.5297342950793407,2025-12-25 20:07:34.506056,2025-12-25 20:07:56.732406,0 days 00:00:22.226350,0.05805340552626152,0.7459176449066923,200,2.5482021537932344,98.78097015424667,0.16222640215589407,7,0.006171691311476053,1765,0.9032384199297854,COMPLETE
181,0.5422621888135345,2025-12-25 20:07:56.733631,2025-12-25 20:08:11.559878,0 days 00:00:14.826247,0.055694753169602616,0.6874568538649378,200,2.357911812873122,99.69909899477231,0.16800716714743047,7,0.006448999186769033,1788,0.8929324067588736,COMPLETE
182,0.5632166303651038,2025-12-25 20:08:11.560414,2025-12-25 20:08:16.212370,0 days 00:00:04.651956,0.06819218020054482,0.6822677851781187,200,2.575137243354607,96.09058249029634,0.16818341666370923,7,7.683616194778308,1775,0.8812859764940124,PRUNED
183,0.522498052592657,2025-12-25 20:08:16.212724,2025-12-25 20:08:20.649982,0 days 00:00:04.437258,0.18825548661137703,0.6350586687140309,192,2.3051515139282897,62.17309160787785,0.18593453944280963,7,0.0063394492941637876,1728,0.9025546841734453,PRUNED
184,0.6747650030862604,2025-12-25 20:08:20.650818,2025-12-25 20:08:24.722263,0 days 00:00:04.071445,0.04720026209537215,0.6982498590583824,47,2.4731430638401886,37.57259841478233,0.15887947469374986,7,0.0048194508875126964,1805,0.8874240835092614,PRUNED
185,0.4934730713516132,2025-12-25 20:08:24.722562,2025-12-25 20:08:43.944733,0 days 00:00:19.222171,0.13189068173992413,0.7622912648384611,198,2.184633518579222,98.92422394027328,0.13332146055600994,6,0.0076216838255184945,1838,0.8956811311094302,COMPLETE
186,0.6289138314769507,2025-12-25 20:08:43.945422,2025-12-25 20:08:48.547994,0 days 00:00:04.602572,1.8782641747689757e-10,0.7299396636669809,195,2.0724058048935685,56.94988505894786,0.1109107556157678,7,0.013937042084158918,1670,0.8518705127468041,PRUNED
187,0.5385801799481612,2025-12-25 20:08:48.548166,2025-12-25 20:08:50.939266,0 days 00:00:02.391100,0.010204387626810437,0.7458658043362332,190,1.810603398523835,25.796844724214576,0.19417528931150022,8,0.006107670137330903,1776,0.9093994913433138,PRUNED
188,0.5916169829290793,2025-12-25 20:08:50.939535,2025-12-25 20:08:54.303763,0 days 00:00:03.364228,0.2670684328793039,0.7192048156347758,196,9.602887390208723,98.46033702977834,0.21740525969782412,7,0.0036539256183634734,1928,0.9195846978021921,PRUNED
189,0.6056460727498382,2025-12-25 20:08:54.304063,2025-12-25 20:08:58.517353,0 days 00:00:04.213290,0.9073618121331397,0.7836578888071934,199,2.7074547276600347,45.04761836369034,0.24805457438128792,10,0.008366296863189734,1758,0.9211919523770976,PRUNED
190,0.6008556518354328,2025-12-25 20:08:58.517670,2025-12-25 20:09:02.588236,0 days 00:00:04.070566,1.0094338215513063e-10,0.6886263803719879,28,1.9014580645819787,14.978758954651664,0.15090960866539446,6,0.0016435686130937223,1999,0.8720188538494847,PRUNED
191,0.6313090419341534,2025-12-25 20:09:02.588534,2025-12-25 20:09:06.568027,0 days 00:00:03.979493,0.03286781005575211,0.6653427973216587,53,1.462770516195148,0.0035684576429363332,0.1743031895288873,9,0.010391628349610922,1856,0.9486732639634068,PRUNED
192,0.6165956062684794,2025-12-25 20:09:06.568323,2025-12-25 20:09:10.506525,0 days 00:00:03.938202,0.017524605941723035,0.9747226658002143,94,1.5852429689130045,56.554795279629225,0.20448710121332533,8,0.016675461251513653,1899,0.9721703479342246,PRUNED
193,0.6432850942201672,2025-12-25 20:09:10.506935,2025-12-25 20:09:15.402647,0 days 00:00:04.895712,0.0034970907944350065,0.9983632278832142,75,1.7313775548113,29.285379240478573,0.0465380750979859,13,0.01012287951869744,1830,0.9356851728473874,PRUNED
194,0.6275451397871206,2025-12-25 20:09:15.403044,2025-12-25 20:09:20.082431,0 days 00:00:04.679387,0.07128455671854979,0.7046093199972718,187,8.571473655330163,99.46774745113257,0.08400994931083013,14,0.020581278134942906,1696,0.9602320663559082,PRUNED
195,0.616937779190937,2025-12-25 20:09:20.082876,2025-12-25 20:09:24.532558,0 days 00:00:04.449682,0.028101643629025584,0.7484652915108319,182,2.2393360246692824,56.50637867300792,0.13152255916994737,9,0.006783766169922562,1962,0.8978702964371762,PRUNED
196,0.5611635928303585,2025-12-25 20:09:24.532849,2025-12-25 20:09:30.020761,0 days 00:00:05.487912,0.007654756032154608,0.9676801782350712,200,1.2282587528103095,9.187959343045981e-05,0.01689789031053425,8,0.012859186682711545,1874,0.9463062752896911,PRUNED
197,0.5953808850761123,2025-12-25 20:09:30.021275,2025-12-25 20:09:34.134520,0 days 00:00:04.113245,2.979835900920802e-10,0.761709289024736,43,2.0356468643225645,14.387555866423952,0.16341636726674072,7,0.004568331846393397,1813,0.9263910963773448,PRUNED
198,0.5998291330680602,2025-12-25 20:09:34.134806,2025-12-25 20:09:37.752231,0 days 00:00:03.617425,0.03546103796103231,0.7699360482090553,38,1.432836330458535,35.59896031630464,0.25064799935634335,11,0.008960099443022507,1917,0.957534086905554,PRUNED
199,0.6063304185947532,2025-12-25 20:09:37.752398,2025-12-25 20:09:41.401044,0 days 00:00:03.648646,0.0017292661549340722,0.8051302225055041,192,6.856884902021386,21.58682831492039,0.029903388774951255,7,0.6607067425012838,1784,0.938167500937411,PRUNED
