number,value,datetime_start,datetime_complete,duration,params_batch_size,params_d_model,params_dropout,params_ff,params_huber_delta,params_layers,params_loss,params_lr,params_nhead,params_weight_decay,user_attrs_val_mae,user_attrs_val_r2,user_attrs_val_rmse,user_attrs_val_spearman_rho,state
0,0.5267093108424838,2025-12-21 23:19:42.682704,2025-12-21 23:20:23.362873,0 days 00:00:40.680169,64,256,0.31701651874033554,1024,,3,mse,0.000431443772186329,4,1.9771723526668433e-10,1.4095916748046875,-0.24975430965423584,1.6674437522888184,-0.25194972123699694,COMPLETE
1,0.7363512049360709,2025-12-21 23:20:23.363164,2025-12-21 23:21:37.914521,0 days 00:01:14.551357,16,384,0.19151597644581875,1536,0.6297528852220533,4,huber,4.2633894899397915e-05,4,2.8504840901308213e-07,0.7369579076766968,0.19320333003997803,1.3397412300109863,0.6968826296298632,COMPLETE
2,0.6017291696135758,2025-12-21 23:21:37.914808,2025-12-21 23:22:58.283509,0 days 00:01:20.368701,32,128,0.36475836176739307,1536,1.7597469918060904,2,huber,0.001788092828973974,4,3.945083240229022e-09,1.9636025428771973,-1.0375525951385498,2.129086494445801,-0.5339231491063738,COMPLETE
3,0.6632677388448259,2025-12-21 23:22:58.283755,2025-12-21 23:23:55.650326,0 days 00:00:57.366571,16,256,0.28356637725095946,512,,3,mse,0.0009656331362227173,8,0.00046760844297167404,1.6090933084487915,-0.4831644296646118,1.8164920806884766,-0.07337102710386034,COMPLETE
4,0.6279836720670211,2025-12-21 23:23:55.650586,2025-12-21 23:24:33.226420,0 days 00:00:37.575834,64,256,0.21375014951526317,512,,3,mse,0.00011800558154595055,4,0.0005543960122907813,1.126348853111267,0.0249519944190979,1.472827434539795,0.4822563446509432,COMPLETE
5,-0.14556867306429017,2025-12-21 23:24:33.226673,2025-12-21 23:24:36.529892,0 days 00:00:03.303219,64,256,0.1242713337783698,1536,,1,mse,0.0013852248750408948,8,4.1918037146860975e-07,1.5865178108215332,-0.44064950942993164,1.7902679443359375,-0.14556867306429017,PRUNED
6,0.6060794556233198,2025-12-21 23:24:36.530066,2025-12-21 23:25:14.862370,0 days 00:00:38.332304,64,128,0.13108986038316278,512,2.555735590553575,2,huber,0.0003842759110594669,4,0.00014252183604155776,1.097813606262207,0.014087438583374023,1.4810101985931396,0.3967482596353172,COMPLETE
7,0.7128769714694695,2025-12-21 23:25:14.862603,2025-12-21 23:26:24.366444,0 days 00:01:09.503841,32,128,0.3376757948965395,1024,0.6848876672612122,4,huber,1.7660019081435217e-05,4,2.759110173608607e-07,1.2020787000656128,0.010490357875823975,1.4837095737457275,0.6984096777658209,COMPLETE
8,-0.24245690252169433,2025-12-21 23:26:24.366666,2025-12-21 23:26:27.387135,0 days 00:00:03.020469,64,256,0.1776706016722266,1024,,2,mse,1.1680320686771937e-05,4,2.4788430869594297e-09,4.3397088050842285,-8.479247093200684,4.592252731323242,-0.24245690252169433,PRUNED
9,0.6072197837767945,2025-12-21 23:26:27.387295,2025-12-21 23:27:09.469957,0 days 00:00:42.082662,32,256,0.23874942254637432,256,,4,mse,3.033834603123269e-05,8,1.2464162089819812e-09,1.1792978048324585,0.0103224515914917,1.4838353395462036,0.5274034236315553,COMPLETE
10,0.07626316372499187,2025-12-21 23:27:09.470201,2025-12-21 23:27:12.534429,0 days 00:00:03.064228,16,384,0.0038790077936237677,1536,0.5932639972142589,4,huber,6.20402791377448e-05,8,9.3210663850949e-06,1.1552690267562866,-0.0375058650970459,1.519267201423645,0.07626316372499187,PRUNED
11,0.7440360251007918,2025-12-21 23:27:12.534584,2025-12-21 23:29:13.528027,0 days 00:02:00.993443,16,384,0.4553645717949406,1024,0.560766954941506,4,huber,1.0138009874879365e-05,4,2.5834720699567517e-07,1.0454286336898804,0.1846964955329895,1.3467857837677002,0.6743768487689665,COMPLETE
12,0.7480949322673627,2025-12-21 23:29:13.528277,2025-12-21 23:30:52.152535,0 days 00:01:38.624258,16,384,0.48914874683277654,256,0.5163156906721671,4,huber,3.9086006884862714e-05,4,6.985823194002448e-08,1.1969711780548096,0.06423032283782959,1.442857265472412,0.6258220065239125,COMPLETE
13,0.5317730289037107,2025-12-21 23:30:52.152809,2025-12-21 23:30:55.382654,0 days 00:00:03.229845,16,384,0.4949308445438341,256,1.084732974487668,4,huber,1.019970775070752e-05,4,5.456187302699707e-06,1.2904183864593506,-0.507259726524353,1.8311879634857178,0.5317730289037107,PRUNED
14,0.541394754279841,2025-12-21 23:30:55.382818,2025-12-21 23:30:58.928953,0 days 00:00:03.546135,16,384,0.4903534955058723,256,0.507616860606968,3,huber,9.329961484115758e-05,4,6.14914884365293e-08,2.0235435962677,-1.1276741027832031,2.17566180229187,0.541394754279841,PRUNED
15,0.6771929635131999,2025-12-21 23:30:58.929109,2025-12-21 23:31:45.442982,0 days 00:00:46.513873,16,384,0.4137050916227113,256,1.0250662921566398,1,huber,2.569268705284693e-05,4,0.00914418784699653,0.9403318166732788,0.2043929100036621,1.3304182291030884,0.6771929635131999,PRUNED
16,-0.2689521792702548,2025-12-21 23:31:45.443153,2025-12-21 23:31:48.607222,0 days 00:00:03.164069,16,384,0.4284248536442366,1024,4.17175368386912,4,huber,0.00025790009570668176,4,1.8553639052000513e-08,1.72711181640625,-0.6529433727264404,1.917643427848816,-0.2689521792702548,PRUNED
17,0.7378319788860902,2025-12-21 23:31:48.607396,2025-12-21 23:33:41.973653,0 days 00:01:53.366257,16,384,0.4401160803291702,256,1.0152887275351388,3,huber,5.893855560264939e-05,4,3.831803301747454e-06,1.0529184341430664,0.15092438459396362,1.374396562576294,0.5816764331389609,COMPLETE
18,0.5600564724088793,2025-12-21 23:33:41.973911,2025-12-21 23:33:44.994411,0 days 00:00:03.020500,16,384,0.4034190220728916,1024,0.785093147787095,4,huber,2.3425169917413236e-05,8,2.0505820553775156e-08,1.5052790641784668,-0.30374646186828613,1.703081488609314,0.5600564724088793,PRUNED
19,0.5642806445252292,2025-12-21 23:33:44.994574,2025-12-21 23:33:47.978926,0 days 00:00:02.984352,16,384,0.46295619197785803,256,1.476617338545323,3,huber,1.6632404288658838e-05,4,2.2157589448324116e-05,1.4478850364685059,-0.193628191947937,1.6295714378356934,0.5642806445252292,PRUNED
20,0.1979973257321626,2025-12-21 23:33:47.979087,2025-12-21 23:33:51.075969,0 days 00:00:03.096882,32,384,0.3719214672698636,1024,0.5135651280830038,4,huber,0.0001627358139169209,4,1.242144398262266e-10,1.400060772895813,-0.2147376537322998,1.6439177989959717,0.1979973257321626,PRUNED
21,0.49411575744708036,2025-12-21 23:33:51.076130,2025-12-21 23:33:54.131508,0 days 00:00:03.055378,16,384,0.44839342037396646,256,0.8908354305551869,3,huber,5.2509734461585525e-05,4,1.4902902262240056e-06,1.4337269067764282,-0.22958886623382568,1.653936505317688,0.49411575744708036,PRUNED
22,0.5338223142809696,2025-12-21 23:33:54.131670,2025-12-21 23:33:57.176510,0 days 00:00:03.044840,16,384,0.499785715140573,256,1.304852171722034,3,huber,9.2282625533359e-05,4,1.8793215345084918e-06,2.1043906211853027,-1.273935079574585,2.249199151992798,0.5338223142809696,PRUNED
23,-0.23939950095078386,2025-12-21 23:33:57.176671,2025-12-21 23:34:00.678694,0 days 00:00:03.502023,16,384,0.3929238087600231,256,0.8252020517007947,4,huber,4.055673580978811e-05,4,6.528557543564147e-08,1.3778916597366333,-0.2012704610824585,1.6347798109054565,-0.23939950095078386,PRUNED
24,0.7649585677428062,2025-12-21 23:34:00.678856,2025-12-21 23:35:46.589519,0 days 00:01:45.910663,16,384,0.4494454547369203,256,0.6522744545705911,2,huber,5.710060728225345e-05,4,2.724553632160596e-05,0.8384714722633362,0.32359790802001953,1.2267084121704102,0.6944532348681128,COMPLETE
25,0.6819129304788865,2025-12-21 23:35:46.589762,2025-12-21 23:36:33.149637,0 days 00:00:46.559875,16,128,0.32387174772543215,256,0.6917293954713555,2,huber,1.9385321362648242e-05,4,4.428405818237962e-05,1.0769866704940796,0.10093188285827637,1.4142792224884033,0.6819129304788865,PRUNED
26,0.5694600480513012,2025-12-21 23:36:33.149918,2025-12-21 23:36:37.099513,0 days 00:00:03.949595,16,384,0.4615288972426682,1024,0.5183442108880163,1,huber,3.426005999777143e-05,4,6.754023076611513e-08,1.396970272064209,-0.12163829803466797,1.579666018486023,0.5694600480513012,PRUNED
27,0.5598647650671358,2025-12-21 23:36:37.099677,2025-12-21 23:36:40.382596,0 days 00:00:03.282919,16,384,0.36240891290311483,512,2.224517208319962,2,huber,1.2983764957037386e-05,8,7.261731721117782e-07,1.41774582862854,-0.6731350421905518,1.9293203353881836,0.5598647650671358,PRUNED
28,0.7617953966040373,2025-12-21 23:36:40.382766,2025-12-21 23:38:03.226670,0 days 00:01:22.843904,16,384,0.020960932896516737,256,0.6382893858675309,2,huber,7.894540694195062e-05,4,0.007884337412959875,0.7492231130599976,0.32513993978500366,1.2253093719482422,0.6651947281592484,COMPLETE
29,0.559140904587104,2025-12-21 23:38:03.226912,2025-12-21 23:38:06.999579,0 days 00:00:03.772667,32,128,0.012012249212515536,256,,2,mse,0.00019569751894604845,4,0.008444049271540984,0.929861307144165,-0.03695976734161377,1.5188672542572021,0.559140904587104,PRUNED
30,0.677896992199258,2025-12-21 23:38:06.999745,2025-12-21 23:38:38.724286,0 days 00:00:31.724541,64,384,0.0833028885870852,256,0.7022945622248113,1,huber,7.899880263487579e-05,4,0.0018048369034203047,0.9394192695617676,0.13699114322662354,1.3856275081634521,0.677896992199258,PRUNED
31,0.45837555940788577,2025-12-21 23:38:38.724454,2025-12-21 23:38:41.846958,0 days 00:00:03.122504,16,384,0.28379085923221636,256,0.5826447728795451,2,huber,0.00011416923795236233,4,7.27869913480476e-05,1.3256322145462036,-0.12945985794067383,1.585164189338684,0.45837555940788577,PRUNED
32,0.18480918273980282,2025-12-21 23:38:41.847115,2025-12-21 23:38:45.264019,0 days 00:00:03.416904,16,384,0.07667026936270491,1024,0.7761842534904598,2,huber,4.116570898234455e-05,4,5.937047854050074e-10,0.9859423637390137,0.009903550148010254,1.4841493368148804,0.18480918273980282,PRUNED
33,-0.0990598108974995,2025-12-21 23:38:45.264175,2025-12-21 23:38:48.342178,0 days 00:00:03.078003,16,384,0.46733700586049715,256,0.6018656494000519,2,huber,0.0001595835904280023,4,1.203891081804757e-08,1.7075860500335693,-0.6225444078445435,1.899928092956543,-0.0990598108974995,PRUNED
34,0.7368800527753636,2025-12-21 23:38:48.342332,2025-12-21 23:39:48.036645,0 days 00:00:59.694313,16,384,0.2875163935651387,1536,0.9178927806955219,3,huber,6.892149179154843e-05,4,1.8198968174126422e-07,0.7468309998512268,0.24572968482971191,1.2953954935073853,0.7042964152769468,COMPLETE
35,0.06741157301483158,2025-12-21 23:39:48.036881,2025-12-21 23:39:51.206529,0 days 00:00:03.169648,16,384,0.3861601895176696,256,0.5183029386112628,2,huber,0.0004798304806916794,4,0.0002902052003719035,1.701656699180603,-0.6092529296875,1.8921302556991577,0.06741157301483158,PRUNED
36,0.5874871487731886,2025-12-21 23:39:51.206689,2025-12-21 23:39:54.555019,0 days 00:00:03.348330,16,256,0.3473343660335832,512,,1,mse,4.402936200016356e-05,4,0.0030358892942030603,0.9879311919212341,0.19727963209152222,1.3363524675369263,0.5874871487731886,PRUNED
37,-0.39950818429662555,2025-12-21 23:39:54.555179,2025-12-21 23:39:58.015166,0 days 00:00:03.459987,64,384,0.42028444088671074,1536,1.186215565556872,4,huber,0.00032360870227004596,8,1.4207690138478749e-05,1.3667935132980347,-0.19331789016723633,1.6293596029281616,-0.39950818429662555,PRUNED
38,0.5763780388490479,2025-12-21 23:39:58.015335,2025-12-21 23:40:01.572284,0 days 00:00:03.556949,32,128,0.20370994920058397,1024,0.6355698305399383,3,huber,0.00012602161695574407,4,1.486419153657178e-07,1.103035807609558,0.00994783639907837,1.4841161966323853,0.5763780388490479,PRUNED
39,-0.1516735603091244,2025-12-21 23:40:01.572450,2025-12-21 23:40:04.717904,0 days 00:00:03.145454,16,256,0.16211387741273553,512,,2,mse,0.0007791464533379901,4,5.192254323425009e-09,1.266610026359558,-0.11178183555603027,1.5727100372314453,-0.1516735603091244,PRUNED
40,0.2302504333310215,2025-12-21 23:40:04.718068,2025-12-21 23:40:07.982093,0 days 00:00:03.264025,64,384,0.4749706817375798,256,4.439583816443147,1,huber,1.3855897387436057e-05,8,0.0014860013815905751,4.573276996612549,-9.350013732910156,4.798542499542236,0.2302504333310215,PRUNED
41,0.5602680115445964,2025-12-21 23:40:07.982260,2025-12-21 23:40:11.451452,0 days 00:00:03.469192,16,384,0.4398175048027611,256,0.7221194903784017,3,huber,5.488009519795043e-05,4,2.5931016044157234e-06,1.4680979251861572,-0.26156318187713623,1.6753029823303223,0.5602680115445964,PRUNED
42,0.5778819498920363,2025-12-21 23:40:11.451622,2025-12-21 23:40:14.540165,0 days 00:00:03.088543,16,384,0.048161517076124385,256,0.9616216832446823,4,huber,3.3330766759689623e-05,4,6.019360586579998e-07,0.9417529702186584,0.06166088581085205,1.4448367357254028,0.5778819498920363,PRUNED
43,0.5752608477885423,2025-12-21 23:40:14.540327,2025-12-21 23:40:18.032899,0 days 00:00:03.492572,16,384,0.4469789127443956,256,0.6007548662434085,3,huber,2.3677839570191273e-05,4,4.70522178217861e-06,1.728690266609192,-0.5752308368682861,1.8720221519470215,0.5752608477885423,PRUNED
44,0.4402195520251708,2025-12-21 23:40:18.033058,2025-12-21 23:40:21.250410,0 days 00:00:03.217352,16,384,0.23497196655533648,256,1.874729209384478,4,huber,7.161420539073564e-05,4,0.00017671259300286332,1.3342058658599854,-0.1439344882965088,1.5952892303466797,0.4402195520251708,PRUNED
45,0.6916866996088132,2025-12-21 23:40:21.250659,2025-12-21 23:40:59.638904,0 days 00:00:38.388245,16,128,0.4303758782794523,1536,,2,mse,5.193882236244832e-05,4,3.396628267305319e-05,1.2442783117294312,-0.0012701749801635742,1.49250066280365,0.6916866996088132,PRUNED
46,0.49839611964635505,2025-12-21 23:40:59.639134,2025-12-21 23:41:02.837743,0 days 00:00:03.198609,16,256,0.13469586537171735,1024,0.620582567358241,3,huber,0.00010411548741298243,4,7.345015606889322e-06,1.1072744131088257,0.0018083453178405762,1.4902043342590332,0.49839611964635505,PRUNED
47,0.6222952524956299,2025-12-21 23:41:02.837906,2025-12-21 23:41:29.570049,0 days 00:00:26.732143,32,384,0.4787447131636576,256,0.8148403046228966,4,huber,2.7224129610352448e-05,4,0.0008203056472360624,1.5877186059951782,-0.41939258575439453,1.7770111560821533,0.6222952524956299,PRUNED
48,-0.2520514646276998,2025-12-21 23:41:29.570226,2025-12-21 23:41:33.364333,0 days 00:00:03.794107,16,384,0.40733170373964256,256,0.6750633868955231,3,huber,0.00276045240725596,8,3.467845217079913e-07,2.4385080337524414,-2.000502824783325,2.583662986755371,-0.2520514646276998,PRUNED
49,0.4920102819868966,2025-12-21 23:41:33.364506,2025-12-21 23:41:38.090591,0 days 00:00:04.726085,64,384,0.45364399592375604,1024,0.5598884870777334,4,huber,0.00014035040107052528,4,1.0333098378288932e-07,1.1347873210906982,0.004923343658447266,1.487877368927002,0.4920102819868966,PRUNED
50,0.6048036102110264,2025-12-21 23:41:38.090765,2025-12-21 23:42:04.973565,0 days 00:00:26.882800,16,384,0.29952156834837274,512,,2,mse,1.9851590136623617e-05,4,1.0083550238138184e-06,1.1818898916244507,0.05585956573486328,1.449296236038208,0.6048036102110264,PRUNED
51,0.008435123036717342,2025-12-21 23:42:04.973733,2025-12-21 23:42:09.101148,0 days 00:00:04.127415,16,384,0.2638063373441381,1536,0.9206975249696734,3,huber,7.275078042119808e-05,4,2.087432067963666e-07,1.1805791854858398,-0.05183422565460205,1.529721975326538,0.008435123036717342,PRUNED
52,0.2761412045856389,2025-12-21 23:42:09.101322,2025-12-21 23:42:12.787893,0 days 00:00:03.686571,16,384,0.37095144915248995,1536,1.1601829922718176,3,huber,6.391959342980358e-05,4,3.26898363867374e-08,1.3638362884521484,-0.16912603378295898,1.6127592325210571,0.2761412045856389,PRUNED
53,-0.296068852229984,2025-12-21 23:42:12.788062,2025-12-21 23:42:16.332371,0 days 00:00:03.544309,16,384,0.4824222034907322,1536,0.7424032954932944,3,huber,0.00022390545875245328,4,4.769285180479386e-07,1.6372621059417725,-0.5167555809020996,1.8369472026824951,-0.296068852229984,PRUNED
54,-0.16339415054744713,2025-12-21 23:42:16.332541,2025-12-21 23:42:20.570120,0 days 00:00:04.237579,16,384,0.4234426457276268,1536,0.8782793643460679,4,huber,8.457749078636577e-05,4,2.2833782018074555e-07,1.5035396814346313,-0.34390854835510254,1.7291144132614136,-0.16339415054744713,PRUNED
55,0.7429419711332551,2025-12-21 23:42:20.570290,2025-12-21 23:44:13.101993,0 days 00:01:52.531703,16,384,0.4996572485203351,1536,0.5579493015953384,3,huber,4.8157647078412615e-05,4,3.2708597966983183e-06,1.0797144174575806,0.17149513959884644,1.3576455116271973,0.6702584462204753,COMPLETE
56,0.5623404340148243,2025-12-21 23:44:13.102262,2025-12-21 23:44:16.800475,0 days 00:00:03.698213,16,256,0.49203498746554264,256,3.189426051321279,2,huber,5.0070441179342326e-05,4,3.842662743307376e-06,1.3888300657272339,-0.13572430610656738,1.5895541906356812,0.5623404340148243,PRUNED
57,0.7016224283895234,2025-12-21 23:44:16.800652,2025-12-21 23:45:02.861322,0 days 00:00:46.060670,16,384,0.4977119405619137,256,0.5354528042830814,4,huber,1.0183917714347326e-05,4,0.00010084136563088979,1.4522826671600342,-0.1829737424850464,1.6222822666168213,0.7016224283895234,PRUNED
58,0.6247940585362876,2025-12-21 23:45:02.861505,2025-12-21 23:45:18.869396,0 days 00:00:16.007891,32,128,0.46276778201022056,1024,0.6712387591318301,3,huber,3.403426837209452e-05,8,1.445538373368834e-05,1.1448081731796265,0.009441733360290527,1.4844954013824463,0.6247940585362876,PRUNED
59,0.7462109118398828,2025-12-21 23:45:18.869565,2025-12-21 23:47:07.746490,0 days 00:01:48.876925,16,384,0.43859822951498967,256,0.5823773067509943,2,huber,4.043236846298154e-05,4,1.5520927778559478e-06,1.02434504032135,0.18263506889343262,1.3484872579574585,0.673871138022643,COMPLETE
60,0.5689873902949335,2025-12-21 23:47:07.746745,2025-12-21 23:47:11.259668,0 days 00:00:03.512923,16,384,0.3950959282273413,1536,0.5761258611439907,2,huber,1.4703290504124472e-05,4,1.6487852556201187e-06,0.9973117113113403,0.20599615573883057,1.329077124595642,0.5689873902949335,PRUNED
61,0.5799543723622642,2025-12-21 23:47:11.259836,2025-12-21 23:47:14.364959,0 days 00:00:03.105123,16,384,0.4450826087261419,256,0.6413960072679213,2,huber,4.003503587068529e-05,4,1.0035025519405446e-06,1.2852532863616943,-0.040387868881225586,1.5213758945465088,0.5799543723622642,PRUNED
62,0.7437021899022384,2025-12-21 23:47:14.365119,2025-12-21 23:48:43.499355,0 days 00:01:29.134236,16,384,0.43539707822193763,256,0.542509697031245,2,huber,5.755156779606788e-05,4,2.7919732208898195e-06,0.9392171502113342,0.22075241804122925,1.31666898727417,0.666728386893197,COMPLETE
63,0.5689609479029689,2025-12-21 23:48:43.499605,2025-12-21 23:48:46.700249,0 days 00:00:03.200644,16,384,0.47981358051043743,256,0.5009210417841774,2,huber,2.7192542014055366e-05,4,3.787138504240595e-08,1.658452033996582,-0.47026240825653076,1.8085740804672241,0.5689609479029689,PRUNED
64,0.4453692078602828,2025-12-21 23:48:46.700420,2025-12-21 23:48:49.793906,0 days 00:00:03.093486,16,384,0.4195563284094721,256,0.5572717661952196,2,huber,4.5473774504767906e-05,4,8.8947999483925e-06,1.3555713891983032,-0.13312029838562012,1.587730884552002,0.4453692078602828,PRUNED
65,0.6025427856980505,2025-12-21 23:48:49.794065,2025-12-21 23:48:52.979509,0 days 00:00:03.185444,16,384,0.4681758837562509,256,0.5729873877547725,2,huber,0.00010201938432406025,4,2.626623738256904e-06,1.837007761001587,-0.8028897047042847,2.002734899520874,0.6025427856980505,PRUNED
66,0.6910752192946311,2025-12-21 23:48:52.979671,2025-12-21 23:49:18.247836,0 days 00:00:25.268165,16,384,0.43603733703486847,256,0.6439413426836368,2,huber,2.0074165658967953e-05,4,1.1375724975051143e-06,1.293860673904419,-0.05092978477478027,1.5290642976760864,0.6910752192946311,PRUNED
67,0.5936878896888945,2025-12-21 23:49:18.247995,2025-12-21 23:49:21.474478,0 days 00:00:03.226483,16,384,0.35188047422613533,1024,0.5542249842219651,1,huber,3.095280472666728e-05,4,3.778963964292077e-05,1.180812954902649,0.10730266571044922,1.409259557723999,0.5936878896888945,PRUNED
68,0.5740048341702223,2025-12-21 23:49:21.474634,2025-12-21 23:49:24.589106,0 days 00:00:03.114472,64,384,0.45501868773251214,256,,2,mse,3.742434161384009e-05,4,1.1002820656601229e-07,2.6760213375091553,-3.0689573287963867,3.0087108612060547,0.5740048341702223,PRUNED
69,0.7319485466739598,2025-12-21 23:49:24.589261,2025-12-21 23:50:42.885176,0 days 00:01:18.295915,16,384,0.38764082140889805,256,0.5006862682023019,2,huber,8.032292115076699e-05,4,6.648406411313301e-09,1.0475378036499023,0.14233165979385376,1.3813334703445435,0.6552226410895868,COMPLETE
70,0.6573876119316909,2025-12-21 23:50:42.885418,2025-12-21 23:51:02.443258,0 days 00:00:19.557840,32,128,0.32680349691937227,512,0.7454147069925959,2,huber,5.2782413338037216e-05,8,1.886164894949538e-05,1.1905673742294312,0.0022293925285339355,1.4898900985717773,0.6573876119316909,PRUNED
71,0.3823404613135888,2025-12-21 23:51:02.443430,2025-12-21 23:51:05.892346,0 days 00:00:03.448916,16,384,0.40857206040952393,256,0.6079695892872318,4,huber,6.322287399888483e-05,4,3.2468439803304113e-06,1.5666254758834839,-0.4145854711532593,1.7739993333816528,0.3823404613135888,PRUNED
72,0.39557487849188666,2025-12-21 23:51:05.892517,2025-12-21 23:51:09.107543,0 days 00:00:03.215026,16,384,0.4981019794026817,256,1.5320290623099755,2,huber,8.8311462589554e-05,4,5.843934379036459e-07,1.8835264444351196,-0.8854537010192871,2.048079490661621,0.39557487849188666,PRUNED
73,0.6025130380070902,2025-12-21 23:51:09.107708,2025-12-21 23:52:20.344359,0 days 00:01:11.236651,16,384,0.43327153507594535,256,0.6854510016079195,2,huber,6.033322616159033e-05,4,7.697178057394945e-06,0.904678225517273,0.13910126686096191,1.3839324712753296,0.6025130380070902,PRUNED
74,0.4826067063444746,2025-12-21 23:52:20.344527,2025-12-21 23:52:23.573298,0 days 00:00:03.228771,16,384,0.4823714533311767,256,0.5470460558749715,3,huber,4.594701222724763e-05,4,1.947516627895143e-06,1.4245039224624634,-0.20732784271240234,1.6388962268829346,0.4826067063444746,PRUNED
75,-0.010960371469339618,2025-12-21 23:52:23.573464,2025-12-21 23:52:26.888937,0 days 00:00:03.315473,16,384,0.4587166828416054,256,0.8329282181696972,4,huber,0.00012460343491247736,4,0.003875852475467008,1.8532519340515137,-0.8521392345428467,2.029904842376709,-0.010960371469339618,PRUNED
76,0.5432953012022986,2025-12-21 23:52:26.889108,2025-12-21 23:52:29.917050,0 days 00:00:03.027942,16,256,0.44603935954367213,1024,0.6302859656031359,2,huber,5.962193355243324e-05,4,3.875119575263488e-07,1.4227848052978516,-0.19236934185028076,1.6287119388580322,0.5432953012022986,PRUNED
77,0.5764441448289594,2025-12-21 23:52:29.917218,2025-12-21 23:52:33.228658,0 days 00:00:03.311440,16,384,0.16723463019181792,256,1.2993518201476089,3,huber,3.701297444255329e-05,4,5.3470192311426e-06,0.9905076622962952,0.09679889678955078,1.4175262451171875,0.5764441448289594,PRUNED
78,0.5902669052284704,2025-12-21 23:52:33.228828,2025-12-21 23:52:36.830386,0 days 00:00:03.601558,16,384,0.38040671591434144,1536,1.7788562297561072,2,huber,3.0376333154814447e-05,4,5.876332253424468e-05,1.4674243927001953,-0.2240811586380005,1.6502281427383423,0.5902669052284704,PRUNED
79,0.5667001233899929,2025-12-21 23:52:36.830552,2025-12-21 23:52:40.103309,0 days 00:00:03.272757,64,384,0.4034443440541647,256,,4,mse,1.6741197970609735e-05,4,0.00034715689482345713,3.3793370723724365,-5.031324863433838,3.6630702018737793,0.5667001233899929,PRUNED
80,0.570372310574081,2025-12-21 23:52:40.103484,2025-12-21 23:52:43.169232,0 days 00:00:03.065748,16,384,0.4676410667562689,256,0.7751252781734915,1,huber,2.280585841270578e-05,4,2.7373808571122394e-05,0.8849378824234009,0.24693775177001953,1.2943576574325562,0.570372310574081,PRUNED
81,0.24196441297135307,2025-12-21 23:52:43.169406,2025-12-21 23:52:47.260010,0 days 00:00:04.090604,16,384,0.10701532738861183,1536,1.0617390381822918,3,huber,7.043084116033034e-05,4,1.8691185202220732e-07,1.031057596206665,0.017416059970855713,1.4785079956054688,0.24196441297135307,PRUNED
82,0.5877879309817863,2025-12-21 23:52:47.260183,2025-12-21 23:52:50.842256,0 days 00:00:03.582073,16,384,0.19503756858291474,1536,0.5319282399188091,3,huber,4.613342349430298e-05,4,8.014046670244498e-08,1.226448655128479,-0.036528587341308594,1.5185514688491821,0.5877879309817863,PRUNED
83,0.33389138863639334,2025-12-21 23:52:50.842432,2025-12-21 23:52:54.263228,0 days 00:00:03.420796,16,384,0.029092420496360342,1536,1.0060367754306176,3,huber,9.21284967938653e-05,4,1.2728273917835779e-08,1.0204583406448364,0.01956498622894287,1.4768904447555542,0.33389138863639334,PRUNED
84,0.17175655700626175,2025-12-21 23:52:54.263402,2025-12-21 23:52:57.394555,0 days 00:00:03.131153,16,384,0.2276808456500845,1536,0.5924565955874472,3,huber,7.292496893530467e-05,4,6.871069569097074e-07,1.0470198392868042,0.009080588817596436,1.4847660064697266,0.17175655700626175,PRUNED
85,-0.35374631970283577,2025-12-21 23:52:57.394725,2025-12-21 23:53:01.201369,0 days 00:00:03.806644,16,384,0.26111044663118377,1024,0.671142858398044,4,huber,0.0001488533392207727,4,4.919319345698565e-08,1.4090710878372192,-0.2386399507522583,1.6600127220153809,-0.35374631970283577,PRUNED
86,0.37325088907574683,2025-12-21 23:53:01.201542,2025-12-21 23:53:04.341373,0 days 00:00:03.139831,16,384,0.4300441883412606,1536,0.734888983138538,3,huber,0.00010817171898779811,8,1.3215500766640555e-06,1.421304702758789,-0.2321469783782959,1.6556559801101685,0.37325088907574683,PRUNED
87,0.60311129712529,2025-12-21 23:53:04.341547,2025-12-21 23:53:07.747476,0 days 00:00:03.405929,16,128,0.4847739605283583,512,0.598500347233231,2,huber,5.59496612093311e-05,4,1.3296583026262656e-07,0.9269855618476868,-0.01826345920562744,1.5051125288009644,0.60311129712529,PRUNED
88,0.5890009757131637,2025-12-21 23:53:07.747644,2025-12-21 23:53:10.917674,0 days 00:00:03.170030,32,384,0.29845437116780527,256,0.5207427307769934,3,huber,6.702709106956496e-05,4,1.1850300684452595e-05,1.386814832687378,-0.15629851818084717,1.6038873195648193,0.5890009757131637,PRUNED
89,0.5897909421731071,2025-12-21 23:53:10.917841,2025-12-21 23:53:15.415468,0 days 00:00:04.497627,16,256,0.41528596728165956,256,1.3627078408593891,2,huber,4.032364815603273e-05,4,2.819230608917701e-07,1.294197678565979,-0.03401303291320801,1.5167075395584106,0.5897909421731071,PRUNED
90,0.32289796417709793,2025-12-21 23:53:15.415639,2025-12-21 23:53:18.819605,0 days 00:00:03.403966,16,384,0.4740398497639981,1536,,4,mse,7.878840333777097e-05,4,2.3300240107952295e-08,1.908941388130188,-0.9326654672622681,2.0735628604888916,0.32289796417709793,PRUNED
91,0.5489771101756988,2025-12-21 23:53:18.819772,2025-12-21 23:53:22.263843,0 days 00:00:03.444071,16,384,0.14113849677859552,1536,0.7086854149078486,4,huber,4.961519426681712e-05,4,3.869685732372252e-07,1.0475178956985474,0.018474459648132324,1.47771155834198,0.5489771101756988,PRUNED
92,-0.5130452047947607,2025-12-21 23:53:22.264010,2025-12-21 23:53:25.846807,0 days 00:00:03.582797,16,384,0.08246033716566983,1536,0.647295487544346,4,huber,3.5638942622443256e-05,4,2.0309237737666364e-06,1.3553082942962646,-0.20898377895355225,1.6400198936462402,-0.5130452047947607,PRUNED
93,0.7497971612500859,2025-12-21 23:53:25.846978,2025-12-21 23:55:31.267625,0 days 00:02:05.420647,16,384,0.0994679442446752,1536,0.8656919584009106,4,huber,1.2246591516002234e-05,4,7.744872785899317e-07,0.7406277060508728,0.20557963848114014,1.329425573348999,0.6777152007545012,COMPLETE
94,0.03349590002119653,2025-12-21 23:55:31.267893,2025-12-21 23:55:34.368904,0 days 00:00:03.101011,16,384,0.06985955122121187,1536,0.8891312094475219,4,huber,0.00018830100439465148,4,4.226679690371386e-06,1.2053452730178833,-0.06077253818511963,1.536207914352417,0.03349590002119653,PRUNED
95,0.5009643369659198,2025-12-21 23:55:34.369068,2025-12-21 23:55:38.237918,0 days 00:00:03.868850,16,384,0.002443260068433376,1024,0.8447540624268869,4,huber,1.2285077753909677e-05,4,8.205378256582195e-07,1.1350563764572144,0.08188807964324951,1.4291791915893555,0.5009643369659198,PRUNED
96,0.5767085687486058,2025-12-21 23:55:38.238084,2025-12-21 23:55:41.263136,0 days 00:00:03.025052,16,384,0.10084819757436152,1536,1.138718107901654,4,huber,1.556564685275181e-05,4,2.3928382068112203e-09,1.1286762952804565,0.05017244815826416,1.4536546468734741,0.5767085687486058,PRUNED
97,0.1430103716417121,2025-12-21 23:55:41.263305,2025-12-21 23:55:44.604692,0 days 00:00:03.341387,64,384,0.45014173524043616,256,0.5781859937829462,2,huber,1.1020596890061167e-05,4,4.244103028260378e-10,5.038951873779297,-11.472990036010742,5.267737865447998,0.1430103716417121,PRUNED
98,0.5309467041548159,2025-12-21 23:55:44.604871,2025-12-21 23:55:47.656991,0 days 00:00:03.052120,16,384,0.48917846375383367,256,0.7763870089039508,3,huber,1.2715669978426041e-05,8,2.7560613625448887e-06,0.9912371039390564,-0.15612804889678955,1.603769063949585,0.5309467041548159,PRUNED
99,0.6046647876532122,2025-12-21 23:55:47.657150,2025-12-21 23:55:51.394626,0 days 00:00:03.737476,16,384,0.020081710809668078,1536,0.9550050824305972,2,huber,2.8064607149606047e-05,4,0.0008948365459509448,0.915993332862854,0.11056482791900635,1.4066822528839111,0.6046647876532122,PRUNED
100,0.6310675160298963,2025-12-21 23:55:51.394787,2025-12-21 23:56:04.675432,0 days 00:00:13.280645,16,384,0.44156810482213665,256,0.5377384359166122,2,huber,2.0483239745754157e-05,4,1.71129890939381e-07,1.2628909349441528,-0.02347707748413086,1.5089606046676636,0.6310675160298963,PRUNED
101,0.07584008545355776,2025-12-21 23:56:04.675594,2025-12-21 23:56:08.116110,0 days 00:00:03.440516,16,384,0.1538574794072584,1536,0.6198915086573402,4,huber,4.253174169178507e-05,4,2.9128961616955487e-07,1.2969818115234375,-0.13069069385528564,1.58602774143219,0.07584008545355776,PRUNED
102,0.04856475814204072,2025-12-21 23:56:08.116275,2025-12-21 23:56:11.249746,0 days 00:00:03.133471,16,384,0.06226620528726803,1536,0.6571061791269962,4,huber,5.4173246782878405e-05,4,9.338029837712283e-08,0.9956794381141663,-0.006708502769470215,1.4965482950210571,0.04856475814204072,PRUNED
103,0.05050496865244553,2025-12-21 23:56:11.249909,2025-12-21 23:56:14.300360,0 days 00:00:03.050451,16,384,0.043754016628220954,1536,0.5736471662464498,4,huber,2.2998183250857535e-05,4,5.301939280068085e-07,0.988816499710083,-0.0007380247116088867,1.492103934288025,0.05050496865244553,PRUNED
104,0.5916485202086225,2025-12-21 23:56:14.300522,2025-12-21 23:56:17.920259,0 days 00:00:03.619737,16,128,0.1201014460219832,1024,0.7112207745487876,4,huber,3.220675160560242e-05,4,5.53724992455058e-08,0.8971172571182251,-0.0088273286819458,1.4981223344802856,0.5916485202086225,PRUNED
105,-0.08712107092546854,2025-12-21 23:56:17.920419,2025-12-21 23:56:21.292933,0 days 00:00:03.372514,32,384,0.4711769399517254,256,0.5266866864299092,4,huber,0.0001002663492233822,4,1.3879532231836847e-06,1.5698449611663818,-0.4264252185821533,1.7814079523086548,-0.08712107092546854,PRUNED
106,0.44234155398033254,2025-12-21 23:56:21.293094,2025-12-21 23:56:24.608457,0 days 00:00:03.315363,16,256,0.18697262000229778,512,0.6090155681298826,3,huber,6.11117821043421e-05,4,6.609438475288826e-06,0.9951698780059814,0.05686527490615845,1.4485241174697876,0.44234155398033254,PRUNED
107,-0.33258579553313966,2025-12-21 23:56:24.608619,2025-12-21 23:56:27.782379,0 days 00:00:03.173760,16,384,0.4617542195225887,1536,,2,mse,0.0009554329021024296,4,9.052361181844904e-07,1.8984211683273315,-0.9263293743133545,2.0701611042022705,-0.33258579553313966,PRUNED
108,0.548858119411858,2025-12-21 23:56:27.782540,2025-12-21 23:56:30.963653,0 days 00:00:03.181113,16,384,0.09300425123360795,256,2.362266590133711,4,huber,1.0914374937968284e-05,4,1.421179800286977e-07,1.8660516738891602,-1.3862972259521484,2.3040990829467773,0.548858119411858,PRUNED
109,-0.13513714943424315,2025-12-21 23:56:30.963822,2025-12-21 23:56:34.030941,0 days 00:00:03.067119,16,384,0.42477568784399145,256,0.5013439007731112,2,huber,0.0005231103350579605,4,0.006155814298058251,1.958956241607666,-1.0295953750610352,2.124925136566162,-0.13513714943424315,PRUNED
110,0.602899757989573,2025-12-21 23:56:34.031106,2025-12-21 23:56:50.108136,0 days 00:00:16.077030,16,384,0.22543995699011324,1536,3.059488367030473,4,huber,4.996212539983362e-05,4,1.9914655332054476e-06,1.0252820253372192,0.11078935861587524,1.40650475025177,0.602899757989573,PRUNED
111,0.5199863326854763,2025-12-21 23:56:50.108304,2025-12-21 23:56:53.814934,0 days 00:00:03.706630,16,384,0.21104362972526813,256,0.5009723748711845,2,huber,7.664419070510873e-05,4,1.4372828051393109e-09,1.2911633253097534,-0.08001720905303955,1.5500802993774414,0.5199863326854763,PRUNED
112,0.7290828524447929,2025-12-21 23:56:53.815102,2025-12-21 23:58:15.949603,0 days 00:01:22.134501,16,384,0.3970506544523027,256,0.5513741795868158,2,huber,5.726593279830322e-05,4,2.3142470971921896e-07,0.8317793011665344,0.24121826887130737,1.299263596534729,0.6854165474142001,COMPLETE
113,0.4011410020004415,2025-12-21 23:58:15.949845,2025-12-21 23:58:18.947576,0 days 00:00:02.997731,16,384,0.36005770923113223,256,0.5609733335308539,2,huber,7.985532125846524e-05,4,9.798336553294844e-09,1.5095678567886353,-0.325197696685791,1.7170352935791016,0.4011410020004415,PRUNED
114,0.5921211779649901,2025-12-21 23:58:18.947734,2025-12-21 23:58:22.350500,0 days 00:00:03.402766,16,384,0.38286728988401647,256,0.6225708510171708,2,huber,8.486402766277034e-05,4,0.0001469346956046644,1.3825020790100098,-0.17916536331176758,1.6196688413619995,0.5921211779649901,PRUNED
115,0.598378108963621,2025-12-21 23:58:22.350660,2025-12-21 23:58:25.533174,0 days 00:00:03.182514,16,384,0.33440789085921774,256,0.5276887177067606,2,huber,4.6693377640976136e-05,4,6.452195406305857e-09,1.0721526145935059,0.12199735641479492,1.3976125717163086,0.598378108963621,PRUNED
116,0.36186082873698194,2025-12-21 23:58:25.533351,2025-12-21 23:58:38.378887,0 days 00:00:12.845536,64,384,0.45253728080322764,1024,0.5872213334210171,2,huber,0.00011662149558574077,8,6.411502400837084e-07,1.3497611284255981,-0.15611910820007324,1.6037629842758179,0.36186082873698194,PRUNED
117,0.09537770781642463,2025-12-21 23:58:38.379051,2025-12-21 23:58:41.770696,0 days 00:00:03.391645,16,384,0.28174098227149147,256,0.7987424386166301,3,huber,6.723642156936011e-05,4,3.13198706481993e-06,1.4465676546096802,-0.27451133728027344,1.6838784217834473,0.09537770781642463,PRUNED
118,0.5923591594926718,2025-12-21 23:58:41.770854,2025-12-21 23:58:45.137935,0 days 00:00:03.367081,16,384,0.43914275756550397,256,1.002975240004198,2,huber,3.736202954810074e-05,4,4.65955830889673e-07,1.4917689561843872,-0.24996685981750488,1.6675856113433838,0.5923591594926718,PRUNED
119,0.5982888658907404,2025-12-21 23:58:45.138094,2025-12-21 23:58:48.082628,0 days 00:00:02.944534,16,384,0.2534166444817795,1536,0.6681055570436246,3,huber,4.206544509359914e-05,4,3.101486404241852e-08,1.2819441556930542,-0.08214938640594482,1.5516096353530884,0.5982888658907404,PRUNED
120,0.6329945053443189,2025-12-21 23:58:48.082790,2025-12-21 23:59:04.409190,0 days 00:00:16.326400,16,128,0.3127812665538212,256,0.7519311579675317,2,huber,1.7894156473772102e-05,4,1.095366886548579e-05,0.9661770462989807,0.16645044088363647,1.3617725372314453,0.6329945053443189,PRUNED
121,0.6323830250301367,2025-12-21 23:59:04.409367,2025-12-21 23:59:18.387215,0 days 00:00:13.977848,16,384,0.4159576820191013,256,0.5415985715147147,2,huber,5.527635628637077e-05,4,3.049221882969155e-07,1.3434425592422485,-0.12542855739593506,1.5823328495025635,0.6323830250301367,PRUNED
122,0.6408512010568098,2025-12-21 23:59:18.387389,2025-12-21 23:59:35.468718,0 days 00:00:17.081329,16,384,0.4907437923665464,256,0.5541177918692224,2,huber,5.928872300649074e-05,4,2.0634407460082907e-07,1.5749986171722412,-0.3947829008102417,1.7615386247634888,0.6408512010568098,PRUNED
123,0.593056577580739,2025-12-21 23:59:35.468893,2025-12-21 23:59:39.269765,0 days 00:00:03.800872,16,384,0.4046172909369721,256,0.5815573205490502,2,huber,6.724652183231041e-05,4,1.1041252297830441e-06,1.2490910291671753,-0.02585315704345703,1.5107113122940063,0.593056577580739,PRUNED
124,0.27213518220299726,2025-12-21 23:59:39.269932,2025-12-21 23:59:42.493150,0 days 00:00:03.223218,16,384,0.40022482030186574,256,0.5167057348891656,2,huber,9.261115073912851e-05,4,5.662375114618313e-06,1.696346402168274,-0.5930510759353638,1.8825812339782715,0.27213518220299726,PRUNED
125,0.5832629766568388,2025-12-21 23:59:42.493312,2025-12-21 23:59:56.552906,0 days 00:00:14.059594,16,384,0.43091907798095247,256,0.6316968394446277,2,huber,4.895210389020961e-05,4,1.8734574100240573e-05,1.4325662851333618,-0.23025071620941162,1.6543816328048706,0.5832629766568388,PRUNED
126,0.5061536563889786,2025-12-21 23:59:56.553075,2025-12-21 23:59:59.713240,0 days 00:00:03.160165,32,384,0.3900832497553952,1536,0.6900420725484523,4,huber,0.0002966117176888573,4,9.756659470657093e-08,1.6136789321899414,-0.47633254528045654,1.8123036623001099,0.5061536563889786,PRUNED
127,0.5791214370153784,2025-12-21 23:59:59.713410,2025-12-22 00:00:12.942331,0 days 00:00:13.228921,16,256,0.37549895855115467,512,,2,mse,6.169836087637906e-05,4,1.554045275557761e-06,1.2756308317184448,-0.0526280403137207,1.530299186706543,0.5791214370153784,PRUNED
128,0.5632262541456394,2025-12-22 00:00:12.942508,2025-12-22 00:00:16.713498,0 days 00:00:03.770990,16,384,0.46034736369247065,256,0.5550999476391053,1,huber,4.3667278367919834e-05,4,3.7183053668421564e-07,1.5014331340789795,-0.248748779296875,1.6667728424072266,0.5632262541456394,PRUNED
129,0.4982870447795008,2025-12-22 00:00:16.713663,2025-12-22 00:00:20.096104,0 days 00:00:03.382441,16,384,0.4456750926675077,1024,0.9205205041901205,4,huber,7.236195546818587e-05,4,2.477258548023082e-07,1.4390385150909424,-0.2478855848312378,1.6661967039108276,0.4982870447795008,PRUNED
130,0.6395125549636004,2025-12-22 00:00:20.096266,2025-12-22 00:00:39.406086,0 days 00:00:19.309820,16,384,0.471475206878718,256,0.6002555043447549,3,huber,2.5351778108651545e-05,4,6.819958290157629e-08,1.4480271339416504,-0.22810840606689453,1.6529405117034912,0.6395125549636004,PRUNED
131,-0.05889712280222035,2025-12-22 00:00:39.406257,2025-12-22 00:00:43.197073,0 days 00:00:03.790816,32,128,0.3476008782091572,1024,0.6321856612061664,4,huber,1.393636581885793e-05,4,1.8576703600556508e-07,3.868454933166504,-6.741098880767822,4.149924278259277,-0.05889712280222035,PRUNED
132,0.2922710636840639,2025-12-22 00:00:43.197238,2025-12-22 00:00:46.492714,0 days 00:00:03.295476,32,128,0.28900672091821117,1024,0.5713201383332631,4,huber,1.2314986486883291e-05,4,7.935445623124233e-07,4.244406700134277,-8.07232666015625,4.492604732513428,0.2922710636840639,PRUNED
133,0.26176315395487065,2025-12-22 00:00:46.492872,2025-12-22 00:00:49.633956,0 days 00:00:03.141084,32,128,0.34072152009613044,1024,0.8599298866731976,4,huber,1.0381420798801053e-05,4,4.891373197085347e-07,4.529050350189209,-9.189051628112793,4.761083126068115,0.26176315395487065,PRUNED
134,0.5337363765070845,2025-12-22 00:00:49.634122,2025-12-22 00:00:53.504129,0 days 00:00:03.870007,16,128,0.3587059799032422,1024,1.088841986883827,4,huber,1.5800608637835787e-05,4,1.2033581614648428e-07,2.024684190750122,-1.7244093418121338,2.4619264602661133,0.5337363765070845,PRUNED
135,0.48100694163061447,2025-12-22 00:00:53.504291,2025-12-22 00:00:56.576278,0 days 00:00:03.071987,32,384,0.4209515624792088,1536,0.5414879615672967,4,huber,3.4441046679397263e-05,8,3.7604220888549075e-06,1.8258461952209473,-0.7727954387664795,1.9859493970870972,0.48100694163061447,PRUNED
136,0.7098360963935371,2025-12-22 00:00:56.576453,2025-12-22 00:01:38.364396,0 days 00:00:41.787943,64,384,0.3683266521022887,256,0.5007561842934554,2,huber,3.9486247866037795e-05,4,3.8302102496607117e-10,1.2294261455535889,0.0030287504196166992,1.489293098449707,0.7098360963935371,PRUNED
137,0.5841587126846406,2025-12-22 00:01:38.364558,2025-12-22 00:01:41.380438,0 days 00:00:03.015880,16,384,0.32031245235587347,1536,0.6551547098354381,2,huber,1.3973072065350125e-05,4,3.1042821472343603e-09,1.1296435594558716,0.14528846740722656,1.3789504766464233,0.5841587126846406,PRUNED
138,0.5808798560810262,2025-12-22 00:01:41.380611,2025-12-22 00:01:44.419741,0 days 00:00:03.039130,16,128,0.4819076974802637,256,0.7159317195027436,4,huber,5.558166546091235e-05,4,2.217836134302181e-06,0.9297306537628174,0.03430736064910889,1.4657447338104248,0.5808798560810262,PRUNED
139,0.5335975539492702,2025-12-22 00:01:44.419908,2025-12-22 00:01:48.554249,0 days 00:00:04.134341,32,384,0.03922172475711076,1024,0.6044107309663899,2,huber,2.8414087891712184e-05,4,1.1548647899242563e-06,0.9486179947853088,0.15567463636398315,1.370546579360962,0.5335975539492702,PRUNED
140,0.3680979279416393,2025-12-22 00:01:48.554419,2025-12-22 00:01:51.844865,0 days 00:00:03.290446,16,384,0.43393100815335656,256,0.6842907778047757,3,huber,5.0994905074045766e-05,4,3.1751773276170653e-07,1.400425672531128,-0.1932687759399414,1.6293261051177979,0.3680979279416393,PRUNED
141,0.04607392883170301,2025-12-22 00:01:51.845026,2025-12-22 00:01:54.880508,0 days 00:00:03.035482,16,256,0.26382334256559953,512,,3,mse,0.0028091780852300195,8,0.00031697511602011603,1.6362650394439697,-0.5108212232589722,1.8333500623703003,0.04607392883170301,PRUNED
142,0.15133311451257975,2025-12-22 00:01:54.880683,2025-12-22 00:01:58.393350,0 days 00:00:03.512667,16,256,0.30883486563885987,512,,3,mse,0.00013546351392413963,8,0.0007068404694529008,1.5885035991668701,-0.44562220573425293,1.7933549880981445,0.15133311451257975,PRUNED
143,-0.2132999432169809,2025-12-22 00:01:58.393520,2025-12-22 00:02:01.385969,0 days 00:00:02.992449,16,256,0.2807810683686649,512,,3,mse,0.0020087777121598352,8,0.001695351386893442,1.7037864923477173,-0.6136128902435303,1.8946917057037354,-0.2132999432169809,PRUNED
144,0.04339527051295533,2025-12-22 00:02:01.386139,2025-12-22 00:02:04.554209,0 days 00:00:03.168070,16,256,0.27639109262402833,512,,4,mse,8.472392209704121e-05,8,0.009823964735485753,1.2014440298080444,-0.0673673152923584,1.54097580909729,0.04339527051295533,PRUNED
145,0.3683458253663078,2025-12-22 00:02:04.554373,2025-12-22 00:02:07.654004,0 days 00:00:03.099631,16,256,0.2949662305290652,1536,,3,mse,6.716827115505688e-05,8,4.786926485153931e-05,1.071408748626709,0.005192697048187256,1.4876760244369507,0.3683458253663078,PRUNED
146,-0.24312787821779683,2025-12-22 00:02:07.654165,2025-12-22 00:02:10.989626,0 days 00:00:03.335461,16,384,0.24146804636466745,256,1.9581724110887775,2,huber,0.001260869592163332,4,1.0461708998180607e-10,1.2847644090652466,-0.11639416217803955,1.5759689807891846,-0.24312787821779683,PRUNED
147,0.6787266222471484,2025-12-22 00:02:10.989784,2025-12-22 00:02:30.336805,0 days 00:00:19.347021,16,384,0.4981389318006552,512,0.5311477608222467,3,huber,1.8125295933210168e-05,4,0.00021467778904811713,1.5807658433914185,-0.37413036823272705,1.7484484910964966,0.6787266222471484,PRUNED
148,0.33750408043856106,2025-12-22 00:02:30.336967,2025-12-22 00:02:34.058570,0 days 00:00:03.721603,16,384,0.053874918206271626,1536,1.2253502462643726,4,huber,5.9834342286626665e-05,4,7.015083542270057e-07,1.0672107934951782,0.010920524597167969,1.4833869934082031,0.33750408043856106,PRUNED
149,0.5453280600845797,2025-12-22 00:02:34.058730,2025-12-22 00:02:37.446139,0 days 00:00:03.387409,16,384,0.32768775398503175,256,0.565917230926528,2,huber,1.1819222696560094e-05,4,0.0025066660382077116,1.392625331878662,-0.676388144493103,1.9311951398849487,0.5453280600845797,PRUNED
150,-0.32940609789939274,2025-12-22 00:02:37.446299,2025-12-22 00:02:40.457442,0 days 00:00:03.011143,16,384,0.39574366670207495,1024,,3,mse,0.0006457942260135544,4,0.001190007983676333,1.4722696542739868,-0.29448866844177246,1.6970241069793701,-0.32940609789939274,PRUNED
151,0.5623139916228597,2025-12-22 00:02:40.457604,2025-12-22 00:02:43.672010,0 days 00:00:03.214406,64,256,0.21357115495164253,512,,3,mse,0.00010531195832130174,4,0.004680623324767382,0.9435775876045227,-0.08793509006500244,1.555751919746399,0.5623139916228597,PRUNED
152,0.5164463574612113,2025-12-22 00:02:43.672177,2025-12-22 00:02:47.475047,0 days 00:00:03.802870,64,256,0.27127080054607056,512,,3,mse,7.741422580484473e-05,4,0.00010799424110060894,1.025797963142395,-0.21431446075439453,1.6436314582824707,0.5164463574612113,PRUNED
153,0.5626279950274398,2025-12-22 00:02:47.475206,2025-12-22 00:02:50.573894,0 days 00:00:03.098688,64,256,0.1974447746054154,512,,3,mse,0.00023471285561960865,4,7.195904089293354e-05,1.750380516052246,-0.664753794670105,1.9244821071624756,0.5626279950274398,PRUNED
154,0.6701791190445814,2025-12-22 00:02:50.574051,2025-12-22 00:03:13.957767,0 days 00:00:23.383716,64,256,0.1735732185084628,512,,3,mse,4.539717356730693e-05,4,0.00039641041789288055,1.1129077672958374,0.05454146862030029,1.4503076076507568,0.6701791190445814,PRUNED
155,0.4904006013760496,2025-12-22 00:03:13.957933,2025-12-22 00:03:17.133951,0 days 00:00:03.176018,64,384,0.45516784655416775,256,0.598142457417344,4,huber,0.0001250013351407238,4,1.3073194783569946e-07,2.187537908554077,-1.4363822937011719,2.328153371810913,0.4904006013760496,PRUNED
156,0.5546192555611521,2025-12-22 00:03:17.134118,2025-12-22 00:03:21.306673,0 days 00:00:04.172555,16,256,0.1507366135073951,1536,0.9529349223355236,2,huber,9.299166375676788e-05,4,2.6793918186451115e-05,1.3049473762512207,-0.10363519191741943,1.5669373273849487,0.5546192555611521,PRUNED
157,0.2225920555582652,2025-12-22 00:03:21.306837,2025-12-22 00:03:24.444760,0 days 00:00:03.137923,16,384,0.24661170018131745,256,0.8179917156081769,2,huber,0.00016554993143898638,4,0.0005700186624714019,1.0842998027801514,-0.0019606351852416992,1.4930150508880615,0.2225920555582652,PRUNED
158,0.05191302602456214,2025-12-22 00:03:24.444932,2025-12-22 00:03:27.542605,0 days 00:00:03.097673,16,384,0.40967811359523354,256,0.7647974004106003,4,huber,5.378588138450283e-05,4,2.3272043574322128e-07,1.6194175481796265,-0.49153268337249756,1.821609377861023,0.05191302602456214,PRUNED
159,0.27359942965803874,2025-12-22 00:03:27.542770,2025-12-22 00:03:32.358711,0 days 00:00:04.815941,32,384,0.4669237213454834,1536,,3,mse,7.336299732268852e-05,8,4.341355702281627e-08,1.930843710899353,-0.9633702039718628,2.0899696350097656,0.27359942965803874,PRUNED
160,0.5220587551557043,2025-12-22 00:03:32.358877,2025-12-22 00:03:36.175058,0 days 00:00:03.816181,16,128,0.4788715806226164,256,0.5218829040070385,2,huber,4.0580447870785666e-05,4,4.2114394385637724e-07,1.4905744791030884,-0.8284357786178589,2.016873836517334,0.5220587551557043,PRUNED
161,0.6743239639850374,2025-12-22 00:03:36.175234,2025-12-22 00:03:55.174814,0 days 00:00:18.999580,32,256,0.23316934081581725,256,,4,mse,3.18798103939209e-05,8,1.2679325326912924e-09,1.190895438194275,0.01842743158340454,1.4777469635009766,0.6743239639850374,PRUNED
162,0.5656490383093987,2025-12-22 00:03:55.174982,2025-12-22 00:03:58.975769,0 days 00:00:03.800787,32,256,0.12082846115259445,256,,4,mse,3.641120116171664e-05,8,2.1174284880496264e-10,0.8915978074073792,0.017105162143707275,1.4787418842315674,0.5656490383093987,PRUNED
163,0.49225487411256935,2025-12-22 00:03:58.975944,2025-12-22 00:04:02.328411,0 days 00:00:03.352467,32,256,0.21162419962134635,256,,4,mse,1.005640569819144e-05,8,7.388549658608032e-10,3.617948055267334,-5.795370578765869,3.888171672821045,0.49225487411256935,PRUNED
164,0.5526426867617958,2025-12-22 00:04:02.328578,2025-12-22 00:04:06.169245,0 days 00:00:03.840667,32,256,0.1832542642610645,256,,4,mse,4.737777965637253e-05,8,1.8705715859806954e-09,0.888336181640625,0.03176480531692505,1.4676729440689087,0.5526426867617958,PRUNED
165,0.5201714294292288,2025-12-22 00:04:06.169418,2025-12-22 00:04:10.233599,0 days 00:00:04.064181,16,384,0.2511540094631686,1024,0.6638818835125382,4,huber,6.335089379873867e-05,4,1.456249500485208e-08,1.0358809232711792,0.05540961027145386,1.4496415853500366,0.5201714294292288,PRUNED
166,0.3035289120630056,2025-12-22 00:04:10.233763,2025-12-22 00:04:13.316236,0 days 00:00:03.082473,16,384,0.44129360032512516,256,0.6436310801520513,4,huber,5.678476936633332e-05,4,6.4007163467766925e-09,1.6446750164031982,-0.5190457105636597,1.8383334875106812,0.3035289120630056,PRUNED
167,0.7633554977299505,2025-12-22 00:04:13.316413,2025-12-22 00:06:24.204065,0 days 00:02:10.887652,16,384,0.30766009335482464,1536,0.5506893654995213,2,huber,4.721424173405933e-05,4,7.129525970746289e-06,0.900930643081665,0.23851770162582397,1.3015737533569336,0.6527502774408939,COMPLETE
168,0.745596126226705,2025-12-22 00:06:24.204326,2025-12-22 00:08:10.683035,0 days 00:01:46.478709,16,384,0.3033890378705349,1536,0.5487783480953706,2,huber,8.291685981443865e-05,4,6.700948212067799e-06,0.7502199411392212,0.31345152854919434,1.2358747720718384,0.7087850113129428,COMPLETE
169,0.474644241064125,2025-12-22 00:08:10.683284,2025-12-22 00:08:14.115545,0 days 00:00:03.432261,16,384,0.28837331619872364,1536,0.552142013503902,2,huber,5.131158082613889e-05,4,8.225677301927945e-06,1.1777141094207764,0.007531106472015381,1.4859265089035034,0.474644241064125,PRUNED
170,0.42904103082212297,2025-12-22 00:08:14.115710,2025-12-22 00:08:17.399255,0 days 00:00:03.283545,16,384,0.30641610497947136,1536,0.5827431569571231,2,huber,6.86252230871518e-05,4,5.254094575743869e-06,1.437746524810791,-0.23107600212097168,1.6549363136291504,0.42904103082212297,PRUNED
171,0.5824002936189926,2025-12-22 00:08:17.399422,2025-12-22 00:08:20.478163,0 days 00:00:03.078741,16,384,0.30036802761981907,1536,0.5166043844396008,2,huber,8.339145999719104e-05,4,3.78980127212079e-06,1.3251475095748901,-0.12425994873046875,1.5815110206604004,0.5824002936189926,PRUNED
172,0.5559248486644057,2025-12-22 00:08:20.478332,2025-12-22 00:08:23.760513,0 days 00:00:03.282181,16,384,0.3356352775467104,1536,0.5455191251583726,2,huber,4.384683954769876e-05,4,1.4772929906330383e-05,0.9690406918525696,0.08207964897155762,1.429030179977417,0.5559248486644057,PRUNED
173,0.39594176668039593,2025-12-22 00:08:23.760680,2025-12-22 00:08:27.090121,0 days 00:00:03.329441,16,384,0.3124474854190426,1536,0.6164923758754621,2,huber,0.0001007426298910948,4,2.7266400016331944e-06,1.1026934385299683,0.01745373010635376,1.4784797430038452,0.39594176668039593,PRUNED
174,-0.118309872247751,2025-12-22 00:08:27.090285,2025-12-22 00:08:30.812882,0 days 00:00:03.722597,16,384,0.2714304960320821,1536,0.5757171132726803,2,huber,0.00037255974801977964,4,1.7437297336446695e-06,1.2620038986206055,-0.10075139999389648,1.564888834953308,-0.118309872247751,PRUNED
175,0.0768217592552447,2025-12-22 00:08:30.813055,2025-12-22 00:08:34.055670,0 days 00:00:03.242615,16,384,0.016290180461893677,1536,4.880111977734008,2,huber,6.317151124004698e-05,4,7.15467212850325e-06,1.0780971050262451,0.003537416458129883,1.4889131784439087,0.0768217592552447,PRUNED
176,0.6971470535495097,2025-12-22 00:08:34.055838,2025-12-22 00:09:10.283167,0 days 00:00:36.227329,16,384,0.3234722180574182,1536,0.5008311494264205,2,huber,7.433760479071153e-05,4,1.2302735142206905e-05,0.8384597897529602,0.2752106785774231,1.2698276042938232,0.6971470535495097,PRUNED
177,0.15852544512695943,2025-12-22 00:09:10.283384,2025-12-22 00:09:13.320779,0 days 00:00:03.037395,16,384,0.42304122895775703,1536,0.6113122334829778,2,huber,0.00011690704255653972,4,4.908315033752748e-06,1.2994415760040283,-0.1215047836303711,1.579572081565857,0.15852544512695943,PRUNED
178,0.6008537779113097,2025-12-22 00:09:13.320935,2025-12-22 00:09:16.721032,0 days 00:00:03.400097,16,384,0.30087673364628925,512,0.5473283368798687,2,huber,9.035449444707722e-05,4,1.5281443650557233e-06,1.4618185758590698,-0.25065767765045166,1.668046236038208,0.6008537779113097,PRUNED
179,0.5560835030161935,2025-12-22 00:09:16.721191,2025-12-22 00:09:19.898671,0 days 00:00:03.177480,16,384,0.45604096014836637,1536,0.5825235703490971,2,huber,5.6989798876154146e-05,4,2.69153922712948e-06,1.3070484399795532,-0.08338475227355957,1.5524951219558716,0.5560835030161935,PRUNED
180,0.6224109379604752,2025-12-22 00:09:19.898831,2025-12-22 00:09:33.405036,0 days 00:00:13.506205,16,128,0.48725169832834736,1536,0.5272291289410579,3,huber,5.041088359144912e-05,4,0.0029938890206834276,1.4440712928771973,-0.24891877174377441,1.666886329650879,0.6224109379604752,PRUNED
181,0.5754062809443476,2025-12-22 00:09:33.405238,2025-12-22 00:09:36.889628,0 days 00:00:03.484390,32,384,0.22173370913235807,256,0.6983344664803086,4,huber,3.754734052222018e-05,8,1.7120716474356254e-07,1.1981017589569092,0.05422157049179077,1.4505529403686523,0.5754062809443476,PRUNED
182,0.5655531846385271,2025-12-22 00:09:36.889797,2025-12-22 00:09:40.335435,0 days 00:00:03.445638,16,256,0.26340256434854575,256,,2,mse,4.365279923819188e-05,4,9.801828718273854e-06,1.0764435529708862,0.11813312768936157,1.4006847143173218,0.5655531846385271,PRUNED
183,0.5187832038510857,2025-12-22 00:09:40.335604,2025-12-22 00:09:43.433777,0 days 00:00:03.098173,64,384,0.2898526638074877,1024,0.6288353851918629,3,huber,4.820356252920555e-05,4,9.510286509581524e-07,1.074784278869629,0.08444839715957642,1.42718505859375,0.5187832038510857,PRUNED
184,0.5786851375479619,2025-12-22 00:09:43.433941,2025-12-22 00:09:46.741067,0 days 00:00:03.307126,16,384,0.432366283326732,256,1.6186461797333864,4,huber,3.06836049240014e-05,4,0.006425647496585315,1.7734296321868896,-0.655239462852478,1.9189748764038086,0.5786851375479619,PRUNED
185,0.7312610444828794,2025-12-22 00:09:46.741233,2025-12-22 00:11:04.652934,0 days 00:01:17.911701,16,384,0.2381289907929762,256,0.5591522846823839,3,huber,4.083004310793011e-05,4,8.421753372101232e-08,0.7363909482955933,0.23387259244918823,1.305537462234497,0.6914949922670697,COMPLETE
186,-0.13829040467602544,2025-12-22 00:11:04.653193,2025-12-22 00:11:07.889325,0 days 00:00:03.236132,16,384,0.4495030267590592,256,0.5595785982062456,3,huber,6.48739160785946e-05,4,8.305157455205006e-08,1.8732129335403442,-0.8884538412094116,2.049708366394043,-0.13829040467602544,PRUNED
187,-0.22308785040760198,2025-12-22 00:11:07.889488,2025-12-22 00:11:10.986273,0 days 00:00:03.096785,16,384,0.23421484856949037,512,0.5243050580460157,3,huber,5.823685063594908e-05,4,2.300602896501387e-07,1.2898613214492798,-0.12295615673065186,1.5805938243865967,-0.22308785040760198,PRUNED
188,0.4145770424174698,2025-12-22 00:11:10.986442,2025-12-22 00:11:14.361603,0 days 00:00:03.375161,16,384,0.2567071107352874,256,0.5930037189059867,3,huber,8.083630885365971e-05,4,5.379346903462833e-07,1.3575576543807983,-0.15525281429290771,1.6031619310379028,0.4145770424174698,PRUNED
189,0.5589591131423471,2025-12-22 00:11:14.361770,2025-12-22 00:11:17.594345,0 days 00:00:03.232575,16,384,0.31733949002456174,1024,0.556827959349708,3,huber,3.878666065040311e-05,4,5.8343649396434984e-08,1.3335509300231934,-0.09668171405792236,1.5619933605194092,0.5589591131423471,PRUNED
190,0.5834447681015956,2025-12-22 00:11:17.594504,2025-12-22 00:11:20.660495,0 days 00:00:03.065991,16,384,0.3526387012796474,1536,0.6417525198065313,3,huber,1.1430011410317099e-05,4,3.185588371262166e-06,1.1577929258346558,0.1104390025138855,1.406781792640686,0.5834447681015956,PRUNED
191,0.5887729100824688,2025-12-22 00:11:20.660711,2025-12-22 00:11:24.045040,0 days 00:00:03.384329,16,384,0.2197677229951148,256,0.5010448451076848,2,huber,2.1106896055828804e-05,4,3.584299588745783e-07,0.989376962184906,0.18042010068893433,1.3503131866455078,0.5887729100824688,PRUNED
192,0.6043177312586764,2025-12-22 00:11:24.045202,2025-12-22 00:11:27.044975,0 days 00:00:02.999773,16,256,0.20232584988660424,256,,4,mse,4.2064830943077396e-05,4,2.092537065672056e-08,1.3810491561889648,-0.15383410453796387,1.6021771430969238,0.6043177312586764,PRUNED
193,0.5799576776612598,2025-12-22 00:11:27.045160,2025-12-22 00:11:30.300280,0 days 00:00:03.255120,32,384,0.23836987221531367,256,0.6046079875505379,2,huber,3.46986481131531e-05,8,1.1387161736929503e-07,0.8638775944709778,0.08575999736785889,1.4261623620986938,0.5799576776612598,PRUNED
194,0.45558258175662164,2025-12-22 00:11:30.300446,2025-12-22 00:11:33.650426,0 days 00:00:03.349980,16,384,0.49878215620164074,256,0.723484173168427,3,huber,5.3044611694050896e-05,4,1.5805235979459745e-07,1.5033900737762451,-0.3271719217300415,1.7183136940002441,0.45558258175662164,PRUNED
195,0.5263358120559835,2025-12-22 00:11:33.650586,2025-12-22 00:11:36.692184,0 days 00:00:03.041598,16,128,0.2438527314774595,256,0.8985418664341681,2,huber,2.6311253015799704e-05,4,5.480916732302355e-06,2.540364980697632,-2.7472050189971924,2.8873045444488525,0.5263358120559835,PRUNED
196,0.5674008467770556,2025-12-22 00:11:36.692353,2025-12-22 00:11:39.791021,0 days 00:00:03.098668,16,384,0.03207105001741473,256,0.5319471894304406,3,huber,1.3360723634167091e-05,4,4.1798589732752685e-06,1.087646484375,-0.2569847106933594,1.6722601652145386,0.5674008467770556,PRUNED
197,0.555584402867861,2025-12-22 00:11:39.791191,2025-12-22 00:11:42.937829,0 days 00:00:03.146638,64,256,0.2704208094559261,1536,,4,mse,4.587887742560365e-05,4,2.1381802038828963e-06,1.1967655420303345,-0.4637347459793091,1.8045547008514404,0.555584402867861,PRUNED
198,0.715220428457335,2025-12-22 00:11:42.937988,2025-12-22 00:12:19.527255,0 days 00:00:36.589267,16,384,0.4158874527268454,512,1.0472035051076547,2,huber,3.3666012699771145e-05,4,0.00022308788475135086,1.0183662176132202,0.2344239354133606,1.3050676584243774,0.715220428457335,PRUNED
199,0.4959799460805868,2025-12-22 00:12:19.527433,2025-12-22 00:12:22.621017,0 days 00:00:03.093584,16,384,0.07191449434220838,256,0.573693838047681,3,huber,7.013311008096174e-05,8,2.6774163322862333e-07,1.1821070909500122,-0.010721921920776367,1.4995285272598267,0.4959799460805868,PRUNED
